:020000022000DC
:10700000000004200D9403004D9403004F940300EE
:1070100051940300539403005594030000000000B2
:10702000000000000000000000000000FD920300CE
:1070300059940300000000001D9303005D940300B9
:10704000659603005F9403005F9403005F94030060
:107050005F9403005F9403005F9403005F94030058
:107060005F9403005F9403005F9403005F94030048
:107070005F9403005F9403005F9403005F94030038
:107080005F9403004D9003005F9403005F9403003E
:107090005F9403005F94030085A702005F940300E0
:1070A0005F9403005F9403005F9403005F94030008
:1070B0005F9403005F9403000000000000000000E4
:1070C0005F9403005F9403005F940300B99B030087
:1070D0005F9403005F9403005F94030031C20200D9
:1070E0005F940300999B03005F940300000000007D
:1070F000000000005F94030000000000319C0300CA
:10710000000000000000000000000000000000007F
:10711000000000000000000000000000000000006F
:10712000000000000000000000000000000000005F
:10713000000000000000000000000000000000004F
:10714000000000000000000000000000000000003F
:10715000000000000000000000000000000000002F
:10716000000000000000000000000000000000001F
:10717000000000000000000000000000000000000F
:1071800000000000000000000000000000000000FF
:1071900000000000000000000000000000000000EF
:1071A00000000000000000000000000000000000DF
:1071B00000000000000000000000000000000000CF
:1071C00000000000000000000000000000000000BF
:1071D00000000000000000000000000000000000AF
:1071E000000000000000000000000000000000009F
:1071F000000000000000000000000000000000008F
:10720000F1EE103A43F08073E1EE103A704700BFA0
:1072100010B5054C237833B9044B13B10448AFF3D0
:1072200000800123237010BD606300200000000077
:107230004C57040008B5034B1BB103490348AFF397
:10724000008008BD00000000646300204C5704006B
:10725000154B002B08BF134B9D46A3F5803A002128
:107260008B460F461348144A121A18F07FFC0F4B36
:10727000002B00D098470E4B002B00D098470020E1
:10728000002104000D000D48002802D00C48AFF387
:10729000008018F0ABFB2000290012F00FF918F065
:1072A0007FFB00BF00000800000004200000000079
:1072B00000000000606300200C9800200000000027
:1072C0000000000033DF7047704700BF10B5044670
:1072D00012F038F9204610BDF8B5002013F044F93B
:1072E00050B1654C0A200FF0A1FD2368634A0A33B0
:1072F0009342236034DCF8BD014604460C2013F0B1
:1073000091F85F4B1B68132BD4BF0B200D20214637
:1073100013F00CF905200FF089FD002013F024F97B
:1073200070BB584E3478002C41D0534C206008E09C
:107330002368034423600FF079FD2368B3F57A7F57
:107340002CD0002013F010F903460120002BEFD0C1
:107350004D4803F0E5F9002876D10023236010E0C2
:1073600001210B2013F0E2F801210D2013F0DEF8CB
:1073700001210C2013F0DAF8BDE8F840FFF7A2BFB6
:107380003D4C01210C2013F04DF801210D2013F08C
:10739000CDF801210B2013F0C9F8A3E701210D203E
:1073A00013F0C4F801210B2013F0C0F8C9E73648E8
:1073B00003F0B6F990BB304C0023236042F20F7704
:1073C00006E0034423600FF031FD2368BB421DDC5F
:1073D000002013F0C9F8054623680120002DF0D0E5
:1073E000A3F59C53083B41F287329342B5D8012163
:1073F0000B2013F09BF801210D2013F097F80121C9
:107400000C2013F093F8FFF75DFFA6E74FF08042E2
:10741000012325603370C2F81C35D9E71B4D1C4889
:107420002C7201232946EB716C72AC7203F004FBE1
:1074300032200FF0FBFC29461548EC712C726C725F
:10744000AC7203F0F9FAB6E7104D1148002601239B
:107450002946EB712E726E72AE7203F0EDFA322095
:107460000FF0E4FC29460A48EE712E726E72AE727D
:1074700003F0E2FA71E700BF7C630020BF27090038
:107480001865002080630020346500200C65002012
:107490003C640020F8B5164F164C174E174D384671
:1074A00003F016FA22461649384617F033FC3046E8
:1074B00003F0C4F922461349304617F02BFC124E54
:1074C000284603F0ABFA224610492846104D17F023
:1074D00021FC304609F0D8FB31462846012209F04C
:1074E000A9F8224628460B49BDE8F84017F012BC1F
:1074F000F463002000600020846300203C640020CE
:107500008D78020065780200006500203D78020059
:10751000E8640020C9720200F0B595B0022102AF04
:10752000002012F07FFF01210D2012F07BFF0121CE
:107530000B2012F077FF01210C2012F073FF0021C5
:10754000162012F06FFFAC4809F03AFAB921AA48A8
:1075500009F07AFAA94B4FF4A07043F00103984761
:10756000A54809F06FFA032012F0FEFE0A2012F07F
:10757000F5FE01210E2012F055FF00210E2012F021
:10758000D5FF6424232012F01FFF0A200FF04EFCC9
:10759000013CF7D1232012F017FF4FF41663984AED
:1075A000984903FB00F082FB00320244C317C3EB8F
:1075B000622340F2E65202FB03F38B4240F3D18098
:1075C000914C84FB03241C44DB17C3EB242440F6BA
:1075D0008C239C42A8BF1C468C4D95E80F0007F1F8
:1075E000280686E80F00103595E80F003D8D07F15D
:1075F0004806AC4206E90F0040F3B6807B8D9C4202
:107600001D4640F3B980BB8D9C421D4640F3C080AF
:10761000FB8D9C421D4640F3C3803B8E9C421D4621
:1076200040F3D7807B8E9C421D4640F3DA80BB8EB0
:10763000A3421D4603DBF98EA142C0F2DA80744EEC
:10764000744907F11C000FF009FB0A22316807F1A9
:1076500010000FF037FB07F1100107F11C000FF0CD
:107660006DFB6D490FF096FB0146381D0FF010FBC6
:1076700007F110000FF05AFB07F11C000FF056FB4A
:10768000FA6802F1080323F00703ADEB030D02AC27
:10769000013200232146381D0FF0ACFB00210E20E3
:1076A00012F0C0FE4FF0A0410022D1F808375B482D
:1076B00043F44033C1F80837012102F0FFFD0021F7
:1076C000564802F0B9FF5548214602F08DFF4FF0B1
:1076D0008043D3F81C3513F0FF0355D1504A137083
:1076E00050495148102203F0EFF80F224F494E48FD
:1076F00003F0E6F84C4803F021F94D4803F0C2F8D6
:1077000031784B4803F092F84A4803F0A3F9062178
:10771000494800F065F9484800F04AF94FF47171A2
:10772000454800F071F94349434800F0FDF84248EC
:1077300000F010F94048012100F098F9F4223E4889
:10774000202100F08FF93C481E2100F089F900212A
:10775000394800F0EBF9381D0FF0E8FA4C37BD4618
:10776000F0BD4FF4FA6437E7798D8C420B467FF712
:1077700046AF002201231AE0B98D8C420B467FF7F9
:1077800043AF0122022312E0254B01221A70A7E722
:10779000F98D8C420B467FF73CAF0222032306E0B3
:1077A000398E8C420B467FF739AF0322042307F151
:1077B000480000EB420200EB430332F8102C009229
:1077C00033F8103C124E2A4620460FF039FA30604A
:1077D00036E7798E8C420B467FF725AF04220523CE
:1077E000E5E7B98E8C420B467FF722AF05220623D0
:1077F000DDE706220723DAE700650020F029040010
:10780000030820805F900F0081808080D0290400D1
:10781000186500209C290400A82904003465002074
:1078200080630020AC290400F4630020C029040018
:10783000846300203C640020746B002010B5074B6B
:10784000044640F8543B00F0C7FA2046044B40F889
:10785000083B02F05FFA204610BD00BF782B040001
:10786000342A040010B5074B044640F8183B00F0DA
:10787000B3FA2046044B40F8083B02F04BFA20468E
:1078800010BD00BFDC2A0400342A040010B5044BEC
:10789000044640F8083B02F03DFA204610BD00BF08
:1078A000342A040072DF704773DF704777DF704758
:1078B00038B5054608460C4602F04CFA102803D0AD
:1078C00080280ED0012038BDEB7FA2881B2B0EDC58
:1078D000E9180320E85448704A80EB7F0433EB77C3
:1078E000F0E7A368002BEDD0E97F0D2901DD002032
:1078F00038BD6A18112068540721517058681C68F7
:107900009968DB68C2F80E30C2F80600C2F802407F
:10791000C2F80A10EB7F1233EB77012038BD00BFAD
:107920000022C2770270704730B5D1E9042485B0D7
:10793000CD68074B00936946CDE902240195FFF716
:10794000B7FF0446684602F0E5F9204605B030BDB1
:107950004C2A0400F0B589B0064620221348694637
:1079600002F056FEF37FC2181D2A0CDDC3F11D0480
:10797000E4B2E2181D2A4FF00005D8BF082705DD44
:10798000284609B0F0BD044601250927F218601CFD
:10799000F05469465770901C224618F0BFF8F27FE9
:1079A000023214442846F47709B0F0BD3465002053
:1079B00010B50446094802F089FEE37F1C2B01DD67
:1079C000002010BDE2180221E1540A239070537088
:1079D000E37F0333E377012010BD00BF346500204F
:1079E000C27F1C2A01DD0020704710B403469C189A
:1079F000022098540120A1706070DA7F0332DA7798
:107A00005DF8044B704700BFC37F1B2B01DD0020D6
:107A1000704710B4C2180324C45419235180537002
:107A2000C37F0433C3775DF8044B0120704700BF68
:107A300010B4084A084C094902620022C0E90A4110
:107A4000C0E90C225DF8044B0270C2774262826387
:107A5000704700BFFF0101002000F40020001E005D
:107A6000C1857047018581854285704780F8221065
:107A7000704700BFF0B5154605EB8503274A89B06E
:107A8000044603EB830300200E469B00116802901E
:107A9000CDE90460ADF8143094F821308DF8083049
:107AA000CB07CDE90600039009D41D491D4BC87FC3
:107AB000E77F988101201C6099609F8010601949C0
:107AC00002AA04F12000FFF7EDFE10B1002009B07A
:107AD000F0BD94F820101448019102F0F7FD0199CF
:107AE00002460120FFF7E2FE0028EFD194F82000C3
:107AF0000121FFF7D9FE0028E8D10B4802F052FE21
:107B0000628EA68595424FF0010094BF521B921AD7
:107B1000628684F8230009B0F0BD00BF1C65002018
:107B2000B06B00202065002034650020F0B50023F4
:107B300061F30F032D4D044661F31F4389B00363C6
:107B4000FA21284602F0C6FDE68D2949278D0868EE
:107B5000049706EB860303EB830300229B00059248
:107B6000ADF8143094F8213002928DF80830C30734
:107B7000CDE9062203920BD41E4BE27F95F89B06BB
:107B80009A8005F27C6501221C609D6098810A60E4
:107B9000184902AA04F12000FFF784FE10B100206A
:107BA00009B0F0BD94F820101048019102F08EFD4C
:107BB000019902460120FFF779FE0028EFD194F8E1
:107BC00020000121FFF770FE0028E8D1074802F0ED
:107BD000E9FD638EA7859E424FF0010094BF9B1B79
:107BE000DB1A638684F8230009B0F0BD34650020F9
:107BF0001C6500202065002030B50B888D88112B76
:107C000085B0044605D0262B33D0102B25D005B0E7
:107C100030BD436AEB40DB07F9D52E4801F03CF953
:107C20000028F4D1636A94F82310012202FA05F5C2
:107C300023EA050363620029E9D194F82230002B7E
:107C4000E5D0238E23486386FA2102F043FDE28DBE
:107C5000218D2046FFF70EFFD9E7CB7B012BD6D134
:107C6000426A03FA05F515430023456280F8233084
:107C7000CDE70B7A012BCAD1002380F823304FF4D3
:107C8000FA71144802F026FD238E5BB1658E95B122
:107C9000A36B0BB19847658E618D2A462046FFF78E
:107CA000E9FEB4E7A36B03B19847618D002220463B
:107CB000FFF7E0FEABE7074802F088FD626B002AA1
:107CC000A5D0009503AB29462846039512F088F904
:107CD0009DE700BF3465002075DF704710B44FF09A
:107CE00010144FF448010022C0E90041C0E902220B
:107CF0005DF8044B704700BF014800F0D3BE00BFE1
:107D0000246C0020F8B500250D4F2E4601E0142DFF
:107D100014D0A9B2384602F02DFD013504460028E2
:107D2000F5D000F06DFD0028F1D0204600F072FD86
:107D3000022804BF0136F6B2142DEAD13046F8BD50
:107D40003465002070B58E881B480C4694B03146CF
:107D500002F010FD23881A2B05D01F2B1CD0102BEE
:107D60000FD014B070BD054600F04CFD0028F8D0CF
:107D7000284600F049FD0028F3D1284600F0AAFD6E
:107D8000EFE7694600F08EFD0028EAD06A463146EA
:107D90000A4801F01FFCE4E754F8080F61686B46DD
:107DA00003C33046BDF80030ADF802306946FFF736
:107DB00093FF14B070BD00BF3465002054650020EF
:107DC000AADF7047ABDF7047ACDF7047ADDF7047AD
:107DD000AEDF7047B0DF704710B5044B044640F883
:107DE000043B01F097FF204610BD00BF042A0400A9
:107DF00010B5054B044640F8043B01F08BFF2046CC
:107E000011F0A0FB204610BD042A040070B57B4B86
:107E100004461B68836196B0043001F0ABFF94F810
:107E20002E30A06913F0320208BF84F82F2013F01F
:107E30000C0308BF84F830300DF10102694601F0EF
:107E40005FFF94F82F209DF8010015070DD09DF8D5
:107E5000001002F00F0301F00F059D424FEA1212CD
:107E60006DD243EA021284F82F2094F830301907BB
:107E70000BD003F00F0100F00F058D424FEA1313F2
:107E800069D241EA031384F8303094F82E1011F0CF
:107E9000300340F096800FAD0F93C5E90133C5E97B
:107EA00003338DF83C10AB610021ADF809109DF84B
:107EB0000A10206A1493012363F342018DF808200D
:107EC0008DF80A1008B1037873BB94F8263013B10B
:107ED00004F12603129394F831200023D20708936B
:107EE000079358BFE38AADF81C3004F1080004F191
:107EF0002F01CDE9050154BF1846E08AADF82000F6
:107F0000294604F13203E569099505AA0020FFF727
:107F100057FF054628B994F8253043BB237D002B35
:107F200064D0284616B070BD109018F002FD02AB68
:107F300080B2ADF84400ADF846001393C5E74FEAB0
:107F4000111101D191428CD30A462B4643EA021209
:107F500084F82F2089E74FEA101001D1984290D37E
:107F60000346294641EA031384F830308DE7ADF823
:107F70000D009DF80E2094F82F600C90012363F300
:107F8000420242F608118DF80E208DF8123004AA34
:107F90000223ADF8101003A90D90ADF83030ADF804
:107FA00034300A9204F124030B910DF102020AA964
:107FB0008DF80C600E93FFF705FF0028AED0054644
:107FC000AFE70F4B8DF805200FAD1B788DF804300F
:107FD000022000230F938DF80600C5E90133C5E99F
:107FE0000333AB618DF83C1001AB5DE721460548DA
:107FF00000F014FF284616B070BD00BF30650020A9
:10800000F8290400746900202DE9F0410B888E885E
:10801000502B8AB00C46054609D0512B04D18B79E0
:10802000012B19D0022B26D00AB0BDE8F081CB88F5
:10803000428E9A4235D0EA8E9A42F5D16B6D002B72
:10804000F2D095F84420648A920700F18A80224693
:10805000294630469847E7E7836C002BE4D090F838
:108060004420520701F108076CD43A4629463046AD
:108070009847A379D6E7A27B042A46D0062A20D0C7
:10808000012AD1D1EB6C002BCED095F844201707F4
:1080900004F1080400F1A58022462946304698479D
:1080A000C2E7076D002FC6D090F84430D90768D4D6
:1080B00004F11208238A424629463046B847E3882D
:1080C000B9E7EA6B002AAFD0002202A93046CDE919
:1080D0000222CDE90422ADF80C208DF80830FFF71C
:1080E00079FE2C6D54B195F84430D80700F1928098
:1080F000B5F84230EA6B30462946A047E86B0EF0EF
:10810000CBFE0023C5E90F338EE7E86B002878D05B
:10811000B5F84010278A628A07EB020C00234FF063
:10812000020E8C45CDE90633CDE908338DF818E011
:1081300039DD40F20913ADF81C3006A93046FFF7CF
:1081400049FE71E703211A46009106AB0821384623
:10815000CDE90665089711F043FF002889D1AB6C83
:1081600083E7032000211A46009006AB0846CDE9BC
:108170000665089411F034FF00287FF455AF6B6D4D
:1081800065E7218A069604F11208042300933A4613
:10819000404606ABCDE90881079511F021FF002884
:1081A0008DD12F6D86E79DF81EC0ADF81C3004F10F
:1081B00014014CF001033844ADF822208DF81E3034
:1081C0000991ADF8207017F0A9FC238A618AB5F8EF
:1081D00042200B449BB2934238BF1346A5F842306D
:1081E000ABE703211A46009106AB0E212046CDE9EC
:1081F0000665089411F0F4FE00287FF415AFEB6CCF
:108200004AE74FF480600EF02DFE4FF48061C5E91F
:108210000F017FE7E86BB5F8421006960423009340
:10822000224606ABCDE90750099111F0D9FE00288E
:108230007FF464AF2C6D5BE72DE9F04F0F464FF6EE
:10824000FF718F4289B0064615461C4626D0F18A3A
:1082500096F82E308C4228BF0C46DB0615D40DF163
:10826000100B8C4228BF0C464FF00008718EADF801
:1082700010405A464FF6FF700595ADF81280FFF793
:10828000A3FD404609B0BDE8F08F3948394602F0F9
:1082900059FA08B1F18E31B9F18AE0E7344802F0B9
:1082A0005DFA0746D3E7002002230DF1100BADF86D
:1082B0001200ADF810305A460DF10E033846059302
:1082C000FFF784FD43F2014398424FD000284AD182
:1082D0009DF80E8008F00108B8F1000F46D0244840
:1082E000394602F047FA8246A0B300F095FA033807
:1082F00083B2002CC5D0CDF804804FF00009984619
:1083000005E0BDF80E30E41AA4B21D4444B3504653
:1083100000F096FAA04503464246594628BF224639
:108320003846BBB1ADF80E204FF00102738E8DF8C8
:1083300012200DF10E02CDE90625CDF813908DF82F
:108340001790ADF81030FFF743FD0028D9D0504604
:1083500000F080FA4FF00008404609B0BDE8F08F09
:10836000DDF804808DE700F00108B5E7F18A78E7D1
:108370003465002010B5154B044640F8043B01F06D
:10838000D1FC134A0023127884F8443014200321CE
:10839000A384C4F82630C4F82A3084F82E30E08252
:1083A000C4E90F33C4E91233C4E9143384F831103B
:1083B0002375A3612362E36163866363238784F883
:1083C0002F2084F83020204610BD00BF042A04006E
:1083D000F829040070B44E68164A86600260D1E93C
:1083E0000262154B154D1C78456002611425002270
:1083F0000321C0E90F22C0E91222C0E91422C6609D
:10840000C58280F8311080F84420027582610262D2
:108410008284C0F82620C0F82A2080F82E20C2616D
:1084200042864263028780F82F4080F8304070BC5B
:10843000704700BF042A0400F82904004C2A0400F5
:1084400010B4D1E90142CB680361C0E902425DF892
:10845000044B70478069704701230375704700BF64
:1084600080F82E10704700BF41B190F83130C182C2
:10847000002262F3000380F83130704790F8313009
:10848000012262F3000380F83130704780F82F102A
:1084900080F83020704700BF90F84430016562F3E7
:1084A000000380F84430704780F8241080F82520BD
:1084B000704700BF51F8322F026049684160704731
:1084C00030B5C48A83B0944223460D4628BF134674
:1084D000418E019500246A464FF6FF70ADF80030DA
:1084E000ADF80240FFF770FC18B9BDF8000003B00A
:1084F00030BD204603B030BD30B5C38A85B00A46D2
:10850000012B28BF0123418E8DF8072000240DF197
:10851000070502AA4FF6FF70ADF80830ADF80A4023
:108520000395FFF751FC18B9BDF8080005B030BD40
:10853000204605B030BD00BF10B490F82E4014F0B6
:10854000100403D05DF8044BFFF776BE20465DF8BB
:10855000044B7047A1DF7047A3DF7047A4DF70476B
:1085600000238383704700BF006A00F0E3B800BFB8
:10857000808B70472DE9F0410B88CE88382B86B070
:108580000C46054606D0392B66D0362B43D006B0B4
:10859000BDE8F08100F12407002E36D10A8A384662
:1085A000314602F065FD94F80C80B8F1010F2CD033
:1085B000B8F1040FEBD1286A00F0BCF801465C4822
:1085C00002F0D8F800F028F92A8E053883B29342D9
:1085D00028BF1346002B00F09A80218AE289286A7E
:1085E000AC8B8DF80D600A44E96A05918DF80C801A
:1085F000ADF81230ADF81020ADF80E4000F09AF84A
:1086000003A9FFF7A9FF0028C1D0384602F048FDB2
:1086100006B0BDE8F081006A00F08CF801464448DD
:1086200002F0A8F800F0F8F807466EBB05F1240642
:10863000E289304604F1100102F01AFD2B8E2BB1B5
:10864000F81EE38980B20138834255DA304602F0E1
:1086500027FD06B0BDE8F0810B7B012B1AD0022B61
:1086600095D1836B002B92D090F83C208F88920795
:108670001FD401F11006E2893146284698476189E6
:108680003846FFF76BFF82E705F12407384602F012
:1086900007FDBDE7436B002B3FF479AF90F83C201A
:1086A000D10717D404F11006E289314628469847CD
:1086B0006DE7C989039004F1100603201A46009063
:1086C00003AB3046CDE9046111F08AFC0028D6D115
:1086D000AB6BD0E7E189039004F1100603201A4642
:1086E000009003AB3046CDE9046111F079FC00281D
:1086F0007FF44DAF6B6BD7E7286A00F01BF86A8EEA
:10870000A98B92B2FFF726FF00289FD13FE7AA8BE3
:10871000286AADF80E2040F20511ADF80C10CDE935
:10872000043300F007F803A9FFF716FF6DE700BF59
:1087300034650020808870478FDF704790DF704776
:10874000B1DF7047B5DF704710B5074B03600446D3
:10875000806A0FF0E9F9E06A0FF0E6F9206B08B1E2
:108760000FF0E2F9204610BD1C2A040010B5094B99
:1087700003600446806A0FF0D7F9E06A0FF0D4F97D
:10878000206B08B10FF0D0F9204610F0DBFE204638
:1087900010BD00BF1C2A040070B504460D4692E8C7
:1087A0000300A5800E0CA061A183144DA6771720AD
:1087B0001B2156892560E0809589D089E181D17996
:1087C0006581012222752274A081617418461946C0
:1087D00026819DF810500EF009FC2946A06228461B
:1087E0000EF004FC4FF4885100234FF6FF72E18233
:1087F000E062628223636375204670BD1C2A040018
:10880000007D7047407D7047C07D113818BF012042
:10881000704700BF407C7047C08870470089704730
:108820004B7D10B44BB11F310C688A888B79046082
:1088300082805DF8044B837170471831F4E700BF04
:1088400008B56621806A0EF0F3FF003818BF0120DA
:1088500008BD00BF08B500231A461946806A0EF00D
:10886000F7FB003818BF012008BD00BF818800F168
:108870001F02407C02F05ABC38B50A4605460C4639
:108880008188407C02F03EFC2146012051F8483F9F
:10889000C5F81F308B888A7985F82520A5F8233004
:1088A000687538BD38B50A4604460D4600F1180112
:1088B000407C02F071FC607550B1294651F8483F88
:1088C000C4F81F308B888A7984F82520A4F82330D7
:1088D00038BD00BF10B5447D24B100F11F01407CBC
:1088E00002F038FC204610BD70B50B88113B82B0F9
:1088F0000C460546462B2BD8DFE803F0383B2A2AE6
:108900002A2A2A2A2A422A2A2A2A2A2A50585E64ED
:108910002A2A2A2A2A2A2A2A2A2A2A2A2A2A2A2AB7
:108920002A2A2A2A2A672A942A2A2A2A2A2A2A2A00
:108930002A2A2A2A2A2A2A2A2A2A2A2A2A246A2A5D
:10894000752C84000023A8881A461946FFF7F8FE04
:1089500002B070BD8B79002BFAD1006BAB7500288B
:10896000F6D01A4619460EF073FBF1E700230375A3
:10897000EEE74B8903818B894381CB898381E7E7CC
:108980000B7AC375112BE3D0818800F11F02407C64
:1089900002F0BAFC03460028DAD1D4E7002301A98B
:1089A0008088ADF80430FFF7C7FED1E70B7A002BC3
:1089B000CED14B7A0374CBE7002211468088FFF7B3
:1089C000BDFEC5E70B89C381C2E74B89C380BFE702
:1089D000006B0123AB750028BAD000231A46194654
:1089E0000EF036FBB4E7417C164801F0BBFEE3888D
:1089F0000146994228BF194689B2A888E980FFF745
:108A0000A1FEA5E78B79002BA2D0002600231A46F1
:108A10001946A86A0EF01CFB0136A279F3B29A42FD
:108A2000F4D895E78B7A002B92D0002600231A46C3
:108A30001946E86A0EF00CFB0136A27AF3B29A42AC
:108A4000F4D885E73465002070B58AB086880B4677
:108A500006A84FF42851144605934FF6FF7501F010
:108A60006BF90120CDE90105059B0094314606AA6A
:108A7000044800F06FF8044606A801F04BF92046C0
:108A80000AB070BD7469002010B50446043002F0CD
:108A90008BFA034B236000232375204610BD00BFD3
:108AA0000100FFFF017D01B1704710B5044604309D
:108AB00002F084FA0123237510BD00BF007D7047CA
:108AC0000B88322B10B504D0332B17D0302B08D0A5
:108AD00010BDCB88DBB1041D2046BDE8104002F07C
:108AE000DFBACB88041D002BF6D14B89002BF3D0C5
:108AF0000A3120460A2202F0BBFAEDE7CB88002BB0
:108B0000E9D14A89002AE6D002EB420204E04A8910
:108B1000002AE0D002EB82025200041D023292B21F
:108B20000A31204602F0A4FAD6E700BFA0DF704762
:108B300010B5044600F5F87002F036FA2046F82227
:108B4000002117F013F8F822A018002117F00EF8F2
:108B5000204610BD2DE9F04782B00546BDF82C60D7
:108B6000BDF830402048ADF80460BDF828A0ADF84D
:108B70000640904699460F4601F0FCFD05F5F87554
:108B8000064603E0FFF74AFE0EF050F9284602F0D1
:108B90006DFA04463046002CF4D10121284602F03B
:108BA0000DFA52464946284602F024FA08F104011B
:108BB000384601AAFFF7BAFF30B1284602F008FA9A
:108BC000204602B0BDE8F0874FF4FA71284602F063
:108BD00017FA20EAE074284602F0FAF9A4B2204617
:108BE00002B0BDE8F08700BF346500202DE9F04FEA
:108BF0008F880D8885B0884604463946864801F03E
:108C0000B9FDA5F11003012B814640F2908094F844
:108C100054203AB3002633461633502D54F823A07F
:108C200069D0512D1AD198F80630B8F808B0022B47
:108C300053D0BBF1000F11D051466846FFF73AFC04
:108C4000BDF800305B4559D0514602A8FFF732FC11
:108C5000BDF80C305B4551D094F854200136F3B286
:108C60009342D9D394F84C31002B00F0D18004F515
:108C7000A679002604E094F84C310136B34220DD99
:108C800059F8040FFFF770FCB842F4D1382D03D027
:108C9000392D01D0362DEED1B8F80AA0BAF1000F67
:108CA000E9D0D9F800B05846FFF762FC5045E2D150
:108CB00058464146FFF75EFC94F84C310136B3420A
:108CC000DEDC112D55D0352D04D1B8F80A30002B3B
:108CD00040F08F8005B0BDE8F08F98F80E30062B7D
:108CE000A7D1DAF800305046DB684146984748463D
:108CF000FFF78AFDB0E7B8F806B09AE7DAF8003077
:108D00005046DB68414698474846FFF77DFD0028FE
:108D1000A2D0502DA0D1514602A8FFF7CBFBBDF841
:108D20000C305B4598D14846FFF7A0FD94E72378C7
:108D3000002B3FF46CAF0026112D33460CD004EB12
:108D400083033946586803685B6898470136227880
:108D5000F3B29A42F3D85AE704EB830339465868D2
:108D600003681B68984701362278F3B29A42F3D819
:108D70004DE7D3B10026334605E094F84C21013687
:108D8000F3B29A4211D904EB8305D5F85001FFF7ED
:108D9000EBFBB842F1D1D5F85001FFF7E1FB01360A
:108DA00094F84C21F3B29A42EDD894F8F820002AB6
:108DB00090D000252B4604EB8303D3F8FC00838876
:108DC000BB420AD00135EBB2934283D204EB83035A
:108DD000D3F8FC008388BB42F4D103681B68984732
:108DE000013594F8F820EBB29342E4D305B0BDE826
:108DF000F08F04F5F874B8F80C20204608F1100143
:108E000002F036F9204605B0BDE8F04F02F048B94F
:108E1000112D7FF458AFC8E73465002090F8542036
:108E2000272A0CD810B4034602F11604013280F848
:108E3000542043F8241001205DF8044B70470020B3
:108E4000704700BF0378132B06D800EB8302013371
:108E500003700120516070470020704778DF704731
:108E60007ADF7047054A034692E80300002283E850
:108E70000300C3E902221846704700BF242A0400F9
:108E800008B5FFF7EDFF08B1002008BDFFF7E6FFCA
:108E9000B0FA80F0400908BDF8B500250D4F2E4608
:108EA00001E0142D14D0A9B2384601F063FC01355D
:108EB00004460028F5D0FFF7A3FC0028F1D0204697
:108EC000FFF7A8FC012804BF0136F6B2142DEAD141
:108ED0003046F8BD3465002008B501804280FFF7B8
:108EE000BFFFB0FA80F0400908BD00BF704700BF67
:108EF0008ADF704730B40D4CC4621F250022502415
:108F00008584A025C0E91122C0E90F22A0F84650AF
:108F1000A0F84840006230BC8262028680F83820A7
:108F20004263C264A0F85020704700BF0001800077
:108F30002DE9F04F10468DB016460C4600F00AFFA2
:108F4000C5B2102D4FD0B66807220623A16994F848
:108F50001C9001918DF80D208DF80C30ED080DF16D
:108F60000C080DF10E0A0027B9F1010F0A97CDE99F
:108F70000477CDE90677CDE90877CDF82B700ED9C7
:108F800098F8000001994B464A7882420FD00A783F
:108F9000D4432344013213F0FF031144F4D108F108
:108FA0000108C245E0D100200DB0BDE8F08F11F8F6
:108FB000024B013CE4B2224604A816F0AFFD0DF1CD
:108FC000100B1CB9EBE714F0FF04E8D058462A4612
:108FD000314616F095FD641BAB440028F3D1012007
:108FE0000DB0BDE8F08F043603220223AEE700BFC8
:108FF0002DE9F0430B888E88103B87B00D46044660
:109000000D2B2CD8DFE803F077072B2B2B2B2B2BEA
:109010002B2B2B842B2E836AF340DB071FD556485E
:10902000FEF770FED8B9A36A94F82C20012505FA42
:1090300006F623EA0606A6628AB994F82D3073B1C3
:109040001F232462A38404F1200104F14400FFF7EC
:109050004FFF20B9494801F0A5FB84F82C5007B018
:10906000BDE8F08390F92E2091F91B309A423ADC4A
:1090700090F8383001F108080BB3DFF804910026AE
:1090800002E0D6B2B34218D9636BCDF8089003EB77
:10909000061302AA59680391D3E902734146204698
:1090A00005930497FFF744FF074602A800F032FE3D
:1090B00094F83830721C002FE3D09E4213D094F8FD
:1090C0002F30002B49D095F82430012B0BD9296A79
:1090D0004A78FF2A30D00A78D0430344013213F093
:1090E000FF031144F4D104F120010020FFF700FF39
:1090F00007B0BDE8F083CB7B022BB0D1836A01229D
:1091000002FA06F633430022836280F82C20A6E799
:109110000B7A012BA3D1002580F82C50174801F0C1
:1091200055FB226C002A9AD0009502AB29462846AE
:10913000029510F055FF92E711F8025B6A1ED2B259
:10914000022A28BF022202A816F0E8FC012DCAD08C
:10915000228EBDF808309A42C5D1E26B002A3FF456
:109160007EAF01230093404602AB2421CDF8088056
:1091700010F036FF73E700BF44650020346500201F
:109180004C2A040046DF70477FDF704780DF70475E
:1091900081DF704785DF704786DF704738B51C4632
:1091A0000D460346114628462246984734B10146EB
:1091B00000222846BDE83840FFF7E8BF38BD00BFB1
:1091C00010B50C4682B003466946204698476A4669
:1091D00020460121FFF7DAFF02B010BD10B50446AA
:1091E000083002F0BBFA074B2360032200232271F0
:1091F000C4F81034C4F81434C4F81834C4F81C3457
:10920000204610BD3507100330B50446ADF55F7D2F
:1092100000F108058F4802F035FA0821284602F0CF
:10922000A1FA684602F0A8FA6846082102F0A8FAF6
:109230006946284602F046FA04F54F714122684615
:1092400002F0ACFA684602F0A5FA94F85C0394F8D0
:109250005B2394F83D1394F83E3384F83D0384F87F
:109260003E2394F85A0394F8592394F83F5384F812
:109270005C1384F85B3394F8401394F8413384F81A
:109280003F0384F8402394F8580394F8572384F854
:109290005A5384F8591394F8425394F8431384F8BA
:1092A000410384F8583394F8560394F8443384F80F
:1092B000422394F8552384F8575384F8430384F8E1
:1092C000442384F8553384F8561394F8451394F8DE
:1092D000540394F8532394F8463384F8450384F8F0
:1092E000462394F8520394F8512394F8475384F892
:1092F000541384F8533394F8481394F8493384F89A
:10930000470384F8482394F8500394F84F2384F8D3
:10931000525384F8511394F84A5394F84B1384F839
:10932000490384F8503394F84E0394F84C3384F88E
:109330004A2394F84D2384F84F5384F84B0384F860
:109340004C2384F84D3384F84E1394F85D1394F84D
:109350007C0394F87B2394F85E3384F85D0384F8EF
:109360005E2394F87A0394F8792394F85F5384F891
:109370007C1384F87B3394F8601394F8613384F899
:109380005F0384F8602394F8780394F8772384F8D3
:109390007A5384F8791394F8625394F8631384F839
:1093A000610384F8783394F8760394F8643384F88E
:1093B000622394F8752384F8775384F8630384F860
:1093C000642384F8753384F8761394F8651394F85D
:1093D000740394F8732394F8663384F8650384F86F
:1093E000662394F8720394F8712394F8675384F811
:1093F000741384F8733394F8681394F8693384F819
:10940000670384F8682394F8700394F86F2384F852
:10941000725384F8711394F86A5394F86B1384F8B8
:10942000690384F8703394F86E0394F86C3384F80D
:109430006A2394F86D2384F86B03012084F86F533A
:1094400084F86E1384F86C2384F86D330DF55F7D1A
:1094500030BD00BFC06C00200B7803F0FE03042B6E
:1094600001D00020704770B515468CB00C46202204
:10947000002104A816F07AFB28686968AA68EB68DE
:109480006D460FC59DF800109DF80F209DF80160F6
:109490009DF80E509DF802008DF80F1023469DF8A0
:1094A0000D108DF800209DF803208DF80E608DF8CA
:1094B00001509DF80C609DF804508DF80D008DF85A
:1094C00002109DF80B009DF805108DF80C209DF8FA
:1094D0000A208DF803608DF80B508DF804008DF88C
:1094E00005208DF80A109DF8061033F8042FADF80A
:1094F00010209B789DF809209DF81D009DF81060B4
:109500009DF81F508DF809108DF806209DF8111058
:109510009DF81E208DF81D309DF807308DF8120043
:109520008DF81F609DF808009DF813608DF81050AD
:109530008DF81E109DF81C509DF814108DF8112008
:109540008DF808309DF81B209DF81A308DF8070023
:109550008DF81C608DF813509DF815608DF81B1068
:109560008DF8142068468DF815309DF819109DF877
:1095700017209DF818309DF816508DF818208DF89A
:1095800016108DF817308DF81A608DF81950FFF706
:10959000F9FD62789DF82F309DF82E009DF82D1072
:1095A0008DF821009A428DF8221004F1010404D0B4
:1095B000012080F001000CB070BD6278C3B29A4205
:1095C00004F10104F4D16278CBB29A42F0D10020C8
:1095D000EFE700BF08B5137CDB0758BF1C32084615
:1095E00002F11201FFF7D6FDB0FA80F0400908BD84
:1095F000F0B58F880E46ADF56B7D0446394646487A
:1096000001F0B8F83388133B0546072B2FD8DFE865
:1096100013F03E005F006D002E0028038700080055
:109620003100337AB3B9737B9B070ED4294602A865
:10963000FFF7F6F80299BDF80C209DF80E3084F87B
:109640000C34C4F80614A4F80A24284604F2BE31E7
:10965000FFF712F9D4F818244AB1307A0D9002239A
:109660000021009308460CAB0C9710F0B9FC0DF5E7
:109670006B7DF0BDD4F81C24002AF8D00123002112
:10968000009308460CAB0C9710F0AAFCEFE704F22D
:10969000BE3304F2DA320C9304F2F6330025109252
:1096A000119304F23D3204F27E330F921393CDE90D
:1096B0000D551295FFF7AEF801280CBF22462A4639
:1096C0000CAB29463846FFF75FFD0DF56B7DF0BD0D
:1096D0000CA9FFF7E7F80346002800F0D2820CA996
:1096E000384600231AAAFFF757FDC0E7D4F8101434
:1096F0000029BCD0B37B094A03F001030F93042374
:10970000CDE90C1706F10800009306210CAB0E9072
:1097100010F066FCABE700BF346500209D910200AD
:1097200094F87E3394F89D2394F87FC394F89C6357
:1097300094F8805394F89B0384F89D33042194F8A3
:109740009A3384F87D1384F87E2394F8811394F877
:10975000822384F89CC384F87F6394F899C394F8B7
:10976000836384F89B5384F8800394F8985394F8A7
:10977000840384F89A1384F8813394F8971394F847
:10978000853384F8992394F8962384F882C384F867
:10979000986384F8835384F8970384F8841384F8D7
:1097A000852384F8963394F8862394F8953394F8B7
:1097B00087C394F8946394F8885394F8930394F8C7
:1097C000891384F8952384F8863394F8922394F8C7
:1097D0008A3384F894C384F8876394F891C394F827
:1097E0008B6384F8935384F8880394F8905394F827
:1097F0008C0384F8921384F8892394F88F1394F8D7
:109800008D2384F8913394F88E3384F88AC384F8D6
:10981000906384F88B5384F88F0384F88C1384F856
:109820008D3384F88E2394F89E2394F8BD3394F8F6
:109830009FC394F8BC6394F8A05394F8BB0394F8C6
:10984000A11384F8BD2384F89E3394F8BA2394F8C6
:10985000A23384F8BCC384F89F6394F8B9C394F826
:10986000A36384F8BB5384F8A00394F8B85394F826
:10987000A40384F8BA1384F8A12394F8B71394F8D6
:10988000A52384F8B93394F8B63384F8A2C384F8D6
:10989000B86384F8A35384F8A41384F8B62384F837
:1098A000A53384F8B70394F8A60394F8B51394F895
:1098B000A72394F8B43394F8A86394F8B35384F8C6
:1098C000B50384F8A61394F8A90394F8B21384F8A6
:1098D000B42384F8A73394F8AA2394F8B13384F816
:1098E000B36384F8A85394F8AB6394F8B05384F846
:1098F000B20384F8A91394F8AC0394F8AF1384F876
:10990000B12384F8AA3394F8AD2394F8AE3384F8E5
:10991000AD3384F8AE2384F8B06384F8AB5384F895
:10992000AF0384F8AC130CA801F026FF0CA80821A3
:1099300001F026FF04F27D310CA8412201F040FF26
:109940000CA904AA202304F1080001F0E9FE0CA8E8
:1099500001F020FF9DF810109DF82F009DF81130A8
:109960009DF82E209DF812609DF82D508DF8100066
:109970008DF82F109DF813009DF82C108DF81120F4
:109980008DF82E309DF814209DF82B308DF8125054
:109990008DF82D609DF815509DF82A608DF81310F4
:1099A0008DF82C009DF816109DF829008DF81430C4
:1099B0008DF82B209DF817309DF828208DF8156024
:1099C0008DF82A508DF816008DF817208DF8283064
:1099D0008DF829109DF818109DF827009DF8193072
:1099E0009DF826209DF81A609DF825508DF81800E6
:1099F0008DF827109DF81B009DF824108DF8192074
:109A00008DF826309DF81C209DF823308DF81A50D3
:109A10008DF825609DF81D509DF822608DF81B1073
:109A20008DF824009DF81E109DF821008DF81C3043
:109A30008DF823209DF81F309DF820208DF81D60A3
:109A40008DF822508DF821108DF81F208DF82030D0
:109A50008DF81E0094F87E0394F89D1394F87F23EC
:109A600094F89C3394F8806394F89B5384F89D0396
:109A700084F87E1394F8810394F89A1384F89C2355
:109A800084F87F3394F8822394F8993384F89B63A5
:109A900084F8805394F8836394F8985384F89A0375
:109AA00084F8811394F8840394F8971384F8992325
:109AB00084F8823394F8852394F8963384F8986375
:109AC00084F8835384F8841384F8962384F88533C8
:109AD00084F8970394F8860394F8951394F88723F1
:109AE00094F8943394F8886394F8935384F8950326
:109AF00084F8861394F8890394F8921384F89423D5
:109B000084F8873394F88A2394F8913384F8936324
:109B100084F8885394F88B6394F8905384F89203F4
:109B200084F8891394F88C0394F88F1384F89123A4
:109B300084F88A3394F88D2394F88E3384F89063F4
:109B400084F88B5384F88C1384F88E2384F88D3337
:109B500084F88F0394F89E0394F8BD1394F89F2320
:109B600094F8BC3394F8A06394F8BB5384F8BD0315
:109B700084F89E1394F8A10394F8BA1384F8BC23D4
:109B800084F89F3394F8A22394F8B93384F8BB6324
:109B900084F8A05394F8A36394F8B85384F8BA03F4
:109BA00084F8A11394F8A40394F8B71384F8B923A4
:109BB00084F8A23394F8A52394F8B63384F8B863F4
:109BC00084F8B70384F8A41384F8B62384F8A53383
:109BD00084F8A35394F8A65394F8A72394F8B433C5
:109BE00094F8B50394F8A81394F8B36384F8B553C4
:109BF00084F8B42394F8A95394F8AA2384F8A733DB
:109C000094F8B13394F8B0C384F8A60384F8B3137E
:109C100094F8B20394F8AB1384F8A86384F8B253B1
:109C200094F8AC6394F8AF5384F8B12384F8AA3362
:109C300094F8AD2394F8AE3384F8A90384F8B013F4
:109C4000384604A984F8ABC384F8AF6384F8AC53F6
:109C500084F8AE2384F8AD33FFF79AFA0DF56B7DE7
:109C6000F0BDD4F81424002A3FF401AD02230021F2
:109C700000930C920CAB064A0D97084610F0B0F911
:109C8000F5E438461A461946FFF786FAEFE400BFB6
:109C9000C1910200A8DF7047704700BF30B504468D
:109CA00083B0083000F066F804F10C010DF10602F3
:109CB0000120FFF7EFFF054628B9044B04481C605C
:109CC0002146FFF7BFF8284603B030BD30650020BD
:109CD0007469002030B44C68C460D1E90241054A7F
:109CE000054D0260054A8560C0E90441426030BC10
:109CF000704700BF342A04004C2A040000001111F0
:109D000083790B70C3791370704700BF62DF7047AF
:109D100063DF7047704700BF10B504460FF012FCB8
:109D2000204610BD034A02600022C0E9022282716F
:109D3000828070474C2A040010B4054C81800022B8
:109D400001210460C0E902225DF8044B8171704773
:109D50004C2A04008379012B0AD0826832B9C26888
:109D600022B9012B8CBF80200020704780207047D3
:109D7000102070472DE9F047857982B0002D47D13A
:109D8000C7680646002F47D010200DF06BF88246BA
:109D9000384616F0CEFD441E30B3DFF88490A84656
:109DA00004E00134023C1FD4102D1DD017F804C06C
:109DB000BCF12D0F07EB0402F3D099F80030ADF899
:109DC00005808DF8043012F8013C8DF80430102223
:109DD000002101A88DF805C016F066FE6B1C023C40
:109DE0000AF80500DDB2DFD5C6F808A0BAF1000F09
:109DF0000ED0B11D5046FFF789FFB168321D10200B
:109E0000FFF786FFB0FA80F0400902B0BDE8F087A6
:109E1000012002B0BDE8F087D0F808A0E6E700BF57
:109E2000402A04004DDF70474EDF70474FDF704718
:109E300050DF70474BDF704710DF70477CDF7047A3
:109E40007DDF704760DF704769DF704761DF704713
:109E500066DF704767DF7047704700BF0C2010F067
:109E6000A5BB00BF30B5224C224D83B0D4F82807E3
:109E70004FF0FF310DF0DCFC0028F7D0C5B101A890
:109E8000FFF7D8FF0528F1D00028F8D1019B032B5C
:109E90001BD8012BF3D918460CF038FEEFE70A2B3C
:109EA00004D0092B21D00B2B02D1012005F00CFF8F
:109EB00001A8FFF7BFFF0528D8D00028F8D1019BE3
:109EC000A3F10902022AF3D8E9E7A3F10902022A61
:109ED000D5D80A2B04D0092B05D00B2BCFD10120CC
:109EE00005F0F2FECBE70220FAE70220DEE700BF32
:109EF000346500200D6B03002DE9F04F2DED028B32
:109F00004FF4FA7089B00CF0ADFFB24E00F10803C7
:109F100008EE103A054606F5F06706F5C86AD6F869
:109F200024074FF0FF310DF083FC0028F7D04FF4E9
:109F3000FA730DF116012846ADF81630FFF786FFCB
:109F400010B10528F3D1EAE7B5F80490B9F1130F81
:109F500000F2398106EB8903D3F834473CB1294636
:109F60002046FEF7C1FC9C482946FFF741FB2B88A1
:109F7000013B1B2B5AD8DFE813F01601590059009A
:109F80005900590059005900590059005900590009
:109F90005900590059005900B4001C0059005900DB
:109FA00059005900590059005900590059005900E9
:109FB000A200DFF838824FF0000B58F8040F30B1E0
:109FC000FEF71EFC18B10BF1010B5FFA8BFBB845D5
:109FD000F3D1BBF1000F06D196F830371BB15946CB
:109FE0000C2010F0A3FA2046FEF714FC012800F024
:109FF000EC80F26962B10223002195F808C0009359
:10A00000084606ABCDF81890CDF81CC00FF0E8FF5D
:10A0100009F5E67806EB8803586810B103685B68B9
:10A02000984706EB88080023C8F8043029465046B4
:10A03000FDF7E2FD69482946FEF7DAFFB6F8323748
:10A040004B452B8800F0B480102B1ED02CB320463B
:10A05000FEF7E0FB012803D15E482946FEF746FFE4
:10A060002046FEF7D7FB02281BD05D48FEF726FDF1
:10A0700000BB5C482946FEF7B9FDD6F88837002BAF
:10A080003FF455AF2846984751E7EB7B012BDDD1D4
:10A09000AB88A6F83237002CD9D14E482946FEF7B6
:10A0A00025FF51482946FDF74DFE4D48FEF706FDB8
:10A0B0000028DED04A482946FEF702FDD9E7D6F847
:10A0C0008427002AB2D00223002195F908C000930A
:10A0D000084606ABCDF81890CDF81CC00FF080FFF5
:10A0E000A4E74FF00008D6F82C07CDF800804346CF
:10A0F000424603213D4C0EF015FF54F8040F30B1D9
:10A10000FEF77EFB18B108F101085FFA88F8BC423F
:10A11000F3D196F830376BB1B8F1000118BF0121C7
:10A120000C2010F003FA96F830371BB101210C20F7
:10A1300010F0FCF909F5E67806EB8804606820B1B8
:10A1400003685B68984700236360EB7B012B0BBFC0
:10A1500096F8123796F8183796F8134796F8194775
:10A16000039334200FF0EAF906EB8808039B009470
:10A1700018EE102A04464946FEF70EFB2046C8F8A2
:10A180000440FEF747FB012832D0B269002A3FF4B1
:10A190004DAF012300210093084606ABCDF818907F
:10A1A0000FF01EFF42E700214846FFF751FE3DE752
:10A1B000102B3FF46AAF112B7FF448AF4FF6FF73BB
:10A1C000A6F8323742E70446D1E6F268002A7FF467
:10A1D00012AF1DE73465002054650020D06B0020CD
:10A1E000246C00207469002044650020646C002009
:10A1F000B268002A3FF41AAF0021009006AB08466F
:10A20000CDF818900FF0ECFE10E700BF38B504460B
:10A21000FEF728FE04F11000FDF760FD04F12000B8
:10A22000FEF7DCFF04F58860FEF782FC04F5C860E9
:10A23000FDF7FEFB04F27C60FDF772FB04F29C600C
:10A24000FEF758FE04F5DE60FEF71EFC4FF4805367
:10A250000025C4F8083716481649174AC4F80C07F1
:10A2600040F20113C4F81017C4F81427A4F81837E3
:10A27000A4F81A5704F234702946502215F076FCDF
:10A2800001224FF6FF73A4F81C5784F81E57C4F838
:10A290002457C4F82857C4F82C57C4F88857C4F872
:10A2A000845784F83027A4F83237204638BD00BFE1
:10A2B000010A17000300010117000300F0B5BF4EAB
:10A2C00080F81C178DB080F81D2704460FF0B6F9F2
:10A2D0000FF0BCF90FF07AF93369B949039303A879
:10A2E000FFF7AAFD18B1002528460DB0F0BD0120EA
:10A2F000FFF79AFD0120FFF795FD0120FFF796FD7E
:10A3000009A8FFF795FD099B9B0705D5AD4BD3F831
:10A310000435002B00F0FE800023AB4A94F80D5763
:10A32000049209A90120CDE909330B938DF824503B
:10A33000FFF78AFD0028D6D194F81D370B90CDE9A0
:10A340000900181E18BF012094F81C578DF827002B
:10A35000049A8DF8263009A940208DF82550FFF782
:10A3600073FD0028BFD194F80C170990034661F3E0
:10A370000003CDE90A00049A8DF8243009A9A02031
:10A38000FFF762FD0028AED1D4F808370A900B9091
:10A39000049A099309A9A120FFF756FD0028A2D12C
:10A3A00094F81C37002B40F0B98094F81D37002B2F
:10A3B00048D00023B4F81477049A0993022509A918
:10A3C0002320CDE90A338DF82450ADF82670FFF72D
:10A3D0003BFD002887D1CDE9090094F81D77B4F83A
:10A3E00016370B90049A8DF8245009A920208DF877
:10A3F0002670ADF82830FFF727FD00287FF473AFF3
:10A400000990CDE90A0094F81837049A8DF8245081
:10A4100009A922208DF82630FFF716FD00287FF4C9
:10A4200062AFCDE9090094F819370B90049A8DF8C2
:10A43000245009A921208DF82630FFF705FD0028BA
:10A440007FF451AF04A8FFF7FDFC00287FF44BAF69
:10A45000CDE9070040F0010307A902208DF81C3068
:10A46000FFF7F8FC00287FF43EAF2046FEF708FD1A
:10A47000054600283FF437AF04F12000FEF7C4FE84
:10A48000337D52498DF80830122202A8FFF7D6FC1E
:10A4900000287FF428AF94F81D37002B40F0888007
:10A4A0000322002101200CF05FFDC4F824070028DE
:10A4B0003FF419AF05AB0326CDE900634449454895
:10A4C00000234FF4A0620DF0CDFC324600210120A4
:10A4D0000CF04AFDC4F8280700283FF404AF06AB8F
:10A4E000CDE900633C493D480023C8220DF0BAFC89
:10A4F0003B4B4FF480021A603A4B009300231846FE
:10A5000001224FF480710EF0B7FCC4F82C0700F064
:10A51000D3FDE9E6022005F0D7FBFDE60990CDE981
:10A520000A00B4F80E37049AADF82630012509A9BF
:10A5300023208DF82450FFF787FC00287FF4D3AE4A
:10A54000CDE9090094F81C77B4F810370B90049A01
:10A550008DF8245009A920208DF82670ADF82830F8
:10A56000FFF772FC00287FF4BEAE0990CDE90A0027
:10A5700094F81237049A8DF8245009A922208DF8F6
:10A580002630FFF761FC00287FF4ADAECDE909006D
:10A5900094F813370B90049A8DF8245009A92120C0
:10A5A0008DF82630FFF750FC00283FF4FEAE9AE607
:10A5B00004F11000FDF7A0FB72E700BFAC2A040015
:10A5C000599E02000070024000600020902A0400A2
:10A5D000A42A0400F99E0200A82A0400659E020035
:10A5E00000E100E05D9E020000B5084B85B01B7DD8
:10A5F000019108468DF80C3016F09BF9019982B252
:10A6000003A8FFF71BFC05B05DF804FBAC2A0400AF
:10A6100000B583B008460DF10601ADF80620FFF73E
:10A620000FFC20B99DF8060003B05DF804FB002084
:10A6300003B05DF804FB00BF70B4234B0E46054623
:10A640000FCB85B06C4607C49DF900202380B24231
:10A6500034D09DF90130B34230D09DF90230B3427D
:10A660002CD09DF90330B34228D09DF90430B34279
:10A6700024D09DF90530B34220D0FEB19DF90730BA
:10A68000B3421BD09DF90830B34217D09DF9093071
:10A69000B34213D09DF90A30B3420FD09DF90B306D
:10A6A000B3420BD09DF90C30B34207D09DF90D3069
:10A6B000B34203D0002005B070BC7047012085F87C
:10A6C0001E6705B070BC7047C42A040090F91E07CD
:10A6D000704700BF70B5044682B0D0F82C070D4615
:10A6E0000EF04CFC4FF47A7206460023A90DA80226
:10A6F00014F094FF002302460421D4F82C070093A1
:10A700000EF010FC0EB102B070BD0096D4F82C070C
:10A710003346324603210EF005FC02B070BD00BF87
:10A7200070B500F5E66400F5F065002654F8040FF6
:10A7300020B1FEF765F808B10136F6B2AC42F5D1AA
:10A74000304670BD132906D800EB8101D1F83407DB
:10A7500008B1FEF755B80020704700BFB0F83207C7
:10A76000704700BF01290CBFB0F80E07B0F81407FE
:10A77000704700BF13299ABF00EB8101D1F834075D
:10A780000020704710B5064C0021D4F828070CF0C3
:10A79000C3FED4F824070021BDE810400CF0BCBE75
:10A7A0003465002090F8303703B9704710B582B097
:10A7B000D0F82C470DF046FD0023024600932046BA
:10A7C00001210EF0AFFB02B010BD00BFF0B583B0A9
:10A7D000002405462346D0F82C0700942246032186
:10A7E0000EF0A0FB05F5E66605F5F06756F8040FD8
:10A7F00020B1FEF705F808B10134E4B2BE42F5D14C
:10A8000095F8303743B1211E18BF01210C2003B049
:10A81000BDE8F0400FF08ABE03B0F0BD0148FFF77D
:10A82000F5BC00BF346500200020704708B5183023
:10A83000FDF762FE003818BF012008BD30B585B0B5
:10A84000044641F60F016846FFF776FA694620464E
:10A85000FFF740FA25466846FFF75CFA084B45F8D3
:10A86000183B684642F61921FFF766FA6946284602
:10A87000FDF7B0FD6846FFF74DFA204605B030BD44
:10A88000DC2A040030B583B00446FFF707FA08B1AC
:10A8900003B030BD0546122104F118000190FDF708
:10A8A000DFFD01982A461121FDF7F0FD01980121F5
:10A8B000FDF7DAFD019803B0BDE83040FDF7A6BA18
:10A8C000C16180F83D207047016380F842207047E5
:10A8D00070B584B0044641F60A016846FFF72CFAC9
:10A8E00069462046FFF7F6F96846FFF713FA204657
:10A8F0000E4B40F8183B2422002115F037F90C4E7E
:10A900000C480D4AE06200232364E36384F844307A
:10A910001225062113232046E66184F83D5084F871
:10A920004110226384F8423004B070BD0C2B040047
:10A93000902A0400E82A0400F02A04002DE9F047D8
:10A940009AB00646FFF7AAF98046002846D1336A36
:10A95000002B4ED0736A002B56D0C6F5275909F14B
:10A96000270906F1140406F1380706F13C0554F8EE
:10A97000043F04A873B3FDF7FDFC2268B36B09EB39
:10A9800005019A4289B2684608BF42F65021FFF796
:10A99000D3F9694604A8FDF753FD6846FFF7BAF9F5
:10A9A00004A8FDF759FD022104A8FDF759FD2978F7
:10A9B00004A8FDF759FD04A8FDF728FA824604A86B
:10A9C000BAF1000F0ED12A782168FDF779FD04A8AD
:10A9D000FDF702FABC4205F10105C8D140461AB0A4
:10A9E000BDE8F087FDF7F8F9D04640461AB0BDE85B
:10A9F000F0870FF09FFB044615F09BFF736A3462EB
:10AA000086F83E00002BA8D10FF054FB044615F049
:10AA100090FF746286F83F009FE700BF10B50023E7
:10AA200004461A46012100F069F8024B23602046D3
:10AA300010BD00BF642B040000B583B00B220B4691
:10AA400000924FF6FF71012200F046F803B05DF866
:10AA500004FB00BF30B5002383B004461A4601A9A9
:10AA60000B25ADF8045000F033F82046002100F02B
:10AA700027F82046002100F025F820460849442206
:10AA800000F022F8204600F07DFA044620B905487F
:10AA90000C220921FEF720FA204603B030BD00BF8A
:10AAA000182B04003465002010B514460846FDF745
:10AAB000D1FC2378003B18BF0123437710BD00BFB2
:10AAC000C176704701777047C0E90912704700BF2F
:10AAD000C0E90B124363704730B414461A46029B18
:10AAE00034B1013CE4B204EB840504EB4504E4001A
:10AAF000C06B9BB2204430BCFDF71EBD2DE9F04178
:10AB000084B004460E46684641F6120115461F46BB
:10AB1000FFF712F969462046FFF7DCF8A0466846C1
:10AB2000FFF7F8F83A4B48F8543B42F64C21684698
:10AB3000FFF702F969464046FDF74CFC6846FFF70F
:10AB4000E9F80020334A26764FF40073C4E909007F
:10AB5000C4E90C00C4E91000C4E913006576A776C7
:10AB6000E2612384E062E076A063E063A06436B92A
:10AB7000EDB9A57E9DBB204604B0BDE8F0814FF045
:10AB80005808082518FB065528460EF0D9FC00F198
:10AB90000807C0E9008646193D4628465835FDF7A6
:10ABA000E9FBB542F9D1657EE763002DE1D04FF0B6
:10ABB0005808082618FB056630460EF0C1FC00F167
:10ABC0000807C0E9008506443D4628465835FDF78C
:10ABD000D1FBB542F9D1A57E2764002DCBD04FF033
:10ABE0005808082618FB056630460EF0A9FC00F14F
:10ABF0000807C0E9008506443D4628465835FDF75C
:10AC0000B9FBAE42F9D12046676404B0BDE8F081DB
:10AC1000782B0400000101012DE9F043C37EB1B09F
:10AC200004460DF16808002B40F09180037F002B53
:10AC300040F08D80002533E0E36B03EBC609FFF79E
:10AC40007BF841464846FDF7FBFB4046FFF762F8BC
:10AC5000E06B12213844FDF703FCE06B002238441E
:10AC60002121FDF713FC05F10109E06B5FFA89F979
:10AC7000384449460122FDF717FCE36AE06B2DB228
:10AC80002BB1384433F81510FDF7EEFBE06B50F8AC
:10AC9000363038449B6898470546002853D14D46C6
:10ACA000237E05EB850605EB4606AB42404642F6A1
:10ACB0004D214FEAC607BFD8637E002B73D0002614
:10ACC00006E0206C4844FDF717FC637EB3426AD966
:10ACD000206C06EB860706EB470700EBC70542F63C
:10ACE0004D214046FFF728F841462846FDF7A8FBCE
:10ACF0004046FFF70FF8206C4FEAC70948440E2181
:10AD0000FDF7AEFB206C212211464844FDF7BEFB47
:10AD1000731C206C3546DEB2484431460222FDF7F2
:10AD2000C3FB236B2BB1206C33F815104844FDF79F
:10AD30009BFB206C50F8373048449B689847054689
:10AD400001460028BDD0284631B0BDE8F08342F668
:10AD50004E214046FEF7F0FF58200EF0EFFB414633
:10AD60000546FDF737FBA5634046FEF7D3FFA06B12
:10AD7000002800F08D800621FDF772FBA06B0121F9
:10AD8000FDF772FB7E49A06B0122FDF785FBA06BEE
:10AD900003689B68984705460028D4D1617FA06B63
:10ADA000FDF7AAFB46E742F64B214046FEF7C4FFFB
:10ADB000414604A8FDF70EFB4046FEF7ABFF04A892
:10ADC000FDF74AFB04A80221FDF74AFB002204A874
:10ADD0002121FDF75BFB218D04A8FDF745FB04A8AD
:10ADE000FDF714F8054600284BD1228D616A04A8AE
:10ADF000FDF766FBE37E002B74D1237F002B4CD143
:10AE000042F64A216846FEF797FF69464046FDF73D
:10AE1000E1FA6846FEF77EFF4046FDF71DFB022182
:10AE20004046FDF71DFB002221214046FDF72EFB89
:10AE300004214046FDF718FB4046FCF7E7FF0546B6
:10AE4000E0B9042204F11E0140465434FDF738FBFA
:10AE500020460421FDF704FB294621222046FDF768
:10AE600015FB20460121FDF7FFFA2046FCF7CEFF37
:10AE7000054618B920462946FDF73EFB4046FCF73B
:10AE8000ABFF04A8FCF7A8FF284631B0BDE8F0836B
:10AE90000425284631B0BDE8F08342F63321404610
:10AEA000FEF74AFF58200EF049FB41460546FDF7E4
:10AEB00091FA25654046FEF72DFF206D1221FDF722
:10AEC000CFFA206D0521FDF7CFFA206D0022212158
:10AED000FDF7DCFA206D03689B689847054600285B
:10AEE0008ED0CEE742F622214046FEF725FF5820BD
:10AEF0000EF024FB41460646FDF76CFAA664404678
:10AF0000FEF708FFA06C1221FDF7AAFAA06C082139
:10AF1000FDF7AAFA2A46A06C2121FDF7B7FAA06C2A
:10AF200003689B68984705460028AAD142F632215B
:10AF30004046FEF701FF58200EF000FB4146054653
:10AF4000FDF748FAE5644046FEF7E4FEE06C0E21AA
:10AF5000FDF786FAE06C0121FDF786FA2122E06C0C
:10AF60001146FDF793FAE06C03689B689847054625
:10AF7000002886D10146E06CFDF7BEFA3DE700BF30
:10AF8000A9AA0200436A6BB1836A10B504463BB1BB
:10AF9000FEF784FE28B92046BDE81040FFF73CBE0E
:10AFA000072010BD07207047002201214270C0E930
:10AFB00001220170C2818281704700BF10B5044632
:10AFC000017001B110BD0A200CF010F8606010BDD6
:10AFD000037810B5044643B1002301226370C4E92D
:10AFE0000133E381A381227010BD40680CF09CFD09
:10AFF000F2E700BF002381608281C381704700BFF8
:10B00000037870B504460D46B3B9466801236370F2
:10B010004FF47A720023A802A90D14F0FFFA01463A
:10B0200030460CF005FC98B9237800264FF0FF3528
:10B030006670A3B9284670BD0322002101200BF0E1
:10B0400093FF064660600028E0D14FF0FF35F1E73E
:10B05000E58923780026ADB26670002BEAD06068DF
:10B060000CF062FD6660284670BD00BF40787047F6
:10B0700038B504468089824228BF0246154619B178
:10B08000A06814F04BFDA089E389A26815FA83F348
:10B09000401B9BB22A44A081E381A260284638BDB0
:10B0A000406820B100231A4619460BF0D1BF704703
:10B0B000B1DF7047B2DF704708B50F480BF0B4FB43
:10B0C0000E490D4805F094FE28B10D490A4805F0D7
:10B0D0008FFE50B108BD0949074805F0A5FE084993
:10B0E000054805F085FE0028F4D1BDE80840044974
:10B0F000014805F099BE00BF1C7A0020842B040093
:10B10000982B040070B586B00E4603230021054637
:10B1100014460093044A0496084603AB039505942D
:10B120000EF05EFF06B070BDF1B3020070B586B0E0
:10B130000323144606460D460093104603AB044A0B
:10B1400005940721CDE903650EF04AFF06B070BDF6
:10B1500021B5020030B50A4691B08979537903913F
:10B1600011790293D378094D094C0191009393789A
:10B17000527801280CBF2946214604A815F084FB0B
:10B1800004A9044805F0A8FE11B030BDAC2B0400A2
:10B19000DC2B04001C7A00202DE9F043D1B00B78A1
:10B1A000032B04AF0D460446904668D95A08022A7C
:10B1B0005ED14F4A4F49504BDFF84891012818BFE4
:10B1C00011460022381D06F05FF84B4907F1680070
:10B1D00005F090FF07F1CC0611E00246414607F169
:10B1E000680006F079F808F1380229464846FEF76B
:10B1F00033F9044678BB07F1680006F0E3F8002253
:10B20000391D304606F010F907F1D0000DC8D7F807
:10B21000DC10D7F8E4407B67D7F8E83097F8E0C057
:10B22000F8663A67B967412207F1EC0107F1880037
:10B23000C7E9204387F87CC014F070FC07F1680070
:10B2400006F0ECF8044607F1680044B105F0F2FEA0
:10B250005028D0D1C1E707F1680006F0B3F8381DD7
:10B2600006F0B0F8204607F59A77BD46BDE8F083B2
:10B270000024204607F59A77BD46BDE8F083E946ED
:10B280008CB08979AB786A780391697902912979D0
:10B2900001911A4E1A49E878009004AD012C08BFBC
:10B2A0003146284607F1CC0615F0EEFA1249304631
:10B2B00005F020FF29463046002205F0C9FF04466C
:10B2C00050B90024304606F07DF82046CD4607F5FB
:10B2D0009A77BD46BDE8F083304605F0ABFE021E0E
:10B2E000EFDD92B24146304605F0F6FFEAE700BFD7
:10B2F000982B0400842B04001C7A0020AC2B040043
:10B30000DC2B040054650020F0B5ADB0957993783E
:10B31000344E1446527803956579029594F804C02A
:10B32000CDF804C0304DE478009404AF0C460128F9
:10B330000CBF3146294607F10C0015F0A5FA2B4B3E
:10B3400007F10C0107F13C00002205F09DFF07F119
:10B350003C0006F063F840B9002407F13C0006F019
:10B3600031F82046A437BD46F0BD07F13C0005F09A
:10B3700061FE051E08DD07F13C0005F0EBFF291812
:10B3800007F13C0005F0C8FF07F13C0005F052FE54
:10B39000051E08DD07F13C0005F0DCFF291807F168
:10B3A0003C0005F0B9FF07F13C0005F043FE002822
:10B3B000D2DDC31D23F007036D46ADEB030D82B252
:10B3C00004A907F13C00C7E9001205F085FF2046FB
:10B3D000D7E900120323FFF76BFEB0FA80F464098B
:10B3E000AD46BAE7AC2B0400DC2B04001C7A00202D
:10B3F000F0B5B5B092F84E5092F84A30434E14462C
:10B4000092F84920039594F84D50029594F84C50C9
:10B41000019594F84B5000950D463D4904AF012825
:10B4200018BF314607F12C0015F02EFA394807F104
:10B430002C0105F0DDFC6E4600284AD1354B07F1A2
:10B440002C0107F15C00012205F01EFF07F15C00F2
:10B4500005F0E4FF18B9C437B546BD46F0BD50212C
:10B4600007F15C0005F014FE5022214607F15C0054
:10B4700005F04CFD0023294627487B61C7E90333CB
:10B48000C7E90633C7E90833BB62FFF773F907F171
:10B490000C012022FDF7D8FA3B7B03B307F10C0027
:10B4A00015F047FA013082B2C1B207F15C007A6050
:10B4B00005F0EEFD7A6807F10C0107F15C0005F07C
:10B4C00025FD07F15C0005F07DFFC437B546BD469C
:10B4D000F0BD07F12C010F4805F0FEFCAEE794F833
:10B4E000491094F84D3094F84E20039194F84A1086
:10B4F000029194F84B10019194F84C10009107F1CF
:10B500000C00064915F0C0F9C8E700BFDC2B0400A9
:10B51000AC2B04001C7A0020346500200C2C0400A5
:10B520002DE9F043ADB00C4604AF002103230646DD
:10B530001546204607F10A027981FFF7BBFD7B899A
:10B54000E84623B9A437C546BD46BDE8F0830733B6
:10B55000DB08A8EBC3039D460DF11009204607F157
:10B560000A0249460323FFF7A5FD04460028E9D156
:10B57000A979AB786A780391697902912979019167
:10B580003D483E49ED780095012E08BF014607F180
:10B590000C0015F079F93A4B07F10C0107F13C006A
:10B5A000012205F071FE07F13C0005F037FF00288D
:10B5B000C8D0214607F13C0005F0AEFE07F13C0083
:10B5C00005F038FD041E08DD07F13C0005F0C2FE61
:10B5D000211807F13C0005F09FFE07F13C0005F043
:10B5E00029FD041E08DD07F13C0005F0B3FE21181B
:10B5F00007F13C0005F090FE07F13C0005F01AFD54
:10B600007C8980B2A04213D0E1B207F13C0005F082
:10B610003FFD2246494607F13C0005F077FC07F163
:10B620003C0005F0CFFEA437C546BD46BDE8F0831B
:10B63000E31D6D46DB08A5EBC3039D4604A9224626
:10B6400007F13C00796005F047FE79687A89484641
:10B6500014F056FA08B9AD46E1E707F13C0005F0F1
:10B6600095FE7B89DB43191807F13C0005F054FE79
:10B67000AD467C89C8E700BFAC2B0400DC2B04007E
:10B680001C7A002038B590F8E8500DB1284638BD36
:10B69000012380F8E830044610F044FD0028F5D17D
:10B6A0002046BDE8384000F0ADB800BF10B5044CEE
:10B6B000204600F0A3F8002384F8E83010BD00BF56
:10B6C000C06C002003680A689A4201D000207047CD
:10B6D00070B5044684B04FF453700D460BF0C2FBB6
:10B6E0000646B0B10C4800F0ABF823460435002103
:10B6F00053F8042B0095CDE90161084910F0ACFB2B
:10B70000044630460BF0C8FBB4FA84F0400904B09C
:10B7100070BD002004B070BDC06C002035AC0300CB
:10B72000F0B585B006464FF453700D4617460393A7
:10B730000BF098FB78B1044600903A46281D311D65
:10B7400003AB10F007FC054620460BF0A5FB15B92E
:10B75000039805B0F0BD002005B0F0BD00220260E6
:10B76000704700BF10B50446084610F065FC206025
:10B77000003818BF012010BD00220260704700BFD2
:10B7800010B50446084610F057FC2060003818BF7A
:10B79000012010BD00230360704700BF00B583B0D7
:10B7A0000430019201AB0A46042110F0CFFA18B917
:10B7B000019803B05DF804FB002003B05DF804FBC2
:10B7C000F0B5044683B04FF463700E4617460BF095
:10B7D00049FB054678B1019054F8040B00943A46B1
:10B7E0003146012310F0EEF9044628460BF054FBD5
:10B7F000B4FA84F0400903B0F0BD00BF002280F825
:10B80000E420704770B590F8E4400CB1204670BD5C
:10B81000012380F8E43005464FF4BF500BF022FBC3
:10B8200006460028F2D0314628460FF0EFFB0446CA
:10B83000B4FA84F4304664090BF02EFB204670BD48
:10B84000704700BF0146014800F056BACC6D002099
:10B8500038B500F097F940B1002405462046013480
:10B8600000F0C8FDE0B28542F9D838BD70B592B09D
:10B870001D460C46164601A84222002114F076F916
:10B88000412D5CD9631C0222DBB28DF806408DF895
:10B890000E408DF8264040F6083540F202248DF81F
:10B8A0001E308DF827308DF83130ADF804508DF80A
:10B8B00007208DF812208DF833208DF83B20ADF84D
:10B8C0000840204A069240F2012505232424ADF8C1
:10B8D00010508DF815308DF8164004231A4C8DF851
:10B8E0001F30012540F224628DF81C508DF8303055
:10B8F0000894ADF82420154D0A9508234FF41164DF
:10B900000A228DF82C30ADF82E4040238DF83420DB
:10B910000F4C8DF83C3001A9304640F2075540F2FB
:10B9200009464222ADF80C60ADF838508DF843302E
:10B93000CDF83F4014F0F2F8422012B070BD002064
:10B9400012B070BD20010524240202050705800302
:10B9500007058002007EFF280AD010B500F0F8FC31
:10B96000044608B1204610BD0EF05AFA204610BD1C
:10B9700000207047007EFF280ED000B583B00DF187
:10B98000070100F02DFD20B19DF8070003B05DF820
:10B9900004FB4FF0FF30F9E74FF0FF30704700BF76
:10B9A000007EFF280FD000B583B001220DF1070102
:10B9B00000F0DAFC20B19DF8070003B05DF804FB4D
:10B9C0004FF0FF30F9E74FF0FF307047007EFF285F
:10B9D00001D000F00FBD7047007EFF2801D000F0BD
:10B9E00069BD0020704700BFF8B50646007EFF28FD
:10B9F0001CD017465AB10D46144600F083FC294668
:10BA0000224680B1307E00F039FD241A01D138463B
:10BA1000F8BD05440EF004FA307E00F073FC2946B0
:10BA200022460028EED13F1B3846F1E70020F8BD42
:10BA300070B50368184A5B6882B093428DF80710AE
:10BA400021D10546007EFF2823D000F05BFC0DF1DC
:10BA5000070601243146224688B1287E00F00EFDFB
:10BA6000241A02D1012002B070BD06440EF0D8F9AC
:10BA7000287E00F047FC314622460028EDD1C4F173
:10BA8000010002B070BD01220DF10701984702B01C
:10BA900070BD002002B070BDE9B9020070B592B06F
:10BAA0001D460C46164601A84222002114F05EF8FD
:10BAB000412D5CD9631C0222DBB28DF806408DF863
:10BAC0000E408DF8264040F6083540F202248DF8ED
:10BAD0001E308DF827308DF83130ADF804508DF8D8
:10BAE00007208DF812208DF833208DF83B20ADF81B
:10BAF0000840204A069240F2012505232424ADF88F
:10BB000010508DF815308DF8164004231A4C8DF81E
:10BB10001F30012540F224628DF81C508DF8303022
:10BB20000894ADF82420154D0A9508234FF41164AC
:10BB30000A228DF82C30ADF82E4040238DF83420A9
:10BB40000F4C8DF83C3001A9304640F2075540F2C9
:10BB500009464222ADF80C60ADF838508DF84330FC
:10BB6000CDF83F4013F0DAFF422012B070BD002044
:10BB700012B070BD200105242402020507058003D0
:10BB800007058002014B1878704700BFC86D002080
:10BB9000037EFF2B02D1074B1A7802B1704706498A
:10BBA00002764161012200F1100104481A7000F090
:10BBB00043B800BFC86D00202C2C0400CC6D0020C1
:10BBC000007EFF280ED000B583B000F09BFB10B1C3
:10BBD00003B05DF804FB01900EF022F9019803B068
:10BBE0005DF804FB0020704701B900B1704700B553
:10BBF00083B0694600F09CFB009BB3F5966F02D0C2
:10BC000003B05DF804FB00F029FBF9E730B4084B02
:10BC1000084AFF2002F108054FF47A7400213032FF
:10BC200018761D609C601A6130BC5960596170477C
:10BC3000AC6D00203C2C0400F8B50546B0F81801A6
:10BC40006C69B5F81A310A680E4604441B1A176865
:10BC500095F81C119BB222463046B84750B32218C3
:10BC600094423CD2766806E0052B25D023780BB3AE
:10BC70001C44A24233D96378042BF5D1E378002B1E
:10BC8000F4D195F81C11013185F81C11002EEDD06E
:10BC900095F840110729E9D801F1480745F82760D0
:10BCA000217295F84011013185F840111E46237824
:10BCB000002BDDD10020F8BD94F90230002B08DB09
:10BCC00095F81E31591C85F81E11A1780B43A370FD
:10BCD000CCE795F81D31591C85F81D11F5E7B5F82D
:10BCE00018216B69104480B2A5F81801588095F8A6
:10BCF0001C211A710120F8BD2DE9F043284DDFF811
:10BD0000B090AC4604468846BCE80F0089B003AF4B
:10BD10000FC703AE0FCE05F1140E25460FC59EE8E2
:10BD20000700DCF800303B806B4636682E8003C38A
:10BD30006B4603CB1B4EA06104F118034FF4807CCB
:10BD40000125E16184F82020636140F2EF220023A5
:10BD50001548C4F8189140F209470421A4F81CC101
:10BD6000C4F8280184F84011A280C4F82C31C4F82A
:10BD70003031C4F83431C4F83831C4F83C314FF4B0
:10BD8000E131C4E94876094884F81E51A571FFF7EE
:10BD9000FFFE404600F050FA284609B0BDE8F083A7
:10BDA0008C2C0400702C0400902A0400AC6D002040
:10BDB000090000012DE9F04F04468BB0002900F086
:10BDC0009180032900F09C8090F840318B4240F232
:10BDD000CB80483100F5A27550F821603278002AF6
:10BDE00000F0E78000231946374603E00131725C1A
:10BDF0007718CAB102F14000C0B20128F6D9F42A7E
:10BE0000F4D8100618D40120A2F55847B7F5006FF2
:10BE1000ECD30144202B00F0C98025F81320725C7C
:10BE200001337718002AE5D1DBB201335B0043F41C
:10BE3000407304F5A17C5DE002F0E000C02800F052
:10BE4000A18002F0F000E02800F0918002F0F800FC
:10BE5000F028CBD102F007024FF0040E787800F002
:10BE6000C00CBCF1800FC1D197F802C00CF0C00823
:10BE700000F03F00B8F1800F40EA8212B6D10CF01A
:10BE80003F0CBEF1030F4CEA821275D0F87800F037
:10BE9000C007802FAAD100F03F0040EA8212A2F52D
:10BEA0008030B0F5801F38BF4FF0040E9ED2A2F54F
:10BEB0005840B0F5006F99D3B2F5803F7144A9D3D3
:10BEC0001E2BB1DCA2F580325800970A2844C2F339
:10BED0000902A7F52057A2F5105225F813704280E9
:10BEE000023384E7D0F82031A0F8443100F5A17C7A
:10BEF0004FF44173A4F8423160460BB0BDE8F08FB7
:10BF000002A800F0ADF904F5A17C019020B300F186
:10BF1000FF3B5FFA8BF3284F04F1040B0DF1080A85
:10BF20000BEB830BA64606AE97E80F001AF8018BC1
:10BF300086E80F0008F00F090AADA94405EB1818B0
:10BF400019F8109C18F8103CAEF84691AEF8443140
:10BF50000EF1040EDE45E7D1019B5B00DBB201333D
:10BF60005B0043F44073C5E74FF0000CC4E702F0F8
:10BF70000F024FF0030E71E7A2F50060B0F5784FA5
:10BF800095D333E7787800F0C007802F02F01F02C6
:10BF90007FF42CAF00F03F0040EA8212A2F1800053
:10BFA000B0F5F06FBFF422AF02202DE740F242332C
:10BFB0003FE740F202333CE7782C0400004870472A
:10BFC000CC6D0020014B5869704700BFCC6D00203C
:10BFD0000A4601460148FFF7EDBE00BFCC6D0020C8
:10BFE000024B186800B10069704700BF506F002015
:10BFF00030B40848BDF80850046844B1646934B1ED
:10C000000846A44611461A462B4630BC604700201D
:10C0100030BC7047506F002030B40848BDF808505D
:10C02000046844B1A46934B10846A44611461A46CE
:10C030002B4630BC604730BC704700BF506F0020BB
:10C04000024B186808B190F850007047546F0020F8
:10C050002DE9F047244C2568002D42D01F4600EB07
:10C06000C00305EB83030446D3F818A08946904625
:10C07000C600BAF1000F30D0504614F05AFC082820
:10C08000024628BF0822344405EB8405D5E907643D
:10C09000DFF85CC0154B002E08BF66465146484687
:10C0A000002C08BF1C4613F039FD304614F041FC4B
:10C0B00010280246314628BF1022404613F02EFDBC
:10C0C000204614F036FC042802462146384628BF94
:10C0D0000422BDE8F04713F021BDDFF818A00822C4
:10C0E000D1E7BDE8F08700BF546F0020C82C0400E2
:10C0F000B82C0400AC2C0400F8B50B4F3B688BB196
:10C1000000EBC00503EB850504466A69C6001AB159
:10C1100090473B6885F82A00344403EB840393F886
:10C120002A00F8BD1846F8BD546F0020074B1B6865
:10C130005BB100EBC00003EB800010B4038D446AD8
:10C140000C605DF8044B138070477047546F0020FB
:10C150000A781E2A01D10020704710B520221C4603
:10C160000521002300F078FF204610BD30B4094CB3
:10C17000029A256855B1044604EBC40405EB840417
:10C1800008461946A3680BB130BC18474FF0FF3082
:10C1900030BC7047546F002030B4094C029A2568B7
:10C1A00055B1044604EBC40405EB84040846194663
:10C1B000E3680BB130BC18474FF0FF3030BC70471C
:10C1C000546F0020054B1B6833B100EBC00003EB3C
:10C1D0008000036903B11847704700BF546F002007
:10C1E00000B5104B402283B083F8272303F030FFC3
:10C1F0004FF080430024D3F838548DF8004068464F
:10C200000DF0B8F9084B019301A80DF003FA0DF0F9
:10C210000DFAEB0702D401F009FFFCE7204603F01A
:10C2200053FDF8E700E100E02DC2020003F04CBD31
:10C23000002003F029BA00BF00B5002383B0032219
:10C24000CDE9002303490448C8220BF00BFE03B0DC
:10C250005DF804FBCC2C0400E1C102000DF0D0BF5E
:10C260004FF08052536E1BBA0360136E1BBA4360CB
:10C270000820704700487047D42C040070B51F4D4B
:10C280002B68B3B199B91478C4F34114012C0BD0C5
:10C29000022C07D15478012C0DD0022C07D19388A1
:10C2A000072B21D0084670BD517822290CD00120DF
:10C2B00070BD184670BDDC69F4B123781146224682
:10C2C000BDE8704002F070BE5188003918BF0121EE
:10C2D0001976114602F04EFE2A68136A002BE6D04A
:10C2E000107E9847204670BD054C11462389224692
:10C2F000BDE8704002F058BE204670BD586F002067
:10C300000460002010B5044601F0ECFD08B90020DF
:10C3100010BD01F0EFFD0028F9D104484FF45A7325
:10C3200003FB0400007900F0010010BD5C6F0020E9
:10C33000064B4FF45A7202FB003050F8063F0B6078
:10C34000838882798A718B80704700BF5C6F002080
:10C3500008B5044B4FF45A7202FB0030103001F064
:10C3600025FC08BD5C6F00202DE9F0414FF45A75A3
:10C3700005FB00F5194F05F110043C4492B220462C
:10C3800001F040FC0646204601F02AFC3F2802D876
:10C390003046BDE8F08107EB0508002098F803104F
:10C3A00002F01EFD0028F3D0204601F019FC3F28C2
:10C3B0000BD905F53A7298F803103A44402300204F
:10C3C00002F072FD3046BDE8F08198F803100020BD
:10C3D00002F03EFD3046BDE8F08100BF5C6F0020FA
:10C3E000034B4FF45A7202FB0030103001F07CBC5A
:10C3F0005C6F00202DE9F041044601F073FD10B997
:10C400000020BDE8F08101F075FD06460028F7D157
:10C410004FF45A71DFF8608001FB04F404F12C053D
:10C420004544284601F0C2FB0028E9D008EB040788
:10C430003046B97802F0D4FC0028E1D004F54A7403
:10C44000444428462146402201F0DCFB054660B109
:10C45000B978224630462B4602F026FD40B9054BFE
:10C460001B68DB07CCD500BECBE7B97802F0F0FC47
:10C470002846C6E7F0ED00E05C6F002038B50C4BB5
:10C480004FF45A7404FB00342C3492B20546204613
:10C4900001F06AFC034620461C4601F087FB3F285A
:10C4A00001D8204638BD2846FFF7A4FF204638BDF6
:10C4B0005C6F002008B5044B4FF45A7202FB003049
:10C4C0002C3001F08DFB08BD5C6F0020F0B51C4CDA
:10C4D00083B000214FF45A72204601250E4613F016
:10C4E00045FBFF234FF4424204F148016371E280AF
:10C4F0002B460827009604F110004FF48072277332
:10C500002581668101F016FB2B464FF4807204F5FD
:10C51000A471009504F12C0001F00CFB04F51271DC
:10C5200028460AF045FF04F5267103462846C4E96B
:10C5300009630AF03DFFC4E9100603B0F0BD00BF77
:10C540005C6F002010B5094B002203F12C0403F1AD
:10C5500010001A601A7101F07DFC204601F07AFC8F
:10C5600020460121BDE8104001F09CBC5C6F00201A
:10C570002DE9F0414B79022B82B002D18B79022B4D
:10C5800004D00025284602B0BDE8F081314FBB78C9
:10C590002BB1314B1B68DB07F3D500BEF1E78B787D
:10C5A0003B700C780C440646617824294FF009054D
:10C5B0000BD1082A02D80FE0AA420DD323781C44DD
:10C5C0002B44617824299DB2F6D005291BD004297B
:10C5D00002D163790A2B28D0204801F001FB3F28C3
:10C5E000D0D9F978002002F0FBFB0028CAD01B4804
:10C5F00001F0F6FA3F28F97813D9194A40230020B0
:10C6000002F052FCBEE72146304602F0C9FB00288A
:10C61000BFD0A3787B7023781C442B4461789DB2F3
:10C62000D5E7002002F014FCACE70E4A94F8008035
:10C630000192022301320092304604EB08011A46AF
:10C6400002F03AFB0028A4D005F10E0318FA83F398
:10C650009DB2C1E75C6F0020F0ED00E06C6F002040
:10C66000447200205E6F002038B5137803F0600339
:10C67000202B0CD1264C938825789D4207D15378E6
:10C68000203B032B03D8DFE803F009151E0400202C
:10C6900038BD71B3022931D0012038BD61B1022902
:10C6A000FAD11C4B002BF7D01B490020AFF30080C0
:10C6B000012038BD0029EFD111460723164A02F0A8
:10C6C00073FC012038BDA1B10229E5D1558825713F
:10C6D00005F00104114884F0010101F0E3FB104B67
:10C6E000002BD9D0C5F3400221460020FFF77CFA89
:10C6F000D2E7114602F03EFC012038BD094B002B69
:10C70000CAD051880020AFF30080012038BD00BF9F
:10C710005C6F002000000000626F0020886F002026
:10C72000E9BB0200000000002DE9F047574DEA7810
:10C730008A420C4607461E465CD19AB205F53A710C
:10C7400005F1100001F010FB514BD3B16B79FF2BB9
:10C7500017D0B6B105F2E72808EB060AA8F2D729E8
:10C7600002E0D0450DD06B7918F8012F9A42F8D12C
:10C77000484601F02BFA0028F3D16979AFF3008025
:10C78000EFE7444B23B1444801F020FA002870D071
:10C79000414801F025FA3F2805D9E978002002F048
:10C7A0001FFB002858D1AB789C4203D001242046BF
:10C7B000BDE8F087394B13B10020AFF3008001F0E2
:10C7C00091FB20BB364801F0F1F90028EED1002E94
:10C7D000ECD016F03F06E9D1A978384602F000FB0C
:10C7E00004460028E2D0A97838463346324602F0A3
:10C7F0005BFBDCE7AB788B42DCD02A4B1C6814F087
:10C800000104D4D000BE00242046BDE8F08701F02A
:10C8100071FB04460028D5D1214801F0C7F9002852
:10C82000D0D0A978204602F0DBFA0028CAD01E49F1
:10C830004022A1F53F7001F0E5F9034608B31A4A1A
:10C84000A978204602F030FB0028AFD1154B1B68B9
:10C85000DB07B7D500BEB5E70F4801F0C1F93F28A7
:10C860000AD94023114AE978002002F01DFBAB7879
:10C870009AE7AFF300808BE7E978002002F0E8FA4E
:10C8800091E7A97802F0E4FA9CE700BF5C6F002012
:10C8900000000000000000006C6F0020000000009D
:10C8A000886F0020F0ED00E08472002044720020C8
:10C8B00002488C22002113F059B900BFC472002035
:10C8C00002488C22002113F051B900BFC47200202D
:10C8D0002DE9F0414B79032B82B011D10F79C7EBD1
:10C8E000C7051235ADB295420C4604D8DFF89C80DE
:10C8F00098F8011049B1234B1B68DA0700D500BE38
:10C900000025284602B0BDE8F08194F800C004EB91
:10C910000C0292F801E0BEF1210FECD1C8F888209A
:10C9200014F80C1008F1010E08F1020C1144CDE9C5
:10C9300000CE3A46064602F0BFF90028DBD0A379C4
:10C9400098F80210012B04BFE37988F80330012224
:10C95000D8F8883088F80420A278B3F8073088F82F
:10C960000020A8F806300029CBD0074A30464023E3
:10C9700002F09AFA0028C4D1024B1B68DB07C0D52D
:10C9800000BEBEE7F0ED00E00C730020C472002092
:10C99000F0B51446127802F01F05012D83B00FD1B7
:10C9A0000B467149A78891F800C0FFB2BC4507D17A
:10C9B00012F06002064606D183BB6278062A30D0A8
:10C9C000002003B0F0BD202AFAD16278013A0A2A89
:10C9D000F6D801A050F822F0ADCA020099CA0200B0
:10C9E00085CA0200C1C90200C1C90200C1C9020052
:10C9F000C1C90200C1C902006DCA020047CA0200D3
:10CA000005CA020063B3022B08D16388574ADBB220
:10CA10000B711AB119460020AFF30080012003B05A
:10CA2000F0BD6288120A212A65D0222AC8D1184690
:10CA3000FFF7D6FA4C490246CB883046214602F031
:10CA4000B3FA2846BDE7002BE8D162884848120AAD
:10CA50004A7128B111461846AFF300800028AFD0C4
:10CA60002146304602F086FA0120AAE7002B4ED17B
:10CA7000E388402BA4D83F4A2146304602F094FA7E
:10CA800001209EE7002BC9D13B4A214630460123B5
:10CA900002F08AFA012094E7002BBFD1374A2146E1
:10CAA0003046012302F080FA01208AE7002BB5D13D
:10CAB000E5886088402D4FEA10222F4628BF402786
:10CAC00010F0FF003ED0012D46D9013F08722C49DD
:10CAD000BFB201250B46009701460020FFF788FAF8
:10CAE0002B189BB28BBB274A1268D2077FF568AF21
:10CAF00000BE184665E7D1F88820002A3FF460AFF1
:10CB00001378214603B0BDE8F04002F04DBA022B85
:10CB100084D1E5886388402D2C4628BF402413F03B
:10CB2000FF004FEA132205D0012D03D991F84830B8
:10CB3000834214D00F4B009401460020FFF76CFA9B
:10CB400001203EE710491D46C4E70F4A2146304602
:10CB500002F02AFA012034E70B491D46BAE7013CEE
:10CB60000A4BA4B2E7E700BFC47200200000000037
:10CB7000000000000C730020C8720020C972002061
:10CB8000CD720020F0ED00E0CC7200200D7300208B
:10CB900030B51C4CA2788A4283B00CD161789142A6
:10CBA00017D1194A22B11949DAB20020AFF3008037
:10CBB000012003B030BD62788A42F2D0144B1B686A
:10CBC000DB0703D500BE002003B030BD002003B05A
:10CBD00030BD00229BB2114605460093104604F179
:10CBE0004803FFF719FAA1782846402304F14802C8
:10CBF00002F05AF90028DBD1054B1B68DA07E5D5AE
:10CC000000BED6E7C472002000000000CC720020F5
:10CC1000F0ED00E070B500F12C050446284600F068
:10CC2000C5FF08B9002070BD6178002002F0D8F877
:10CC30000028F7D004F50A7628463146402200F055
:10CC4000E1FF054660B1034661783246002002F0FC
:10CC50002BF940B9054B1B68DB07E3D500BE70BD5F
:10CC6000617802F0F5F8284670BD00BFF0ED00E0F5
:10CC700030B5164C83B000210D464FF41A72204691
:10CC800012F074FF04F1480104F110000095012333
:10CC9000802200F04FFF802204F1C801012300959B
:10CCA00004F12C0000F046FF04F5A47101200AF005
:10CCB0007FFB04F5CC7103460120C4E909530AF057
:10CCC00077FBC4E9100503B030BD00BF58950020C4
:10CCD00010B5084C002304F11000C4E90033C4E986
:10CCE000023301F0B7F804F12C00BDE8104001F068
:10CCF000B1B800BF589500202DE9F0434B79012BC6
:10CD000083B002D18B79012B04D00025284603B0D3
:10CD1000BDE8F083CB79002BF7D10B78CC18064611
:10CD20006578242D99B20BD1914202D9EDE78A4260
:10CD3000EBD323781C440B446578242D99B2F6D0AC
:10CD4000042DE2D16379012BDFD1A379032BDCD150
:10CD5000E579002DD9D1DFF8CC8098F8010098F85A
:10CD6000023050EA030905D02B4B1B68DB07CCD5FA
:10CD700000BECBE7A37888F8003027782079CB195C
:10CD80009DB2274430B922E03B7881451D44ADB2C5
:10CD90001F441CD2AA421AD37B78052BF4D1394602
:10CDA0003046019201F0FCFF019A68B3BB7820790C
:10CDB000D90914BF88F8013088F80230397809F1B0
:10CDC00001030D445FFA83F9ADB20F44DCE7134869
:10CDD00000F006FF3F2899D998F80210002001F0D2
:10CDE000FFFF002892D00D4800F0FAFE3F2898F887
:10CDF000021005D90A4A4023002002F055F885E7C1
:10CE0000002002F025F881E7034B1B68DA077FF565
:10CE10007CAF00BE054679E7F0ED00E068950020A4
:10CE2000409700205895002000207047F8B52D4D00
:10CE3000AA788A421E4619D19AB205F5F47105F115
:10CE4000100000F091FF284B13B10020AFF30080D9
:10CE5000264800F0C5FE3F2805D9A978002001F03A
:10CE6000BFFF044668BB01242046F8BD6B788B42A7
:10CE700008D01F4B1C6814F00104F5D000BE00243C
:10CE80002046F8BD07462846FFF7C4FE0028EAD131
:10CE900005F12C0000F08AFE0028E4D1002EE2D03B
:10CEA00016F03F06DFD16978384601F099FF044655
:10CEB0000028D8D0697838463346324601F0F4FF6E
:10CEC000D2E70A4800F08CFE3F28A97805D9094A24
:10CED0004023002001F0E8FFC6E7002001F0B8FF82
:10CEE000C2E700BF589500200000000068950020B0
:10CEF000F0ED00E04097002070B52E4CE28AA36868
:10CF000052BA92B282B0054612B1B3FBF2F292B2BB
:10CF1000A06BD4F81110B0FBF2F61B1AB3F5007F2A
:10CF200028BF4FF4007309BA009302FB1602224B8C
:10CF3000607B3144FFF71AF9031E13DB09D094F824
:10CF40002E101D4A9BB2284601F0AEFF58B302B026
:10CF500070BD94F82E10009328461A4601F078FE12
:10CF600002B070BDA268A36B43F203300021D31A54
:10CF7000A08784F83E1001200221A36284F82C00CF
:10CF800084F83010002AE2D0002BE0D0237BDB09AC
:10CF900014BF94F82E1094F82F10284602B0BDE864
:10CFA000704001F0BDBF054B1B68DB07CFD500BE4D
:10CFB000CDE700BF5075002050730020F0ED00E079
:10CFC00038B5214B214C05461BB1607BAFF3008087
:10CFD000B0B1A06BA36894F82F101D4A1B1AB3F5CB
:10CFE000007F28BF4FF4007328469BB201F05CFF1E
:10CFF00000B138BD174B1B68DB07FAD500BE38BD42
:10D00000A26BA16884F83E008B1A42F207720120DD
:10D01000A2870222A36284F82C0084F83020002921
:10D02000E7D0002BE5D0237BDB0906D094F82E1047
:10D030002846BDE8384001F073BF94F82F10284609
:10D04000BDE8384001F06CBF0000000050750020C2
:10D0500050730020F0ED00E0044880F83C1080F8A8
:10D060003D2080F83E300120704700BF5075002001
:10D0700002484022002112F079BD00BF5075002007
:10D0800002484022002112F071BD00BF50750020FF
:10D090004B79082B01D0002070478B79062BFAD1F1
:10D0A000CB79502BF7D1162A06D81C4B1B68D90711
:10D0B000F1D500BE0020704770B5194D8B7885F80A
:10D0C0002D300B7882B005F12F0205F12E061944A0
:10D0D0000223CDE900261A46044601F0EDFD30B9E1
:10D0E0000E4A1268D2070FD500BE02B070BD2046AE
:10D0F00095F82F1000241F232A4685F8304001F0B0
:10D10000D3FE20B11720F0E7002002B070BD034B22
:10D110001B68DB07F6D500BE1720E6E7F0ED00E060
:10D1200050750020002961D170B5137803F07F0598
:10D13000022D84B0044620D003F06003202B02D0DF
:10D14000002004B070BD5378FE2B34D0FF2BF7D1F4
:10D150005388002BF4D1D688B3B2002BF0D13B4DCD
:10D1600011462046AE87C5E90D3385F8303085F885
:10D170003E3001F0FFFE0120E3E75578012DDBD1C1
:10D180005388002BDCD1314E938896F83020042A46
:10D19000DBB243D096F82E10994229D096F82F5042
:10D1A0009D4205D122B9294601F0ACFE00283AD0B3
:10D1B000012004B070BD5388002BC1D1D088012854
:10D1C000BED1234B8DF80F002BB10192FEF738FF33
:10D1D000019A0028B4D0451E1146204601230DF1C6
:10D1E0000F028DF80F5001F0DFFEE1E701207047DC
:10D1F000022ADDD1B26BB3689B1A0324B36206F135
:10D2000020020D2386F8304001F04EFE0028CFD1D9
:10D21000104B1B68DB0793D500BE92E7194601F05F
:10D220007FFE28468DE72946204601F095FE00281E
:10D23000BED1002386F8303096F82F10034A2046DE
:10D240001F2301F031FE0028B2D1E1E75075002024
:10D2500041C00200F0ED00E0F0B5A74C94F830506A
:10D26000012D8FB01E4607466FD0032D46D02DB13D
:10D27000022D00F0898001200FB0F0BD94F82F300E
:10D280008B42F8D11F2E40F09E809C4B22689A4220
:10D2900040F09980E37B9A4A6068A56284F82C503C
:10D2A000A5632262A56860620122282B84F83020E1
:10D2B000656300F0DA802A2B00F09F82002D00F0D9
:10D2C0002981227BD20940F02581B5F5007F40F20B
:10D2D000F78294F83C30A5620120022284F82C00E9
:10D2E00084F8302023B942F2050284F83E30A28748
:10D2F000384601F015FE94F83050B9E794F82E3016
:10D300008B42B8D10D2EB6D1E37B282B00F06D8275
:10D310002A2B00F062827B4B23B1607B04F10F016A
:10D32000AFF30080002084F83000734A94F82F1087
:10D330001F23384601F0B8FD0028DCD1724B1B6872
:10D34000DA0700F19080002096E7E37B282B12D0CB
:10D350002A2B59D0A36B227B3344D209A36347D035
:10D36000626B9A420DD9684B1B68DB07C3D500BEC0
:10D3700094F830507CE7D4E90D2333449342A363FF
:10D380006CD3022384F8303094F82E10384601F024
:10D39000E3FD00287FF46FAFA368A26B934202D92C
:10D3A000217BC9091ED19B1A0325A36294F82E1074
:10D3B000564A84F8305038460D2301F075FD002898
:10D3C0007FF459AFBAE7042394F82E1084F8303074
:10D3D000384601F0A5FD384694F82F1001F0A0FD65
:10D3E000002049E794F82E10384601F099FD42E7F5
:10D3F000A38E474A607B04F10F01FEF7A9FE0028C7
:10D40000C0F2C981A36BABE7E08A40BA80B218B121
:10D41000A368B3FBF0F080B2D4F81110A26B3C4DBE
:10D42000B2FBF0F309BA00FB13221944607B0096AB
:10D430002B46FEF7B1FE0028C0F20A82864252D97E
:10D44000002840F03382002394F82F1000933246D6
:10D45000384601F0FDFB94F8305009E7FFF74CFD2A
:10D4600094F8305004E700BE06E7E28A52BA92B25E
:10D470009DB9002A85D094F83C300222002184F81E
:10D480002C2084F83020A162002B7FF47DAF42F283
:10D49000050284F83E30A28776E7207BC0090BD0D6
:10D4A000002A00F0EE819542C0F02282282B3846F7
:10D4B000D4D0FFF785FD1EE794F83C20A562022337
:10D4C00084F82C3084F83030002A7FF411AF42F217
:10D4D00005020023A28784F83E30207BC009002883
:10D4E0003FF406AF9DE1D4E90D2333449342A36397
:10D4F000BFF447AF3846DCE7507500205553424330
:10D500005553425300000000F0ED00E0707500201C
:10D5100050730020607B252B27D8DFE813F03701FC
:10D52000260026000A0126002600260026002600E6
:10D5300026002600260026002600260026002600BB
:10D540002600E900260026002600260026002600E8
:10D550002600CF00B5002600260026002600260063
:10D56000260026007B002600520094F83C30002B59
:10D570003AD1B04AB049ABB2FEF7EAFD002833DB3E
:10D5800040F0C981A368002B3FF4FBAEA16B94F877
:10D590003C205B1A01200221A36284F82C0084F84D
:10D5A000301022B942F2050184F83E20A187002BF9
:10D5B0003FF4EAAE237BDB0940F0338194F82F106F
:10D5C00096E604AA05A9FEF7B1FD059B23B1BDF8B7
:10D5D0001020002A40F0968194F83C3023B940F2A4
:10D5E000024284F83E30A287A268A36B94F83C10F4
:10D5F0000120D31A84F82C000220A36284F83000A2
:10D6000021B942F2050084F83E10A087002A3FF4B9
:10D61000BBAECCE705AD00230DF10E0204A96B6093
:10D620000593AB60FEF782FD049A002AD4D0BDF8C2
:10D630000E30002BD0D012BA5BBA08200221ADF810
:10D640001E3006928DF817008DF81C1095E8070023
:10D65000784BA56883E807000C20002D40F0398145
:10D66000A36B94F83C205B420121A362022384F85F
:10D670002C1084F83030002A7FF486AE42F2050385
:10D6800084F83E50A3877FE66C4B002B3FF47AAFC3
:10D69000E17CC1F3400301F001020909AFF300800E
:10D6A00000287FF46FAF94F83C30002B9CD140F2FF
:10D6B00002420023A28784F83E3095E7059B604A2A
:10D6C00003F4000343F003030593002A00F01881DC
:10D6D000AFF300809DF81630564AA56880F001002F
:10D6E00060F3C7138DF81630059B13600420B4E770
:10D6F0004FF020330022CDE90A33524D069207A99C
:10D7000009AA0893079309930D930C9305AE0DABEB
:10D710000595FEF79DFC0FCEDFF818C1A568ACE8B3
:10D720000F000FCEACE80F003368CCF80030242097
:10D7300093E794F83C2094F83D0094F83E10DFF80D
:10D74000F4C04FF0000E4FF00003CDE905EECDE937
:10D7500007EE62F303038DF81630F0220A23ADF8CA
:10D7600024E08DF820008DF821108DF814208DF81C
:10D770001B3005AE0FCEACE80F003368A4F83CE0D8
:10D7800084F83EE0ACF80030122066E7FEF7B4FC07
:10D79000002888D0F6E6A268A36B94F83C0084F8D1
:10D7A0002C50D11A0225A16284F8305020B942F2DF
:10D7B000050584F83E00A587002A3FF4D1AD002975
:10D7C0003FF4CEAD237BDB0900F0948094F82E105B
:10D7D000384601F0A5FBA36BC2E51B4B002B3FF4C1
:10D7E000A1AD607BFEF7EEFC9CE5184B002B3FF4EF
:10D7F00099AD607BAFF3008094E5E28A52BA92B2B1
:10D80000002D3FF436AE207BC0093FF449AE94F8BA
:10D810003C30A562022284F82C2084F83020002BB2
:10D820007BD094F82E10384601F07AFB94F83050F3
:10D830001EE500BF507300205F750020000000004F
:10D840000000000000800202C5C1020000000000CC
:10D85000A36BA2683344D11A43F20330A3630023BD
:10D86000A08784F83E3001200223A16284F82C00B6
:10D8700084F83030002A3FF487AD00293FF484ADAE
:10D8800098E6012294F83C3084F82C200222A5620C
:10D8900084F83020002B7FF422AE42F2050284F897
:10D8A0003E30A287002D3FF46FAD16E6A36B361A0B
:10D8B0000344291832462846A36312F03DF9C2E515
:10D8C000194AABB2384601F0EFFA00287FF413ADE5
:10D8D00034E5A84228BF284683B26063124A94F810
:10D8E0002E10384601F0E0FA00287FF404AD25E55B
:10D8F0000222C7E794F82F10384601F011FB81E5AA
:10D900000120E7E60849A568013B1BBA12BAC1E944
:10D9100000320820A1E6A5689FE642F2050284F8DD
:10D920003E30A287D9E500BF5073002030B5154CBA
:10D9300083B000210D464FF4EE72204612F016F926
:10D9400004F13C01201D00950123402200F0F2F873
:10D95000402204F17C010123009504F1200000F035
:10D96000E9F804F1BC01012009F022FD04F58671FB
:10D9700003460120C4E9065309F01AFDC4E90D0568
:10D9800003B030BD9075002010B5064C2046002332
:10D9900040F8043B00F05EFA04F12000BDE81040BE
:10D9A00000F058BA907500204B79FF2B01D0002071
:10D9B00070472DE9F041324C6678A378334382B04A
:10D9C00003D0002002B0BDE8F0810D788B78237081
:10D9D000804608790F460D4408B36B78052B0AD0B2
:10D9E000AB189D4202D306E0AB4204D929780D441E
:10D9F00069780529F8D1234E0196731C02460093DD
:10DA000029460223404601F057F90346A8B13B7965
:10DA1000A178C3EBC3031D4431B96178A1B9E81BF8
:10DA200080B202B0BDE8F081402306F25B124046AE
:10DA300001F03AFA03460028EFD1134A1268D207E0
:10DA4000BFD500BE1846BDE7002001F05BFA0646D0
:10DA50000028E4D10D494022A1F5BE7000F0D2F8B3
:10DA60000028DCD003466178084A304601F01CFAF1
:10DA70000028D4D1044B1B68DB07D0D500BECEE70D
:10DA80009075002091750020F0ED00E02C770020CB
:10DA900038B5234CA2788A420AD063788B424FF083
:10DAA000000004D101F02EFA054600B3012038BD74
:10DAB0009AB204F5AE71201D00F056F9194B13B15E
:10DAC0000020AFF30080A178002001F01BFA05468A
:10DAD0000028EBD1144800F083F83F28E6D9A1785C
:10DAE000124A2846402301F0DFF9012038BD4022C8
:10DAF00004F5CE7104F1200000F084F80028D5D0A0
:10DB000003466178284604F5CE7201F0CDF900286D
:10DB1000CCD1074B1B68DB07C8D500BEC6E700BFEA
:10DB2000907500200000000094750020EC76002025
:10DB3000F0ED00E02DE9F041B2F5004F9DF81880BE
:10DB400030D80446406915460E461F4618B14FF0BE
:10DB5000FF3109F06DFEA06918B14FF0FF3109F0F7
:10DB600067FE6A0092B260692660511E002352422D
:10DB7000E381A580E78084F80880A1816281238207
:10DB800018B11A46194609F063FAA06938B10023A2
:10DB90001A46194609F05CFA0120BDE8F08101201F
:10DBA000BDE8F0810020BDE8F08100BFC189028A94
:10DBB00089B292B28B1A91429BB202D242899B1ACD
:10DBC0009BB28088984228BF18467047C289038A52
:10DBD00090B29BB2C01AB0FA80F04009704700BF03
:10DBE000C189028A89B292B28B1A914210B49BB257
:10DBF000848802D240891B1A9BB2E01A80B25DF879
:10DC0000044B70472DE9F0470546806988469146E8
:10DC100018B14FF0FF3109F00BFEEB892C8A9BB253
:10DC2000A4B21E1BA342B6B202D26A89B61AB6B219
:10DC3000AF88B74209D2BB4249D26A893A449B1A9B
:10DC40009AB22A822C8A3E46A4B2002E45D04E4576
:10DC500028BF4E46A74203D8E41BA4B2A742FBD973
:10DC6000A7EB0409B5F806A029681FFA89F94E4503
:10DC70000AFB041125D919FB0AF91FFA89F94A464A
:10DC8000404611F04BFFF21B224412FB0AF22968B6
:10DC900092B208EB090011F041FF2A8A92B293195F
:10DCA0009BB29A421BD96A8913449BB2A8692B8202
:10DCB00020B100231A46194609F0CAF93046BDE8DA
:10DCC000F0870AFB06F2404611F028FFE5E7A98934
:10DCD000DA1B92B29142B4D2AFE72B8A9BB2AA89E7
:10DCE0009A42E3D2DFE700BF70B5044680690E4672
:10DCF00018B14FF0FF3109F09BFDE289238A92B2FF
:10DD00009BB2D01A9A4280B202D26189401A80B284
:10DD1000A588854207D2AA421DD261892944521A98
:10DD200091B221822846E0B1AB4203D35B1B9BB288
:10DD30009D42FBD9E2882168304602FB031111F0B5
:10DD4000EDFE0125A06920B100231A46194609F00D
:10DD50007FF9284670BDA089511B89B28842E0D264
:10DD6000DBE70546EEE700BF2DE9F84F1546002A30
:10DD70003FD004464069884618B14FF0FF3109F0A2
:10DD800057FDE789237A218ABFB289B2A3BB7A1AE9
:10DD90008F42A38892B252D39A1A92B2954228BF68
:10DDA0001546A5EB0309B4F806A01FFA89F99F42AE
:10DDB0003E4603D3F61AB6B29E42FBD29B1B2068A6
:10DDC0009BB29D420AFB060027D80AFB05F241469A
:10DDD00011F0A4FEEB199BB29F421AD8A2899A4275
:10DDE00017D36069E38120B100231A46194609F070
:10DDF0002FF92846BDE8F88FA3889D4223D3B4F8B5
:10DE000006A0ED1A0AFB05880F461D464FF00009D3
:10DE1000CDE7628913449BB2E3E713FB0AF31FFAD1
:10DE200083FB5A4641464E4411F078FE16FB0AF237
:10DE3000206808EB0B0192B211F070FECAE761890D
:10DE4000521A92B2A8E7A5EB0309B4F806A01FFA8C
:10DE500089F9ACE710B50446406918B14FF0FF31BD
:10DE600009F0E6FCA06918B14FF0FF3109F0E0FCC1
:10DE7000A38860695B009BB2591E5A420023E3816C
:10DE8000A1816281238218B11A46194609F0E0F88F
:10DE9000A06920B100231A46194609F0D9F80120DB
:10DEA00010BD00BF38B5044640690D4618B14FF0AB
:10DEB000FF3109F0BDFCA06918B14FF0FF3109F046
:10DEC000B7FC6069257220B100231A46194609F093
:10DED000BFF8A06920B100231A46194609F0B8F826
:10DEE000012038BD024B5878003818BF0120704718
:10DEF000C4770020024B1878C0F38000704700BF41
:10DF0000C4770020014B1878704700BFFB770020D2
:10DF10002DE9F0433A4D2E7883B01EB1304603B060
:10DF2000BDE8F083372231460446364811F01EFE24
:10DF30003549012009F03CFA344B186000283BD0E9
:10DF400033490B464A6833F8080B4988009608F0B5
:10DF5000DBFF304B186078B32F4F27B12F48AFF35A
:10DF600000802F4B18602D4E337877B32D4FDFF89C
:10DF7000B0804FF000094B4537D8A9EB0303DBB263
:10DF8000042B39D803EB430307EBC3031B68984703
:10DF9000337809F101095FFA89F91A1D4A45EADA6D
:10DFA000204601F06FF9204601F06EF90126304657
:10DFB0002E7003B0BDE8F0831B4B1B68DB07ADD5AB
:10DFC00000BE304603B0BDE8F083DFF8588001E0C2
:10DFD000052F11D007EB4703013758F83330984726
:10DFE000337804339F42F3DDDAE7D8F8003009EBE9
:10DFF000490203EBC203C9E700231B68FFDE00BF31
:10E00000FB770020C477002074770020FC77002085
:10E01000B860002000780020000000007077002029
:10E020006C770020102D0400F0ED00E02DE9F04F9A
:10E030008BB002F01BF8002800F06F81BE4DDFF8B6
:10E040001893DFF818A3DFF818B328684FF0FF32F1
:10E0500007A909F091FA002800F05F819DF81D30B2
:10E06000013B072B00F2F284DFE813F00001C90046
:10E07000A300940088003F000E000800089B002BBE
:10E08000E3D009989847E0E79DF82010AB4B01F0EA
:10E090007F0403EB440303EBD11393F825006FF3E4
:10E0A000000083F8250093F825006FF3820083F8C1
:10E0B0002500002C00F03481A14ADB7C32B1A14A5A
:10E0C00012789342C0F01C819B1ADBB2042B00F241
:10E0D0001F8103EB43030AEBC3031C699DF8212056
:10E0E000099B9DF81C00A047AFE7DFF850829DF820
:10E0F0001C6098F8003043F0010388F8003098F86D
:10E1000025306FF3000388F8253098F825306FF339
:10E11000820388F8253098F826306FF3000388F8DA
:10E12000263098F826306FF3820388F826300020D6
:10E1300000F09EFF9DF8203003F06002602A0DD0B1
:10E14000402A00F0438103F01F03012B00F09B8164
:10E15000022B00F06D81002B00F04781D9F80030D0
:10E16000DC0700D500BE9DF81C00002101F032FA4A
:10E170009DF81C00802101F02DFA66E76F4B1B789B
:10E18000DA077FF562AF704B002B3FF45EAFAFF361
:10E1900000805AE7694B1A78D1077FF556AF6B4A72
:10E1A000002A3FF452AF1878C0F3C000AFF30080EC
:10E1B0004BE7644C624F2278002F00F0F480002679
:10E1C00014E0B31ADBB2042B00F2FD8003EB43032F
:10E1D0000AEBC3035B691BB19DF81C0098472278CA
:10E1E0000136F6B2131DB342FFF62FAFB242E8D9A3
:10E1F000DBF8003006EB460103EBC103EAE7514CC4
:10E200004F4F23789DF81C60002F00F0BA80002744
:10E21000BB4267D8FB1ADBB2042B00F21F8403EB6E
:10E2200043030AEBC3035B68304698472378013702
:10E23000FFB21A1DBA42EBDA372200213F4811F033
:10E2400095FC434B4FF0FF321A605A609A60DA60D7
:10E250001A615A619A61DA611A8400F0FFFE3D4B3F
:10E26000002B3FF4F2AEAFF30080EEE6354C344FB6
:10E2700023789DF81C60002F5AD000279F4238D386
:10E28000FB1ADBB2042B00F2E98303EB43030AEB36
:10E29000C3035B683046984723780137FFB21A1DE5
:10E2A000BA42EBDA254C37220021204611F05EFC01
:10E2B0004FF0FF33C4F80330C4F80730C4F80B3014
:10E2C000C4F80F30C4F81330C4F81730C4F81B304A
:10E2D000C4F81F30A4F8233000F0C0FE9DF82030B1
:10E2E000A370B2E6DBF8003007EB470203EBC20392
:10E2F00099E7DBF8003007EB470203EBC203C8E7FE
:10E30000DBF8002003EB430312EBC3037FF4E5AE1D
:10E31000114B1B68D80700D500BE0BB0BDE8F08FCD
:10E32000099B9DF821209DF81C0000F0B3FE8CE6AF
:10E33000DFF8288019E000BF00780020C4770020B3
:10E3400000000000707700200000000000000000C6
:10E35000C777002000000000F0ED00E0102D040061
:10E360006C770020052F00F07983D8F80430304610
:10E3700098472378013704339F4208F11808F1DDEC
:10E3800090E7DFF8508302E0052F00F06783D8F8AC
:10E39000043030469847237801370433BB4208F1F4
:10E3A0001808F1DA48E7CB4E73691BB19DF81C00E1
:10E3B000984722780137131D9F4206F118063FF750
:10E3C00044AE052FF0D100235B69FFDEC248002870
:10E3D0003FF4C9AE00F04CFE304608AA0021FDF71C
:10E3E0004DFF00287FF431AEBDE6202A00F0848086
:10E3F000002A7FF4B3AE9DF82130092B3FF6AEAE74
:10E4000001A252F823F000BF8FE502008FE6020060
:10E410005DE102006FE602005DE1020051E60200EC
:10E42000FDE502005DE10200E5E50200B3E5020062
:10E430009DF8241001F07F03082B3FF68FAE08EB08
:10E44000430000EBD110A54CC07C5B00CF0934B178
:10E45000A34C2478A042C0F08E80001BC0B20428D8
:10E4600062D800EB40000AEBC004002A60D0E068EC
:10E4700000F0FEFDE368304608AA00219847002816
:10E480007FF4E3AD6FE69DF824300F2B3FF66BAEC3
:10E490004344924ADB782AB1914A1278934261D37D
:10E4A0009B1ADBB2042B3FF65EAE03EB43030AEB91
:10E4B000C304E06800F0DCFDE36808AA00213046F0
:10E4C000984700287FF4C1AD9DF8203013F0600418
:10E4D0007FF449AE9DF821300A3B012B3FF643AE55
:10E4E00000F0C6FD9DF821300A2B00F07B8108A9C1
:10E4F000304600F03FFDA8E59DF824300F2B3FF695
:10E5000032AE4344754ADB7832B1754A1278934291
:10E51000C0F04D819B1ADBB2042B3FF624AE03EB17
:10E5200043030AEBC304A2E7002A7FF41CAE14469F
:10E530009DF8212002F0FD00012800F00A81002A48
:10E540007FF40CAE43443B44304693F825400DF134
:10E550001A02C4F34004022308A9ADF81A4000F0DF
:10E5600023FD72E5DBF8004003EB430314EBC30427
:10E570003FF4F9AD9DE7DBF8004000EB400004EB11
:10E58000C004002AD4D0002C7FF471AFEBE598F8DA
:10E5900000309C0804F00204C3F340131C433046CF
:10E5A00002230DF11A0208A9ADF81A4000F0FCFC94
:10E5B0004BE59DF8223002931A4698F801309A42B2
:10E5C00008D098F80130002B40F09581029B002B79
:10E5D00040F01281029B88F80130304608A900F013
:10E5E000C9FC32E598F801308DF81A303046012325
:10E5F0000DF11A0208A900F0D7FC26E5BDF82200AB
:10E60000030A5A1EC0B20E2A3FF6ADAD01A151F861
:10E6100022F000BF3BE702001FE702000FE7020005
:10E6200067E1020067E10200E9E602001FE702007D
:10E6300067E1020067E1020067E1020067E10200B2
:10E6400067E1020067E1020067E10200AFE6020055
:10E6500008A800F013FD9DF82210304600F01AFEC5
:10E6600098F8003043F0020388F80030EDE4BDF87C
:10E670002230012B7FF477AD98F80030304643F01C
:10E68000080308A988F8003000F074FCDDE4BDF848
:10E690002230012B7FF467AD98F8003030466FF3DD
:10E6A000C30308A988F8003000F064FCCDE40D4BEA
:10E6B000002B3FF458ADFDF7DDFD024600283FF486
:10E6C0004DAD5388304608A900F06EFC00287FF459
:10E6D000BCAC48E5102D04007DC202000000000023
:10E6E0007077002075C20200B64B002B3FF43BADA3
:10E6F000AFF30080024600283FF435AD1378304672
:10E7000008A900F051FC00287FF49FAC2BE5BDF870
:10E710002410FDF75DFC02460028EFD123E5022B13
:10E7200000F08A81A84B002B3FF41DADAFF30080B1
:10E730000246002A3FF412ADC3E7FDF73FFC122367
:10E74000024608A9304600F02FFC00287FF47DAC7B
:10E7500009E5BDF82200009048B9012A43442FD0B2
:10E760003B4403F1200793F825309B0713D5002C79
:10E770003FF46BACE06800F07BFCE36808AA002182
:10E7800030469847002000F073FC98F82630DF07E9
:10E790003FF55BACABE6304600F01CFF7B7943F005
:10E7A00002037B717B7943F001037B71DFE7DBF8C8
:10E7B000004003EB430314EBC3043FF4D4AC56E630
:10E7C0001F4420377B799A07D1D5304600F042FFAD
:10E7D0007B79009A62F341037B717B7962F30003DA
:10E7E0007B71C4E708A9304601230DF11A028DF8A8
:10E7F0001A4000F0D9FB28E4581EC0B2FDF7E2FB36
:10E80000002871D04378022B6ED1C27998F800109D
:10E81000C2F340131B01C2F3801221F0300143EA1E
:10E8200042130B4388F8003043880396C31800F165
:10E83000090704933946049B8B4240F2F5804B78DC
:10E840000B2B00F0DD8001220092042B4CD1049BA5
:10E850005E4A5B1A9BB201935D4B1B784AB300265C
:10E8600037461DE0F31ADCB2042C00F2EC8004EB16
:10E8700044040AEBC404019AA368039805919847DD
:10E8800008280599024603D9019B834280F08280C3
:10E890004F4B1B780136F6B21A1DB242374623DBC6
:10E8A000B342DFD9DBF8004006EB460304EBC304B8
:10E8B000E1E7484B17461C46052FFEB200F0C38027
:10E8C000019AA3680398059198470828059902467C
:10E8D00002D9019890425DD23D4B1B780137043339
:10E8E000BB4204F11804E7DAD9F80030D9077FF504
:10E8F00035AC00BE32E4364C344F304600F072FD89
:10E9000098F802202378009287B30027BB4226D8CC
:10E91000FB1ADBB2042B00F2A18003EB43030AEBEA
:10E92000C3035B683046984723780137FFB21A1D4E
:10E93000BA42EBDA37222848002111F017F9274BA9
:10E94000009A88F802204FF0FF321A605A609A60ED
:10E95000DA601A615A619A61DA611A8436E6DBF884
:10E96000003007EB470203EBC203DAE7194B3046EE
:10E9700026461C4601E0052F70D063680190984739
:10E980003278019801370432BA4204F11804F2DAFD
:10E990000646CFE7009B012B38D0009B03B391F8CC
:10E9A00002C0002305E00133C6700098DCB2844247
:10E9B00016D20CEB030058FA80F0C478FF2CF2D08A
:10E9C00092E700BF0000000000000000000000000F
:10E9D00070770020102D0400C4770020C777002036
:10E9E00033462048CDE9001201F076FB1E4B1B7820
:10E9F000DDE900120433BB421144BFF61CAF73E7DC
:10EA00000B78CA78009219444B781EE7A368174820
:10EA1000834206D0009C1648834208BF022400941B
:10EA2000BDE702230093BAE7124B039E002B3FF48D
:10EA3000D1ADAFF30080CDE5FDF7C4FA0246002A60
:10EA40003FF48CAB3DE600239B68FFDED9F8003035
:10EA5000DB077FF5FAAA00BEFFF7F7BA00235B6871
:10EA6000FFDE00BFD77700207077002071C502005D
:10EA7000F9CC02000000000030B589B000248D1EE2
:10EA8000CDE9024404948DF809108DF80800032D97
:10EA90005CD8DFE805F0082C48023B4B1978C80722
:10EAA00061D409B030BD384938480B7800686FF33D
:10EAB00000030B700C7800236FF341040C704B7053
:10EAC0000C7863F382040C70002A37D002A905AADF
:10EAD00008F0A4FC059B002BE3D02D4B4FF0805297
:10EAE0005A6040BFBFF34F8FBFF36F8FD9E7264BFC
:10EAF00019784907D5D51978244C6FF3820119701C
:10EB000000230521CDE9053307938DF814008DF816
:10EB100015102068002A2FD1134605A94FF0FF32A7
:10EB200008F096FABDE7184B1978CC07B9D51978D3
:10EB3000164841F00401006819705AB9134602A939
:10EB40004FF0FF3208F084FA09B030BD0F4B18685F
:10EB5000002AF3D0002302A905AA08F05FFC059B58
:10EB6000002B9ED0B9E7197808486FF3820100683E
:10EB70001970002AEED1E1E705A901AA08F04EFCC0
:10EB8000019B002B8DD0A8E7C477002000780020DF
:10EB900000ED00E030B5144D85B000240123CDE92F
:10EBA000014403948DF804008DF8081028688DF84E
:10EBB00005303AB9134601A94FF0FF3208F048FA80
:10EBC00005B030BD234601A96A4608F027FC009B2A
:10EBD000002BF5D0054B4FF080525A6040BFBFF379
:10EBE0004F8FBFF36F8FEBE70078002000ED00E060
:10EBF00030B50B4685B0044649681868124D8DF84B
:10EC0000044002AC03C4002306212868ADF8063096
:10EC10008DF805103AB9134601A94FF0FF3208F0FC
:10EC200017FA05B030BD6A4601A908F0F7FB009B52
:10EC3000002BF6D0054B4FF080525A6040BFBFF317
:10EC40004F8FBFF36F8FECE70078002000ED00E0FE
:10EC500030B585B0164D03929DF820402D680022F6
:10EC6000CDE901228DF8081007218DF804008DF8F8
:10EC700009308DF8051044B9234601A928464FF004
:10EC8000FF3208F0E5F905B030BD134601A928466A
:10EC90006A4608F0C3FB009B002BF4D0054B4FF0F5
:10ECA00080525A6040BFBFF34F8FBFF36F8FEAE7C8
:10ECB0000078002000ED00E02DE9F84FDDE90A8A38
:10ECC000002A3CD0DFF8809007460C461E461546C9
:10ECD0004FF0000B17E099F8021001F0C9F9034654
:10ECE00021463846EBB100F0E7FAF8B1A378DA092B
:10ECF00014BF8AF8003088F8003023780BF1010B3C
:10ED0000AB451C441BD06378052B20460ED1E1781F
:10ED100001F00301B14209D1A37803F07F03082B6E
:10ED2000D9D9084B1B68DA0700D500BE054B1B6814
:10ED3000DB0702D40020BDE8F88F00BEFAE701200F
:10ED4000BDE8F88FF0ED00E0C477002030B5124D3B
:10ED500085B000230824CDE90201019328688DF8CD
:10ED600005403AB9134601A94FF0FF3208F070F997
:10ED700005B030BD6A4601A908F050FB009B002B8E
:10ED8000F6D0064B4FF080525A6040BFBFF34F8F12
:10ED9000BFF36F8FECE700BF0078002000ED00E0CC
:10EDA00038B58B7803F07F03082B06D90A4B1B6814
:10EDB000DB0700D500BE002038BD084B0C460546D9
:10EDC0000846997801F054F90028EFD021462846EA
:10EDD000BDE8384000F070BAF0ED00E0C4770020E4
:10EDE000F8B5194B01F07F0403EB440303EBD11199
:10EDF00001F12004607910F0010519D163795A07F7
:10EE0000C3F3800701D52846F8BD104E4FF0FF31FF
:10EE1000306808F00DFD607910F001050BD16379C1
:10EE20005B0709D4637943F004036371012503E0B0
:10EE300000252846F8BD3D46002330681A4619468D
:10EE400008F006F92846F8BDC4770020FC770020BA
:10EE500038B5134D0C4628684FF0FF3108F0E8FC38
:10EE6000104B04F07F0103EB410303EBD41120317D
:10EE70004B7913F0010310D14A79C2F38004520791
:10EE800003D54A7963F382024A71002328681A463F
:10EE9000194608F0DDF8204638BD0024F5E700BF2C
:10EEA000FC770020C477002070B5144D01F07F0678
:10EEB00005EB460505EBD11420346579ED0706D541
:10EEC0000F4B1B68DA0700D500BE002070BD6579C6
:10EED00045F00105657100F0D5FA0028F6D1637997
:10EEE000074A60F300036371637960F3820363711F
:10EEF0001368DB07E9D500BE70BD00BFC4770020F2
:10EF0000F0ED00E0054B01F07F0203EB420303EB61
:10EF1000D11191F8250000F001007047C47700205E
:10EF200010B50C4B01F07F0203EB420303EBD1144D
:10EF300094F825309B0700D510BD203400F04AFB23
:10EF4000637943F002036371637943F001036371F2
:10EF500010BD00BFC4770020054B01F07F0203EB1A
:10EF6000420303EBD11191F82500C0F34000704734
:10EF7000C47700200B4630B40A4C4968054618682F
:10EF8000224603C293F9002000239A42C4E90233C7
:10EF90002846A8BF802130BCB8BF19461A46FFF7E3
:10EFA00083BF00BFC4780020F0B50C46284F4968E5
:10EFB00006462068BA603D4603C50021F981E58810
:10EFC000AB4228BF2B4683B0BB81A5B11BB352B364
:10EFD00097F90000402B28BF402300282ADB1D4A58
:10EFE0003046FFF761FF98B91B4B1B68DB071ED546
:10EFF00000BE03B0F0BD94F90030002BACBF8021FF
:10F00000002130462B462A46FFF74EFF0028EBD062
:10F01000012003B0F0BD97F90020002AACBF1946CB
:10F0200080211A46DCE70C4B1B68D9070CD4002062
:10F0300003B0F0BD1146074801931A4610F06EFD6B
:10F04000044A019B8021CBE700BE1046E1E700BFE8
:10F05000C4780020D8780020F0ED00E0034B0022B7
:10F06000C3E90022C3E902221A617047C478002074
:10F07000014B1861704700BFC47800200346044A62
:10F0800059680068134603C30023C2E9023370477E
:10F09000C4780020F0B5414C2578C909B1EBD51FE3
:10F0A00083B01F46064616D033B13D4B1B68DA07C6
:10F0B00057D4002003B0F0BD3A4B13B12146AFF353
:10F0C00000802369002B2FD0344A30460221984714
:10F0D000012003B0F0BD94F90020002A06DBA068EF
:10F0E0000028E6D030491A4610F018FDE589A168DD
:10F0F000E2883D44ADB23944AA42E581A16016D010
:10F100003F2F14D9A28994F90000531B9BB2402BC6
:10F1100028BF402300282FDB95423BD0224A002104
:10F120003046FFF7C1FEB0B1012003B0F0BD236946
:10F1300023B11A4A012130469847A0B194F9002022
:10F1400000239A42ACBF8021194630461A46FFF789
:10F15000ABFE0028E8D1124B1B68DB07A9D500BE27
:10F16000A8E700BEA5E70146304600F033FA304676
:10F17000802100F02FFAD7E7954208D01A460A48B6
:10F18000019310F0CBFC084A019B8021C8E7802145
:10F190000022C5E700210A46C2E700BFC47800206C
:10F1A000F0ED00E000000000D878002042DF70475A
:10F1B00043DF704744DF704712DF70472C4B5B68BA
:10F1C000C3F3080313B9EFF310839BB1294B93F8F2
:10F1D000D820002A36D1012283F8D8200260BFF35C
:10F1E0006F8FBFF34F8F244A904227D0043A90424A
:10F1F00024D07047214A53681B06E7D5802110B4FC
:10F20000C2F88410BFF34F8FBFF36F8F194B93F881
:10F21000D840E4B9012283F8D8200260BFF36F8F91
:10F22000BFF34F8F144A90421DD0043A90421AD037
:10F23000124B80225A605DF8044B7047002283F81D
:10F24000D8207047014601220D48FFF77FBD51606D
:10F25000C2F88410BFF34F8FBFF36F8F93F8D8407D
:10F26000002CF4D1D6E7002283F8D820E0E700BFD5
:10F2700000ED00E0187900205070024000E100E04D
:10F28000BDF10200704700BF014B80225A607047F9
:10F2900000E100E0074BD3F80014D3F8002400206D
:10F2A0000A434FF48001C3F80024C3F85801C3F89F
:10F2B0000413704700700240F0B488788D88CC78D1
:10F2C000444FC10900F07F0202EB42034E00DB0015
:10F2D0000E4403EB86033B4404F00304C5F30A0524
:10F2E000012C1D812FD0D9B13B49941C012303FA75
:10F2F00004F4C1F80443D1F8104503FA02F22243A2
:10F30000C1F81025344B40F48072C3F81805C3F8D7
:10F310000C25BFF36F8FBFF34F8F0120F0BC7047F8
:10F320002D4C02F10C05012303FA05F5C4F8045332
:10F33000D4F81455934002F594722B43C4F8143555
:10F3400044F82210DEE7082A07D0244B186810F092
:10F350000100E3D000BE0020E0E7E9B9B7F8D430FF
:10F360001BB11D4B8022C3F81C251B4A0023C2F889
:10F370005031D2F8003313F4001308BFC2F85431EF
:10F38000154B4FF44012C3F80423D3F8142542F46C
:10F390008072C3F81425B5E7B7F8C8200E4B0021DA
:10F3A000C3F82C1112B18022C3F81C250A4AD2F8E6
:10F3B000003313F4001308BFC2F85431064B084A57
:10F3C000C3F80423D3F8102542F48072C3F8102543
:10F3D00098E700BF1879002000700240F0ED00E0CF
:10F3E00000082000214B8022F0B4C3F88420BFF332
:10F3F0004F8FBFF36F8F1E4A1E4E0D210125002334
:10F400001D4CA1F10A004FEA810C05FA01F7644492
:10F4100005FA00F0013138431429C6F80803636087
:10F42000A362C2E90033C2E90233C2E9043302F144
:10F430001802E5D11149124AC6F80823C6F81C354E
:10F44000C1F8C0307362C1F8C430B364C1F8C830C9
:10F45000C6F81455C1F8CC30C6F81055C1E934339C
:10F46000024B80225A60F0BC704700BF00E100E010
:10F470003079002000700240D06F024018790020DF
:10F4800000083000F0B501F07F00CF090D467C0088
:10F4900000EB4001DFF838C1C9003C4401EB8404B3
:10F4A0000CEB040E1E460023AEF806304CF8042088
:10F4B00083B0AEF80460430040B127BB0CEB0103FE
:10F4C0009A7A002A48D1012003B0F0BDD6B93A4A51
:10F4D000D2F88024C2F3C012974213D03748FFF706
:10F4E0006DFE374B5B68C3F30803003B18BF012375
:10F4F00000933046294633463246FFF7A9FB0120E8
:10F5000003B0F0BD17B303440CEBC30C00EB800356
:10F51000BCF81210BCF81020BCF81440DCF80C50F9
:10F52000521A9B0092B203F1804303F51C33254924
:10F53000C3F80056A24228BF224601EB8000C3F860
:10F540000426FFF73BFE012003B0F0BD1E48FFF785
:10F5500035FE012003B0F0BD08289F720ED1164B76
:10F56000D3F8C024D103AED4DCF8C010C3F8A01780
:10F570001648C3F8A427FFF721FEA4E75CF8015062
:10F580000D4C9A8800F5947100EB800654F8211018
:10F59000DB88D31A9BB289B204EB86028B4204F15A
:10F5A000280428BF0B46C2F8005704EB8000C2F8BD
:10F5B0000437FFF703FE86E70070024050700240F8
:10F5C00000ED00E0047002404C70024048700240C0
:10F5D00018790020F8B511F07F0307D11A4B0122EA
:10F5E0005A65BFF36F8FBFF34F8FF8BD082BF8D06C
:10F5F000154A41F48070C909C2F81805F1D1134DBC
:10F6000003EB430005EBC004C000A67A002EE8D04F
:10F6100003F59476A17252F82660A188E4882F58E9
:10F620000B480C1BA1B2B5B203EB830C02EB8C02AE
:10F63000A94228BF2946C2F8007700EB8300C2F830
:10F640000417FFF7BBFDCCE70070024018790020DB
:10F650002870024011F0770F12D00A4B41F48072EB
:10F66000C3F80C15C3F80C25CA09C3F8181504BF54
:10F6700001F5947143F82120BFF36F8FBFF34F8FD3
:10F68000704700BF007002402DE9F04F854B86485F
:10F69000D3F80013002387B01F461D46012421FA2A
:10F6A00003F2D6070BD550F8232042B104FA03F237
:10F6B00040F823501743BFF36F8FBFF34F8F0133D1
:10F6C000192BECD1FC0700F1C781784E380508D51D
:10F6D000744BD3F8A83601229BB2A6F8D23086F834
:10F6E000D720B90214D56F4CD4F81435DA0500F1DF
:10F6F0000482D4F81035DB0540F1098296F8D73042
:10F70000002B40F03482012203210020FFF7B4F9DE
:10F7100079021FD5634BD3F8004404F4E062C3F8C8
:10F720000024E20500F1DE81650510D55D4B012264
:10F73000C3F808259A65D3F8002312F4001208BF15
:10F74000C3F85421574B4FF40012C3F80423A0050B
:10F7500000F1C28139022BD5524BD3F88024D2B2AA
:10F760008DF81020D3F88414C9B28DF81110D3F895
:10F7700088048DF81200D3F88C048DF81300D3F8A8
:10F7800090048DF81400D3F894048DF81500D3F884
:10F7900098048DF81600D3F89C348DF81730520673
:10F7A00001D1052904D0012204A90020FFF720FA85
:10F7B0003F4B3B403BB196F8D830002B00F08581A1
:10F7C000002386F8D830DFF8E490DFF8D8A002975D
:10F7D0004D460024C8460DE0B2F806C0A5F804C0A6
:10F7E000D2880127009792B2FFF732FA082E3DD057
:10F7F00001341835029B04F10C0223FA02F204EBE7
:10F80000440C04EB840E08EBCC0C0023E6B212F09F
:10F81000010F0AEB8E0E624631461846E6D0DEF83E
:10F8200008E72F685FFA8EFE07EB0E0BC5F800B0F5
:10F83000BCF806B01EFA8BFB1FFA8BFB082CACF849
:10F8400006B01FFA8EFEC7D0B5F808B0F345C3D195
:10F85000BCF806C0B5F804E01FFA8CFCE645BBD93D
:10F86000002EC3D11348FFF7A9FCC1E7029F124B3A
:10F870003B404646002B00F0CA800A4BD3F86C840C
:10F88000C3F86C84BFF36F8FBFF34F8F17F480679B
:10F8900040F0C080CDE90277024FDFF820A00024BD
:10F8A00016E000BF0070024000710240187900208D
:10F8B000FCFB1F004C700240000400010470024079
:10F8C000002C00F0BC80072D3DD0013409F118094F
:10F8D00028FA04F304EB840C04EB440213F0010F48
:10F8E00007EB8C0C06EBC202E5B24FEA8400E7D0CE
:10F8F000DCF80816D9F80C30C9B203EB010BC9F8D3
:10F900000CB0538A11FA83F39BB25382518AB9F82F
:10F9100010E089B271454FF00003504445F080017A
:10F9200080F08580538AB9F81420CCF800B6AEEB8D
:10F9300003039BB2934228BF1346CCF80436FFF76B
:10F940003DFC072DC1D118F4803F7DD1039B002BD6
:10F950007AD118F4003F08D0F28BB38B92B2934265
:10F9600000F2F280012386F8223018F4802F08D0AC
:10F97000F38EB28E9BB29342C0F00681012386F8CB
:10F980003A3018F4002F0AD0B6F84E20B6F84C30B2
:10F9900092B29A42C0F00B81012386F8523018F4DB
:10F9A000801F0AD0B6F86620B6F8643092B29A4248
:10F9B000C0F01181012386F86A3018F4001F0AD0C4
:10F9C000B6F87E30B6F87C209BB29342C0F021811D
:10F9D000012386F8823018F4800F0AD0B6F89630EA
:10F9E000B6F894209BB29342C0F02781012386F899
:10F9F0009A3018F4000F0AD0B6F8AE30B6F8AC2042
:10FA00009BB29342C0F02E81012386F8B23007B03A
:10FA1000BDE8F08FD3F88024D3F8803483F08003DE
:10FA2000C3F3C0130393C2F3C013029334E7528AA3
:10FA30000120009092B21846FFF70AF943E7029BB3
:10FA4000002B3FF442AF53E7F388B2889BB29A424F
:10FA500067D80123B3727CE78D4B8E4A8E4E8F4858
:10FA600000240125C2F81455C2F810555460946260
:10FA70005C609C629C60DC62DC601C631C615C639B
:10FA80005C619C639C61DC63DC611C645462946413
:10FA9000C2F85841D2F80034D2F800140B43C2F82F
:10FAA0000034D2F80033C2F808332146C2F8040308
:10FAB0003046DC2210F05AF840232A4621462046E0
:10FAC000B3823381FFF766F800E6754B1B68DB07EE
:10FAD0007FF579AE00BE76E6012205210020FEF713
:10FAE000CBFF37E60122C3F82C2504210020FEF7C6
:10FAF000C3FF65057FF52BAE18E6D4F8C034DD03EF
:10FB00007DD5D4F81035D8053FF5F8ADFBE54FF4B9
:10FB10000013C4F80833012203210020FEF7ACFFD4
:10FB2000F6E55C493468D1F8A004F388C1F80047D1
:10FB3000D31A9BB282B2934228BF13465948C1F8E8
:10FB40000437FFF73BFB04E7524AB469D2F8A41428
:10FB5000F08BC2F814471B1A9BB289B28B4228BFA4
:10FB60000B465148C2F81837FFF728FBFDE6B6F8F8
:10FB7000D22000230121009192B21846882186F8F4
:10FB8000D730FFF765F8BEE54249346BD1F8A804D9
:10FB9000F38EC1F82847D31A9BB282B2934228BF92
:10FBA00013464248C1F82C37FFF708FBE9E6394A0B
:10FBB000B46CD2F8AC14B6F84E00C2F83C471B1A2D
:10FBC0009BB289B28B4228BF0B463948C2F84037F6
:10FBD000FFF7F4FAE3E62F4A346ED2F8B014B6F821
:10FBE0006600C2F850471B1A9BB289B28B4228BFED
:10FBF0000B463048C2F85437FFF7E0FADDE6D6F896
:10FC0000C020C4F8A0272C48C4F8A437FFF7D6FAC0
:10FC100077E72049B46FD1F8B404B6F87E30C1F864
:10FC20006447D31A9BB282B2934228BF134623483B
:10FC3000C1F86837FFF7C2FACDE61649D6F890400A
:10FC4000D1F8B804B6F89630C1F87847D31A9BB209
:10FC500082B2934228BF13461948C1F87C37FFF798
:10FC6000ADFAC6E60B49D6F8A840D1F8BC04B6F800
:10FC7000AE30C1F88C47D31A9BB282B2934228BFF0
:10FC800013461048C1F89037FFF798FABFE600BF57
:10FC90000470024000700240187900200514C00171
:10FCA000F0ED00E0287002402C70024030700240FD
:10FCB0003470024038700240487002403C7002408C
:10FCC0004070024044700240F0B5012883B006D075
:10FCD000022800F0828000283AD003B0F0BDB34B78
:10FCE000D3F80025002AF8D00022C3F80425BFF37A
:10FCF0006F8FBFF34F8FAE498020C1F88400BFF3F0
:10FD00004F8FBFF36F8FD3F80013C3F80813C3F8F6
:10FD10000025BFF36F8FBFF34F8F43F2040103F150
:10FD20008D53096803F5772303F2DB53994200F002
:10FD30006D81A04B01221A609F4B5A68C2F30802E2
:10FD4000003A18BF012202210020FEF795FEC4E709
:10FD5000964BD3F80025002ABFD14FF480014FF411
:10FD60000062C3F80813C3F80024BFF36F8FBFF31A
:10FD70004F8F924B1B68082B00F0C7808B4B0122E2
:10FD8000C3F80025BFF36F8FBFF34F8F43F2040218
:10FD900003F18D53126803F5772303F2DB539A4284
:10FDA00000F0DD804FF08043D3F80C24D3F80C34FE
:10FDB000DF0300F1E88043F20402814B12689A42AB
:10FDC00000F0E5807F4B00221A601B6801934FF022
:10FDD0008043012201991A607FE7744BD3F8043500
:10FDE000002B47D1714AD2F800341805FBD54FF4E7
:10FDF0000063C2F80034BFF36F8FBFF34F8F6F4BB8
:10FE00001B68082B48D06949694A80230120C1F842
:10FE10001C35C1F80403C2F884315360684E43F2C4
:10FE200004054FF080442B68B34211D0D4F80C2461
:10FE3000D4F80C34D903F6D5D307F4D55B4B0122A3
:10FE4000C3F80425BFF36F8FBFF34F8F03B0F0BD2E
:10FE500001A800278DF80470FFF7AEF99DF8043073
:10FE6000002BE3D001A80197FFF7A4F9019B002B19
:10FE7000D9D0E3E743F20402514B12689A4200F0F2
:10FE8000B1804FF08043D3F80C24D3F80C34DD0359
:10FE9000A8D5D407A6D520E74B4B1B68032BB2D8B7
:10FEA0004A4B1A68002A40F0BE80494849F2753131
:10FEB000196002601960414A434B12681B68082AA6
:10FEC000A1D1032B9FD8434AD35C93B13F4B1A680F
:10FED000002A40F0B080404849F275311960026054
:10FEE0001960364A384B12681B68082A8BD1032BDD
:10FEF00089D83A493A4B40F2E370402208601A60D0
:10FF0000BFF36F8FBFF34F8F7DE72F4B1B68032B22
:10FF10003FF634AF2F4AD35CABB12C4B1A68002AA2
:10FF200040F08D802C4949F2753203201A60086038
:10FF30001A60224A244B12681B68082A7FF41EAFFD
:10FF4000032B3FF61BAF214B1A68002A6FD12049C3
:10FF500049F27532C0201A6008601A600EE701A8E5
:10FF600000248DF80440FFF727F99DF80430002B9A
:10FF70003FF418AF01A80194FFF71CF9019B002B77
:10FF80007FF4ABAE17E7D6073FF5A7AE13E7002324
:10FF900001A88DF80430FFF70FF99DF80430002B0D
:10FFA0003FF410AFFFF702F997E600BF0070024080
:10FFB00000E100E00400004000ED00E0300100102E
:10FFC000DBE5B151000100403401001000EC0640B7
:10FFD00014EC0640882D040014ED06400078024021
:10FFE0000478024001A800248DF80440FFF7E4F8EB
:10FFF0009DF80430002B3FF444AF01A80194FFF7B3
:020000023000CC
:10000000D9F8019B002B7FF468AEEBE601A88DF8D0
:100010000420FFF7D1F89DF80430002B3FF489AE9F
:10002000FFF7C6F888E6084B00221A6043E7064B44
:10003000C0221A60A2E6054B00221A6051E7034B6A
:1000400003221A6075E700BF14EC064014ED064069
:1000500008B50020FDF75CFF00B108BD024B1B682E
:10006000DB07FAD500BE08BDF0ED00E0FDF74ABFA2
:10007000C378828803F003000228C2F30A0205D085
:10008000032819D0012807D00020704702291CD06E
:10009000402A09D801207047022940F2FF3308BFE7
:1000A0004FF480639342F6D20A4B186810F00100B7
:1000B000F1D000BE0020704702290CBF4FF48063CE
:1000C00040239342F0D30120E5E7B2F5007FE1D071
:1000D000EAE700BFF0ED00E00A44914216D230B4E6
:1000E0004C78052C05D00C7821448A42F8D830BCD5
:1000F00070478C7804F07F0500EB4505E4092B552B
:100100000C7821448A42EBD830BC7047704700BF5E
:1001100070B500F5805633685A1C0FD00D46044662
:10012000190B284600F0D0FA4FF48053316822466C
:10013000284600F049FB4FF0FF333360012070BDCB
:100140002DE9F04F83B00C9EBEB31F4600F58053DF
:1001500082468B4615460193019BC5F30B08C8F5F3
:10016000805425F47F691B68B44229F00F0928BF29
:1001700034464B45254417D0190B0133584609D056
:1001800000F0A2FA01994FF480530968524658468C
:1001900000F01AFB019B4946C3F8009052464FF409
:1001A0008053584600F0CCFA39460AEB0800224644
:1001B0000FF0B4FC361B2744CED1012003B0BDE8BC
:1001C000F08F00BF2DE9F84F074600F580501E461E
:1001D0000568DDF828806B1C8946144605D09542D9
:1001E0000CD805F58053A34210D843463246214629
:1001F000484600F0A5FA0120BDE8F88F02EB08039D
:100200009D42F2D205F58053A342EED9B5EB040A24
:1002100027D404EB08035D1BB5F5805FA8BF4FF43E
:100220008055BAF1000F26D0534632462146484643
:1002300000F086FA0AEB050B06EB0A004FF0000A05
:100240002A4607EB0A010FF069FCD845D3D9A8EB81
:100250000B0306EB0B0204EB0B01484600F070FAAF
:10026000C9E70AF580554545A8BF4546CAF1000AC9
:10027000AB463046E4E7AB463046E1E7704700BFA7
:1002800010B50446043000F0F5F9606918B109F0C2
:1002900059F90023636110BD08B5043000F0F8F986
:1002A00080F00100C0B208BD08B5043000F0ECF9E0
:1002B000400A08BD43691BB1011D1846FFF728BF5E
:1002C0000120704730B5446983B054B14FF40075D4
:1002D000134600954A02011D2046FFF773FF03B045
:1002E00030BD49024FF40073043000F029FA0038A1
:1002F00018BF012003B030BD30B5456983B01C463E
:100300004DB16402134600944A02011D2846FFF7CE
:1003100059FF03B030BD5B024902043000F010FA0F
:10032000003818BF012003B030BD00BF30B54469AC
:1003300083B054B14FF40075134600954A02011D75
:100340002046FFF7FDFE03B030BD49024FF40073B5
:10035000043000F039FA003818BF012003B030BD76
:1003600030B5456983B01C464DB164021346009414
:100370004A02011D2846FFF7E3FE03B030BD5B02D1
:100380004902043000F020FA003818BF012003B001
:1003900030BD00BF0368064ADB699342014606D1BF
:1003A000406910B10431FFF7B3BE01207047184710
:1003B000B50203000368064ADB699342014606D191
:1003C000406910B10431FFF7A3BE01207047184700
:1003D000B5020300F0B50368104F1E6ABE4283B039
:1003E00017D10446406948B14FF400761346009691
:1003F0004A02211DFFF7A4FE03B0F0BD4902201DF3
:100400004FF4007300F0E0F9003818BF012003B08A
:10041000F0BD334603B0BDE8F04018472D0303009C
:10042000F0B50368104F1E69BE4283B017D1044671
:10043000406948B14FF40076134600964A02211DE8
:10044000FFF7C0FE03B0F0BD4902201D4FF400735A
:1004500000F076F9003818BF012003B0F0BD334634
:1004600003B0BDE8F0401847C5020300F0B50368CB
:10047000104F1E6ABE4283B017D10446406948B18E
:100480004FF40076134600964A02211DFFF758FEEE
:1004900003B0F0BD4902201D4FF4007300F094F941
:1004A000003818BF012003B0F0BD334603B0BDE8EB
:1004B000F04018472D030300F0B50368104F1E6984
:1004C000BE4283B017D10446406948B14FF400766C
:1004D000134600964A02211DFFF774FE03B0F0BDDB
:1004E0004902201D4FF4007300F02AF9003818BFAC
:1004F000012003B0F0BD334603B0BDE8F04018471B
:10050000C5020300F0B50568DFF840C0D5F814E077
:10051000E64583B015D10446406940B15D020095BF
:1005200013464A02211DFFF74DFE03B0F0BD5B02EA
:100530004902201D00F004F9003818BF012003B063
:10054000F0BDF44603B0BDE8F0406047F902030097
:10055000F0B50568DFF840C0D5F814E0E64583B093
:1005600015D10446406940B15D02009513464A0228
:10057000211DFFF727FE03B0F0BD5B024902201DDD
:1005800000F0DEF8003818BF012003B0F0BDF446DB
:1005900003B0BDE8F0406047F9020300F0B505681C
:1005A000DFF840C0D5F824E0E64583B015D1044615
:1005B000406940B15D02009513464A02211DFFF7D4
:1005C000BFFD03B0F0BD5B024902201D00F0FCF846
:1005D000003818BF012003B0F0BDF44603B0BDE8F9
:1005E000F040604761030300F0B50568DFF840C0E4
:1005F000D5F824E0E64583B015D10446406940B102
:100600005D02009513464A02211DFFF799FD03B0D4
:10061000F0BD5B024902201D00F0D6F8003818BF7B
:10062000012003B0F0BDF44603B0BDE8F0406047E0
:100630006103030038B5074B044640F8043B1546F8
:1006400000F00CF8044A65740023226063612046C0
:1006500038BD00BF942D0400D82D040030B400250F
:100660004FF0FF340122C0E900158460027330BCF2
:10067000704700BF10B50446006820B103685B688E
:1006800098470023636010BD406800B10068704760
:100690004368DB7AC3F380125B0613D410B500689D
:1006A000036882B00DF107025C6905210123A047B0
:1006B0009DF8073013F0030F0CBF012200221046F3
:1006C00002B010BD1046704770B5456882B02DB3BA
:1006D000EB7A5C06C3F3801520D4044680680028BA
:1006E0000E4620DB217B09F021FF6368DB7A5A0686
:1006F00019D52068036806211B699847206803689C
:100700003203DB6920219847A368002B054605DBEF
:10071000217B184681F0010109F008FF284602B04C
:1007200070BD09F07DFB206803680DF107025D696B
:1007300005210123A8479DF807309B07D9D0F0E792
:10074000D0F804C0BCF1000F3CD02DE9F0410446C4
:100750008068002882B00E4617461D4604DB217BC8
:1007600009F0E4FED4F804C09CF80B305A060FD40C
:1007700001E009F055FB206803680DF10702D3F88A
:10078000148005210123C0479DF807309B07F0D155
:100790002068036831463A461E6A2B46B047A36874
:1007A000002B064605DB217B184681F0010109F08C
:1007B000BDFE1EB9002002B0BDE8F081284602B09F
:1007C000BDE8F081002070472DE9F047446882B011
:1007D000002C60D00546806800280E469046994659
:1007E00003DB297B09F0A2FE6C68E27AC2F3801376
:1007F00052061CD52868036806211B69984728689B
:10080000036831465C6A42464B46A0472868036845
:1008100004211B699847A868002804DB297B81F024
:10082000010109F083FE484602B0BDE8F087B9F146
:10083000000FF0D04F4613B10DE009F0F1FA28682F
:1008400003680DF107025C6905210123A0479DF8AB
:1008500007309B07F1D12868036806211B69984778
:10086000F4B22868C4F580740268BC4228BF3C46D4
:10087000D2F824A0234642463146D04740B13F1B20
:10088000A0442644C7D06B68DB7AC3F38013D2E759
:10089000A9EB0709BFE7A146484602B0BDE8F087CB
:1008A00001207047394B994253D2394B994252D863
:1008B000384B994253D2384B994252D2A3F5821306
:1008C000A3F2AC6399424ED8A3F53A23313B994247
:1008D0004BD8324B99424AD8314B994249D8314B87
:1008E000994248D2A3F58E235F3B994245D8A3F5A0
:1008F0006C33A3F53E73994241D82B4B994240D8B3
:10090000A3F52B33A3F53473994226D8274B99428C
:1009100039D8274B994214D8264B994228BF102327
:1009200010D20021244AD2F8003623F0704323F07D
:10093000FF03C2F80036D2F800361943C2F8001699
:1009400070470F235A1E01219140C9B241EA037139
:10095000E8E71A49E6E70223F4E70D23F2E7032369
:10096000F0E70423EEE70523ECE70623EAE7072395
:10097000E8E70823E6E70923E4E70A23E2E70B2395
:10098000E0E70C23DEE70E23DCE700BF0024F400E1
:10099000A9C2A20000127A0000A86100FF083D0071
:1009A000E240360000D43000618F2500548D2000D5
:1009B0007F841E00F0B81C0000900240010000106F
:1009C000F0B51F4B90F9061090F9072053F821500D
:1009D00053F8226090F9084090F90A7000221146FD
:1009E00065F3070153F8245090F9094066F30F218D
:1009F00090F90B6053F8244053F8270053F8263041
:100A000087B065F3174164F31F618DF80D3040F234
:100A100003238DF80C000291ADF80E3001A80723D6
:100A200011460A250F24CDE9042201928DF81250B7
:100A30008DF815408DF8163008F022FF07B0F0BD94
:100A40006831040008F0BEBF10B582B0002208462D
:100A500040F201138DF80000114601246846ADF8FC
:100A60000230ADF804208DF8014008F09FFF034BE1
:100A7000C01AB0FA80F0400902B010BD0000AD0B02
:100A800070B5002482B001330E4640F201152146B4
:100A900068468DF801308DF80060ADF80440ADF87F
:100AA000025008F083FF034BC01AB0FA80F04009EF
:100AB00002B070BD0000AD0B30B5104683B000220F
:100AC00001330D4640F20114014668468DF80130AD
:100AD0008DF80050ADF80420ADF8024008F066FF34
:100AE000034BC01AB0FA80F0400903B030BD00BF1C
:100AF0000000AD0B20290ED0D8290AD1012008B55D
:100B0000114609F00FF8054BC01AB0FA80F0400901
:100B100008BD002070470020F1E700BF0000AD0BCA
:100B2000F0B512F0030683B014460F461D462CD1D3
:100B3000032D0CD925F0030631463A46204608F02D
:100B400075FF214B984235D134443744AD1B15B95C
:100B5000012003B0F0BD04F00302C2F10402AA4276
:100B600028BF2A464FF0FF33214601A801930EF01B
:100B7000D5FF3A4601A8042108F058FF124BC01ACD
:100B8000B0FA80F0400903B0F0BDC6F104069E4201
:100B900028BF1E4632464FF0FF33214601A801937D
:100BA0000EF0BCFF3A4601A8042108F03FFF064BB7
:100BB000984202D0002003B0F0BD002EFAD0344499
:100BC0003744AD1BB4E700BF0000AD0B2DE9F04189
:100BD00012F0030782B014460E461D461FD1032DA6
:100BE0000CD925F0030739463246204608F05CFF51
:100BF000244B98420FD13C443E44ED1B1DB90120CB
:100C000002B0BDE8F081324601A8042108F04CFF93
:100C10001C4B984229D0002002B0BDE8F081C7F1FA
:100C2000040843450FD20A4601A8042108F03CFFFE
:100C3000144B9842EFD101A920462A460EF06EFFD0
:100C4000002DDCD1E7E70A4601A8042108F02CFFBB
:100C50000C4B9842DFD1204601A94246043F0EF0DA
:100C60005DFF46443D444444B9E704F00302C2F149
:100C70000402AA4201A928BF2A4620460EF04EFFD0
:100C8000BDE700BF0000AD0B10B4044C0449054A99
:100C90008260C0E900415DF8044B70471C2E0400DF
:100CA000036B18191A1B1C1D1149124A1248134BC9
:100CB00070B44D6A0C6A157301251060886A15714D
:100CC000D1F8946094735073D1F89840D1F89000A3
:100CD0000B4D1E7300219C735873D17311821971CF
:100CE000D97319821D60916070BC9960704700BF14
:100CF00068310400F479002000F00240087A0020F6
:100D000000300240704700BF10B5044608F01AFCDE
:100D1000204610BD38B50A4B04460D46442240F823
:100D20000C3B00210EF022FF0023A560237104F18B
:100D30005401012006F03CFB2065204638BD00BF71
:100D40004C2E040070B504460E46006D4FF0FF3186
:100D500006F06EFD257955B98EB1A660314604F1D5
:100D60000C0005F0BBFBB0FA80F56D09257100237E
:100D7000206D1A46194606F06BF9284670BDA66824
:100D8000002EF4D0EAE700BF70B505464FF0FF3102
:100D9000006D06F04DFD2B7993B1002305F10C0693
:100DA0002B71304605F0AEFC044680B10023286D5F
:100DB0001A46194606F04CF9B4FA84F0400970BDA1
:100DC000A96805F10C0004F029FF0446EEE7A968C4
:100DD000304604F023FF04460028E7D1A9683046D6
:100DE00005F07CFB04460028E0D101232B71DDE7F0
:100DF00030B5044695B00D46006D4FF0FF3106F05A
:100E000017FD294601AA04F10C0004F0DBFC0023C5
:100E100002461946206D14461A4606F019F9B4FA2E
:100E200084F0400915B030BD2DE9F04F83B00B7848
:100E300000AF2F2B78600CBF4C1C0C4606460D46AD
:100E4000006D4FF0FF3106F0F3FC06F10C084FF097
:100E5000000917E0ADEB030D68468B4500F8019BD8
:100E6000EA4601DD0EF082FE29465A4650460EF053
:100E700055FE5146404603F00BFD08B1113028D114
:100E80000134B54620462F210FF02DFDA0EB050BB8
:100E90000BF108036E460021044623F007035A466F
:100EA0000028D7D12946404603F0F2FC60B901245E
:100EB0007A680023106D19461A4606F0C9F82046D4
:100EC0000C37BD46BDE8F08F113014BF002401245B
:100ED000EEE70024B546EBE738B504460D46006D55
:100EE0004FF0FF3106F0A4FC294604F10C0004F099
:100EF000C1FC002302461946206D14461A4606F02E
:100F0000A7F8B4FA84F0400938BD00BF036970B592
:100F100004460D46186D4FF0FF31164606F088FC6A
:100F2000237D4BB1002522690023106D19461A4616
:100F300006F08EF8284670BD2069A1692A4633461E
:100F40000C3003F0F3FF20EAE075ECE770B50369BD
:100F5000044682B0186D4FF0FF3106F069FC267D23
:100F60004EBB2069A1690C3004F01EFC05462069C7
:100F7000A1698DF8076001230DF107020C3004F020
:100F80005FFB00282069A169C8BF9DF807602A4659
:100F900000F10C004FF00003D8BF4FF0FF3604F013
:100FA000D3FB22690023106D19461A4606F050F84B
:100FB000304602B070BD4FF0FF36F2E738B5036936
:100FC00004464FF0FF31186D06F032FC237D4BB123
:100FD000002522690023106D19461A4606F038F8DC
:100FE000284638BD2069A1690C3004F0DFFB0546B6
:100FF0002069A1690C3004F0D7FB2D1AE9E700BF86
:10100000036910B504464FF0FF31186D06F010FC6F
:10101000237D43B122690023106DBDE810401A46BC
:10102000194606F015B82069A1690C3004F0E4F9FE
:10103000F0E700BF30B50369044683B0186D4FF088
:10104000FF3106F0F5FB257D55B122690023106DB7
:1010500019461A4605F0FCFF4FF0FF3003B030BDD3
:101060002069A1690DF1070201230C3004F0E8FAB0
:1010700023692A4604462946186D2B4605F0E8FFE9
:10108000002CCCBF9DF807004FF0FF3003B030BDFF
:1010900030B50368164A5B6883B093428DF8071039
:1010A0001ED1036904464FF0FF31186D06F0C0FBF6
:1010B000237D53B1002522690023106D19461A467D
:1010C00005F0C6FF284603B030BD2069A1690C3089
:1010D00001230DF1070203F029FF20EAE075EAE79A
:1010E00001220DF1070198470546284603B030BD9F
:1010F0000D0F030030B4074C016100224FF47A75E4
:10110000C0E900428560C0E9062230BC027580F863
:1011100020207047682E0400F0B5836997B004461C
:101120000D46164693B1077D006919460C30002F15
:1011300045D003F0ADFDA06905F0AEFEE0690023E7
:10114000A36108B105F0A8FE0023E361206903AAAA
:101150000C30294604F036FB98B99DF80C30112B61
:1011600034D02C2005F07EFE0146A06130B120690C
:101170002A460C3003F064FD002839D0002017B057
:10118000F0BD0230FAD1012EF8D1382005F06AFE08
:101190000146A0610028F1D0206940F203130C3011
:1011A0002A4603F011FE06460028E7D12069A1690E
:1011B0000C300223324604F0C7FA267509E004F029
:1011C0009DF9A06905F068FEA761BFE7EEB1012EA9
:1011D0003AD02F2128460FF0C7FB203400B1451C20
:1011E0002946204640220FF0ACFB012017B0F0BD8D
:1011F0000123237528460FF09CFB013005F032FED9
:101200002946E0610FF07CFBE3E7012338200193DE
:1012100005F028FE019BA06101460028AED02069A0
:101220002A460C3003F0D0FD0028A7D1012E02D0B1
:1012300000232375CDE72369A169024603F10C0061
:10124000022304F081FAF3E740F20313DEE700BF64
:1012500030B5036983B004460D46186D01924FF016
:10126000FF3106F0E5FA019A29462046FFF754FFC0
:101270002169002302461446086D1A46194605F0F6
:10128000E7FE204603B030BD70B504460025C4E932
:1012900006551048236182B0206084F820504FF436
:1012A0007A700E46A0604FF0FF31186D65602575AD
:1012B000019206F0BDFA019A31462046FFF72CFF55
:1012C00022692B46106D29462A4605F0C1FE2046AC
:1012D00002B070BD682E0400036970B504460D4667
:1012E000186D4FF0FF31164606F0A2FA237D4BB180
:1012F000002522690023106D19461A4605F0A8FE44
:10130000284670BD2069A1692A4633460C3004F096
:1013100097F90546EDE700BF38B5036904460D4669
:10132000186D4FF0FF3106F083FA237D4BB1002595
:1013300022690023106D19461A4605F089FE2846D9
:1013400038BD2069A1692A460C3004F0FDF9C54377
:10135000ED0FEDE738B5036904464FF0FF31186D26
:1013600006F066FA237D4BB1002522690023106D3B
:1013700019461A4605F06CFE284638BD2069A16959
:101380000C3004F011FA0546EFE700BF38B50369E9
:1013900004464FF0FF31186D06F04AFA237D4BB139
:1013A000002522690023106D19461A4605F050FEEB
:1013B000284638BD2069A1690C3004F0F7F90546CC
:1013C000EFE700BF036970B504464FF0FF31186DB9
:1013D00006F02EFAA16981B12069257D0C30ADB1EE
:1013E00003F056FCA06905F057FDE0690023A361F6
:1013F00008B105F051FD0023E36122690023106D5F
:10140000BDE870401A46194605F022BE04F076F891
:10141000A06905F041FDA561EFE700BF80690038D4
:1014200018BF0120704700BF2DE9F04F95B00B6940
:1014300006460C46186D4FF0FF3100AF904606F09F
:10144000F7F900232069337586F82030227D2B4977
:1014500030614FF47A70C6E90013C6E90633B06014
:10146000DAB342F62E652069A1690C303A1D03F00B
:1014700023FC012831D1BB892E2BF4D0AB4238D0CC
:10148000D4F81C9048460FF054FA054607F10C00BA
:101490000FF04FFA2B18093323F00703EA46ADEBA0
:1014A000030D68466A1C49460EF038FB99F8003077
:1014B0002F2BEB4602D199F801301BB1104B1B8842
:1014C0002BF8053007F10C0158460FF0FDF94246A4
:1014D00059463046FFF720FED54622690023106D9D
:1014E00019461A4605F0B4FD30465437BD46BDE8EE
:1014F000F08FBB7B002BB6D0C2E700BF682E040084
:101500005C2E04002DE9F04F85B0DDE90E4B109FF5
:1015100081460D4690461E46002F63D0B8F1000F5D
:1015200003D0D8F80030B34249D0D9F800002B6876
:101530009E422BD04369B4FBF3F203FB1242BAB9CB
:10154000BB4215D8B7FBF3F203FB127AA7EB0A03F1
:1015500000930393436822461F4631465B46B847D3
:1015600088B9039B57469B441C44002FD6D139E0D1
:101570000093A21AC5E90062D0F804A0AB68314616
:10158000D0470028CAD005B0BDE8F08F696843692C
:10159000A142D0D8CA18A242CDD9A2EB040ABA45BA
:1015A000AB6828BFBA46611A524658461944BF1A5A
:1015B00054440EF0B3FAD344002FAFD112E0D8F860
:1015C0000430A342B1D8D9F8000082691A44A2427B
:1015D000ADD9A2EB040ABA45D8F8081028BFBA461C
:1015E000E31AE1E7002005B0BDE8F08F2DE9F04FE8
:1015F000074687B00D4672B30368D1F800B0904635
:101600009A69D1E901104AB3013A01F1010986183A
:10161000A9EB0009441E4FF0010A08E014F8012F5D
:101620009DF817309A4223D1A6423B6814D01A6A1B
:10163000934509EB040320D20DF11702CDE90032E6
:10164000CDF808A05B46002241463846FFF75AFF16
:101650000028E3D009DB3B68A8689A69FF210EF0F7
:1016600085FA4FF0FF332B60002007B0BDE8F08F04
:101670006FF0330007B0BDE8F08F034B034A044816
:1016800012210EF05BF900BF842E0400B03004007C
:10169000A42E04002DE9F04F87B0DDF840A005929C
:1016A000002B64D0D0F800908B46D9F81C105C1E3B
:1016B000A1F108084445074651D3B4FBF8F00138BE
:1016C0000DF0C4FFD04500F10200A4EB8003B3FB92
:1016D000F8F560D8BAFBF8F001380DF0B7FF861CBA
:1016E000AAEB8606B6FBF8F630460DF0AFFFAAEB84
:1016F000800006FB180AB54243D9D9F82020059B83
:101700004FF004090DF114080BE0012B45D93A689C
:10171000126A934241D8012101FA04F42D1BB5420B
:1017200030D9AC1BB4FA84F495FAA5F1C4F11F04C6
:10173000B1FA81F18C4228BF0C4693424FEA8401F2
:1017400032D20091CDE90189002259463846FFF78F
:10175000D9FE059B0028D8D007B0BDE8F08FD04552
:1017600088BF1346BAFBF8F00CD80025B4E71199EE
:101770004FF0FF320A60129A1846136007B0BDE8B6
:10178000F08F059B119A1360129B0020C3F800A0F4
:1017900007B0BDE8F08F0026ADE7064B064A0748C4
:1017A0004FF48F610EF0CAF8054B064A0348122128
:1017B0000EF0C4F8242F0400D0300400A42E04003E
:1017C000842E0400B03004002DE9F04F89B00746A4
:1017D000149C129D8B4692461E46002C55D0DBF879
:1017E0000030B3425CD0013340F0A1803868826998
:1017F000B5FBF2F302FB1353002B4AD1A24248D8A7
:10180000B4FBF2F302FB13430593E31A0093049332
:101810008468139B2A463146A04700287ED1BAF13E
:10182000000F29D0049B3BB3139B5C1E049B04EB6D
:101830000309139B05F10108A8EB030807E014F85E
:10184000012F9DF81F309A4266D14C4514D03B6859
:101850001A6A964208EB040363D2012202920DF148
:101860001F02CDE900325146334600223846FFF7C9
:1018700049FE0028E3D051DB139A049B059C1146D6
:10188000194413911D44002CA9D1002009B0BDE8D2
:10189000F08FEB1ACBE90063DBF80030B342A2D142
:1018A000DBF80410A9429ED83A6892690A44AA4219
:1018B00099D9A2EB0508A045DBF8080028BFA0468F
:1018C000691A0844424613990EF028F938681399AA
:1018D000826945444144B5FBF2F302FB1353A4EB88
:1018E00008041391002B7FF478AFDBF800104B1C39
:1018F0003FF473AF0092DBE90123D0F80880C047C2
:1019000060B9524659463846FFF770FE00283FF44A
:1019100064AF09B0BDE8F08F6FF0330009B0BDE8E7
:10192000F08F064B064A074812210EF007F8064BC7
:10193000064A0448B7210EF001F800BF842E0400C7
:10194000B0300400A42E0400502F0400C030040066
:101950002DE9F04F0446D2E9003091B04FF0010B71
:101960000A9300230B90069104F114080DF1280945
:101970000593236859F8045B1B6A9D427BD21023B0
:101980000DF1300A0022CDE901A300922B46414619
:101990002046FFF7B7FD002839D1059B002B60D109
:1019A0000D9B23F00043132B4FD92268D269934239
:1019B0004BD84FF0FF3309A810225146099304F089
:1019C000BFFE0D9B23F00043102B28D0CDF81C90B8
:1019D00010260DF12307994607E00136012239460A
:1019E00009A804F0ADFEB14517D023681B6A9D42DB
:1019F00041D20123CDE9017300962B4600224146D6
:101A00002046FFF77FFD0028E7D0DDF81C9010F19D
:101A1000340F1AD011B0BDE8F08FDDF81C90099B8F
:101A20009BB99AE80F000BF0010610AF07EB860C8C
:101A3000069F1026FE603E467D601C365CF8185CF2
:101A4000BD6086E80F0001230593BBF1020F0FD1A3
:101A5000059B002B14BF00206FF0330011B0BDE8D0
:101A6000F08F069A0C9BD2699B1A002B98DAECE750
:101A70004FF0020B7DE7034B034A044812210DF09F
:101A80005DFF00BF842E0400B0300400A42E0400CB
:101A90004368013337D02DE9F0438368013383B0C5
:101AA000044628D015460E464FF000084FF00109B5
:101AB0006A462946CDE90089FFF74AFFE0B905F1FA
:101AC00024086B6A591C16D0AF6A7A1C13D0D6F85A
:101AD00000C09C4513D0D6F804E0BE450FD0734536
:101AE0004246294620460AD0BC4508D0FFF730FFC1
:101AF0000028E6D000E0002003B0BDE8F08301201C
:101B000003B0BDE8F0830020704700BF2DE9F0412D
:101B1000D1F820C00C46C9682CF00043043B01F109
:101B20000C069E4284B0054617461FD904F12408CE
:101B3000102612E0424621462846FFF709FF90B9D9
:101B4000D4F820C0A169E6602CF00043043B1431B6
:101B50001B2BA1614FF0100108D8BCF1000FE9DB8D
:101B600039606FF0010004B0BDE8F0812A46636877
:101B700052F8140B066AB34207F104001AD20C267D
:101B8000CDE900100296114628460022FFF7BAFC64
:101B90000028E8D17B79BA79FD79A169043313442F
:101BA000E2683A602B441A440B44E260A36104B03B
:101BB000BDE8F081024B034A034812210DF0BEFE3E
:101BC000842E0400B0300400A42E0400F0B593B0BD
:101BD00000260D46012707A96A46CDE9006704469D
:101BE000FFF7B6FE064610B121E0831C22D1109B00
:101BF00001331CD0119B013319D010AA07A920462C
:101C0000FFF7A6FEB0B903AA07A92046FFF77EFF9B
:101C10000028EAD19DF91030002B4FF00802294628
:101C200005A8F0DB0DF06CFF0028ECD10126304652
:101C300013B0F0BD0646304613B0F0BD2DE9F047B5
:101C4000164600240122C6E90942824688461D46FE
:101C500006F124094A4631465046FFF779FE074609
:101C600068B92A4631465046FFF750FF50B1831CF1
:101C70001FD1736A013302D0B36A0133EAD1384607
:101C8000BDE8F0872C7904F07004202CE9D1AB6812
:101C9000D8F80020934208D0E868D8F804108842A9
:101CA00003D08B4201D08242DBD101273846BDE808
:101CB000F0870746E3E700BF2DE9F04F2DED028BDB
:101CC0008DB090461C46099340F622032268C8F85E
:101CD00004300892D0E90123724EC8F808208246E9
:101CE0008946C8F80C3000F1140B089D314628468F
:101CF0000EF04EFE2B46034404463146184605932B
:101D00000EF006FE0128049000F0B080022804D1F5
:101D1000059B1B782E2B00F0B280DDE904231344D1
:101D200008931F460124314638460EF031FE074421
:101D3000384631460EF0ECFD78B1022802D001346D
:101D40000744F0E73B782E2BF9D17B782E2BF6D188
:101D5000013CF5D1BB1C0893C7E7059C20780028FF
:101D60005FD0099B1C6098F80430222B40F08D80D6
:101D700008F108031A464946504608EE103AFFF7A4
:101D8000E7FD00284DD1049B013B234407934246C5
:101D900049465046FFF7BAFE002842D198F8042081
:101DA00002F07F03112B01D0222BF0D198F80730DD
:101DB00004998B42EBD1D8F8003098F8051098F8C8
:101DC0000650D9F8047004330B441D44049BA3B39C
:101DD000059BCDF818800135DDF81C80ED1A5C1EDE
:101DE00007E014F8012F9DF82F309A421ED1444588
:101DF0001FD0DAF800301A6A974205EB040347D285
:101E0000012202920DF12F02CDE9003259463B46E4
:101E100000225046FFF776FB0028E2D0DDF818805C
:101E200009DA0DB0BDEC028BBDE8F08FDDF818804B
:101E3000ADE7DDF8188098F8042013067FF555AF5C
:101E4000DAF8043001330CD0DAF80830013308D066
:101E500018EE101A5046FFF7B9FE00281ED198F868
:101E6000042002F07F0288F804203EE72B5D2E2B31
:101E70007FF453AFDDE904231344089335E7059B52
:101E80005B782E2B7FF449AFF4E76FF01300C8E7BF
:101E9000054B064A064812210DF050FDC1DB6FF0DC
:101EA0000100BEE75C2E0400842E0400B030040064
:101EB000A42E04002DE9F04F8B469DB00BF10403D6
:101EC00004930BF10C03CDE9053B016B04464FF085
:101ED00001080025D4E90D3010E05A09E66B0138FD
:101EE0005F1CA063676356F822C003F01F0208FA64
:101EF00002F212EA0C0F00F027813B469942ECD126
:101F0000002800F0F2812268E36AD2E908621944ED
:101F1000904228BF1046B1FBF6F306FB1311206375
:101F2000E162E06B6563D20800210DF01FFE63687B
:101F3000013300F05781A368013300F05381002280
:101F400001230025CDE9082304F1140701222E46C0
:101F5000D4F800C0E16ADCF82030206B591A0E4436
:101F6000B6FBF3F503FB1565854210D26909E26BF8
:101F700005F01F0552F8213008FA05F51D4342F817
:101F80002150DCF82030E16A099A206B591A0A4482
:101F9000B2FBF3F103FB112383420AD25809E16B30
:101FA00003F01F0351F8202008FA03F3134341F80C
:101FB000203008AA11A92046FFF7CAFC002840F0EB
:101FC0000E810C25149A24E02068129B006A83423B
:101FD00080F01A820EA9CDE900210295002239462F
:101FE0002046FFF78FFA002840F0F9809DF839204D
:101FF0009DF83A309DF83B60149904321A449DF8DC
:102000003830324403F070030A44102B149200F06D
:10201000EB80199B23F00043043B02F10C00984233
:10202000D2D9DDE91A62701CCDE9086201D0511CD9
:102030008ED1D4F80C904D46B9F1000F00F0DE813E
:10204000EB69DA0340F156816F69002F00F052818D
:10205000D4F800A0DAF81C60013F083EB742C0F097
:10206000CF81B7FBF6F001380DF0F0FA0230A7EBA4
:102070008002B2FBF6F6D4F830E0E16A2B690795EE
:1020800005F12C000546DAF82020704604F1140909
:102090008E4601469818A0EB0E0EBEFBF2F002FB36
:1020A00010E28A420AD25709E06B02F01F0250F890
:1020B000271008FA02F20A4340F82720002E00F009
:1020C0001781DAF8202006F00107C7F1020A9342CF
:1020D0004FEA8A0080F098810BA90022CDE9011017
:1020E000009249462A462046FFF70CFA002876D18E
:1020F0000AF1FF3CD4F800A013E0BBFBF2F302FBB3
:1021000013B38B424FF0010014D24FEA531EE16B20
:1021100003F01F0351F82E2000FA03F3134341F894
:102120002E30D4F82CE0DAF820200B9B216BA2EBA8
:102130000E0B9B446045E0DB1CAB03EB8C0C023FB9
:102140005CF8443C3E44A5E72068E26A016A134417
:10215000B3FBF1F201FB1233049A42F8043BD4E9D9
:102160000C139942049207D10FE0A26B0133013A9C
:102170008B42C4E90D3208D05D0903F01F0256F806
:10218000255008FA02F22A42EFD1DDE904329342E7
:102190007FF49FAEDDF818B0006ADBF804308342AC
:1021A0000BF11C0204F1140180F02E810425019230
:1021B0000022204602950092FFF7A4F9002840F083
:1021C0008B80DBF81C304FF0FF32CBE90922142062
:1021D00001331021CBE90730CBF80C1000201DB0E3
:1021E000BDE8F08F216B75E6109B002B3FF411AF1B
:1021F000D4F800A0DAF81C6003F1FF3BA6F108094F
:10220000CB4570D3BBFBF9F001380DF01FFA861CEB
:10221000ABEB8606B6FBF9F60F9BE16ADAF82020F5
:10222000D4F830E09818401AB0FBF2F102FB11022A
:1022300072450BD24FEA521CE16B02F01F0251F8BB
:102240002C0008FA02F2024341F82C20002E3FF441
:10225000B9AEDAF8202006F00109C9F1020A93426A
:102260004FEA8A0080F0D0800BA90022CDE901104E
:10227000009239462046FFF745F90028AFD10AF110
:10228000FF3CD4F800A013E0BBFBF2F302FB13B356
:1022900073454FF0010014D24FEA531EE16B03F077
:1022A0001F0351F82E2000FA03F3134341F82E3098
:1022B000E16ADAF820200B9BD4F830E0A2EB010BA6
:1022C0009B446045E0DB1CAB03EB8C0CA9F10209DD
:1022D0005CF8443C4E44A5E710F1340F3FF471AF75
:1022E0001DB0BDE8F08F064696E76FF01B0076E75D
:1022F000079DEB699B037DD52F6A002F7AD0D4F818
:1023000000A0DAF81C60013F083EB7427AD3B7FB61
:10231000F6F001380DF09AF90230A7EB8003B3FB19
:10232000F6F6D4F830E0E16A6B6A079505F12C0007
:102330000546DAF82020704604F114098E4601465D
:102340009818A0EB0E0EBEFBF2F002FB10E28A42E0
:102350000AD25709E06B02F01F0250F8271008FA62
:1023600002F20A4340F82720002E42D0DAF820205B
:1023700006F00107C7F1020A93424FEA8A0043D2EE
:102380000BA90022CDE90110009249462A462046B9
:10239000FFF7B8F800287FF422AF0AF1FF3CD4F829
:1023A00000A013E0BBFBF2F302FB13B38B424FF030
:1023B000010014D24FEA531EE16B03F01F0351F8E2
:1023C0002E2000FA03F3134341F82E30D4F82CE00A
:1023D000DAF820200B9B216BA2EB0E0B9B4460458F
:1023E000E0DB1CAB03EB8C0C023F5CF8443C3E444E
:1023F000A6E7079D2D68002D7FF422AE216B68E5CE
:10240000002638E600268CE7024B034A03481221D7
:102410000DF094FA842E0400B0300400A42E0400C1
:102420002DE9F04F2DED028B9BB001250446049160
:10243000A9464FF00008D4E90D31D4F830C00FE0C0
:102440005A09E76B0139581CA163606357F8226091
:1024500003F01F0205FA02F2324200F02A8103461D
:102460009C45EDD1002900F052822368E66AD3E949
:102470000802B444914228BF1146BCFBF0F300FBB4
:1024800013C32163E362E06BC4F83480D2080021F7
:102490000DF06CFB63680133CDD0A3680133CAD063
:1024A00000220123CDE906230122002004F11407B4
:1024B00096462268E36A116A266BCB1A03EB000C7E
:1024C000BCFBF1F001FB10C0864210D94609E16B5C
:1024D00000F01F0051F8263005FA00F0184341F8CB
:1024E0002600D4E90B36116ADDF81CE0CB1A7344E0
:1024F000B3FBF1F201FB1233B3420AD25809E16B8C
:1025000003F01F0351F8202005FA03F3134341F8A9
:10251000203006AA0FA92046FFF71AFA002840F03B
:10252000E9804FF00C08129A0CAE23E02168109B52
:10253000096A8B4280F0F5810092CDE901680022A2
:1025400039462046FEF7DEFF002840F0D3809DF894
:1025500031209DF832109DF833C0129B04320A449A
:102560009DF8301062441A4401F07003102B12924F
:1025700000F0C580179B23F00043043B02F10C01DF
:102580009942D3D9DDE9180E411CCDE9060E02D0DF
:10259000BEF1FF3F8DD1D4F80C804646B8F1000F54
:1025A0003FF447AFF369DA0340F128817769002FE0
:1025B00000F02481D4F800A0DAF81C30013FA3F128
:1025C00008084745C0F0A881B7FBF8F001380DF0C6
:1025D0003DF80230A7EB8007B7FBF8F704F11400D1
:1025E000E16AD4F830C0DAF82020336905968346D2
:1025F00006F12C0008EE100A0E4661469818A0EB72
:10260000060EBEFBF2F002FB10E28A420BD2E06B38
:102610004FEA521C02F01F0150F82C2005FA01F17C
:102620000A4340F82C20002F00F0E680DAF8202042
:1026300007F00108C8F1020A93424FEA8A0080F0CD
:10264000708109A90022CDE901100092594618EEC7
:10265000102A2046FEF756FF00284BD10AF1FF3C16
:10266000D4F800A012E0BEFBF2F302FB13E38B42AE
:102670004FF0010012D25E09E16B03F01F0351F825
:10268000262009FA03F3134341F82630E66ADAF804
:102690002020099B216BA2EB060E9E446045E2DBE5
:1026A0001AAB03EB8C0CA8F102085CF8443C4744DD
:1026B000A4E72168E26A096A1344B3FBF1F201FB63
:1026C0001233049A1360D4E90C03834211D001251C
:1026D00006E0A26B0133013A8342C4E90D3208D00F
:1026E000590903F01F0257F8211005FA02F20A42B5
:1026F000EFD100201BB0BDEC028BBDE8F08F0E9E29
:10270000002E3FF411AFD4F800A0DAF81C20013EEF
:10271000A2F1080B5E450AD3B6FBFBF001380CF0C2
:1027200095FF0230A6EB8003B3FBFBF31846E16A8A
:10273000D4F830C00D9BDAF8202008EE107A8E46CF
:10274000074661469818A0EB0E0EBEFBF2F002FBA6
:1027500010E28A420AD25609E06B02F01F0250F8DA
:10276000261005FA02F20A4340F82620002F00F056
:10277000D580DAF8202007F00106C6F1020A93425C
:102780004FEA8A0080F0CD8009A90022CDE901102E
:10279000009218EE101A2046FEF7B4FE0028A9D1C8
:1027A0000AF1FF3CD4F800A013E0BBFBF2F302FBFC
:1027B00013B38B424FF0010014D24FEA531EE16B6A
:1027C00003F01F0351F82E2009FA03F3134341F8D5
:1027D0002E30D4F82CE0DAF82020099B216BA2EBF4
:1027E0000E0B9B446045E0DB1AAB03EB8C0C023E06
:1027F0005CF8443C3744A5E7059EF3699B0340F130
:102800008180376A002F7DD0D4F800A0DAF81C2030
:10281000013FA2F1080847457CD3B7FBF8F0013827
:102820000CF014FF0230A7EB8007B7FBF8F704F1B8
:102830001400E16AD4F830C0DAF82020736A0596F3
:10284000834606F12C0008EE100A0E4661469818E1
:10285000A0EB060EBEFBF2F002FB10E28A420BD2A6
:10286000E06B4FEA521C02F01F0150F82C2005FAD1
:1028700001F10A4340F82C20002F42D0DAF8202042
:1028800007F00108C8F1020A93424FEA8A0048D2D1
:1028900009A90022CDE901100092594618EE102A2C
:1028A0002046FEF72FFE00287FF424AF0AF1FF3CFC
:1028B000D4F800A012E0BEFBF2F302FB13E38B425C
:1028C0004FF0010012D25E09E16B03F01F0351F8D3
:1028D000262009FA03F3134341F82630E66ADAF8B2
:1028E0002020099B216BA2EB060E9E446045E2DB93
:1028F0001AAB03EB8C0CA8F102085CF8443C47448B
:10290000A5E7059E3668002E7FF44CAE91E56FF08A
:102910001B00EFE600278AE700275FE618EE107A33
:1029200001E6034B034A044812210DF007F800BFEB
:10293000842E0400B0300400A42E04002DE9F04FD2
:10294000044687B00F4600F1140905A92046FFF799
:1029500067FD064640B920680599C3689847064652
:1029600030B110F1340FF0D0304607B0BDE8F08F31
:10297000BB6A83B307F12C0A35460DF1130804F145
:10298000200B13E02268059B126A934247D2012272
:10299000CDE9018200954A4659462046FEF714FFCC
:1029A000002831D1BB6A0135AB4214D922687B6A59
:1029B000126A93422DD20122CDE90182009552463E
:1029C00049462046FEF79EFD0028DBD006463046ED
:1029D00007B0BDE8F08F2368A16A9A69786B0DF0A3
:1029E0009DF8D4E908122368A06AC7E90B12FF21F9
:1029F0009A690DF0BBF8059B4FF0FF32304622621A
:102A00007B6207B0BDE8F08F10F1340F9DD0064611
:102A1000DDE7064B064A074812210CF08FFF034BF7
:102A2000054A04489C210CF089FF00BF842E040055
:102A3000B0300400A42E0400C03004002DE9F04F93
:102A40002DED028BC9B004462C2200211CA80DF0EC
:102A50008DF84FF00043282227A8002124930DF081
:102A600085F823681B6A01223192002B00F0C9818E
:102A700000274FF00C09319B013300F0B18130AADF
:102A800027A92046FEF764FF0546002840F00C8188
:102A9000249B002BC0F20E816368013300F04E814D
:102AA000A368013300F04A8132AE32460CAB25A94F
:102AB0002046FFF7C3F80028C0F2F58000F03E8101
:102AC0000E9B259A0F982699934200F090818B4295
:102AD00000F09381DDE91D51239A2690206825930B
:102AE00001320023CDE91D150B9505932392C36890
:102AF0000A9198474FF0FF380546F0B115F1340FB1
:102B000040F0D2800A9BC4F82080012B40F27981EA
:102B10000B9B012B40F275811DA92046FFF780FC1D
:102B20000546002840F0C08020681D9901230593C8
:102B3000C368984705460028E0D123AF0DF1500A3D
:102B4000A146102239465046CDF8508003F0F8FDDA
:102B500059F8202B1D9B126A934280F01582102693
:102B6000CDE900572A46029649462046FEF72CFE3C
:102B700005460028C2D1249B23F00043043B102BC0
:102B800032D904F1140B3DAF22680B9B126A9342B9
:102B900080F0F4810122CDE90172009600225946AD
:102BA0002046FEF7AFFC054600287DD101223946BC
:102BB000504603F0C5FD22681D9B126A934280F0C7
:102BC000E3810122CDE9017200962A46494620465A
:102BD000FEF7FAFD0546002890D1249B23F0004320
:102BE0000136043B9E42CFD322681D9B126A93425A
:102BF00080F0CA8104220292CDE9006A494600228F
:102C00002046FEF7E1FD054600287FF477AF216AF4
:102C1000C4F814804A1C12D02068A36A826900920A
:102C20008568626AA847054600287FF467AF236875
:102C3000A06A9A69FF210CF099FFC4F820802068EF
:102C400003699847054600287FF458AF249EDDF8B5
:102C500074B0CDF8F48026F0004604F11403043E6D
:102C600008EE103A00F0968107460DF1400908E0A1
:102C70000137012249463DA803F062FDBE4240F201
:102C8000898123681B6A9B4580F078810123CDE907
:102C9000019318EE101A00975B4600222046FEF7BB
:102CA00031FC0028E4D00546284649B0BDEC028B33
:102CB000BDE8F08F32AE4FF00008324627A920461B
:102CC000FEF724FFF0B1831CEDD10DF19C0CBCE8A4
:102CD0000F001CAE0FC6BCE80F000FC69CE8070033
:102CE00086E8070023681B6A01379F4280F08980CD
:102CF000309B01337FF4BFAE284649B0BDEC028B58
:102D0000BDE8F08F9DF9CC309DF8CC20002BD4DAB3
:102D10006368013341D0A36801333ED034A9204613
:102D2000FEF754FF0028BEDB35D0324627A92046E7
:102D300001F0C8F90028C0D00546B5E7DDE93050FC
:102D4000DDE91D21239B1D91CDE9255001332393FE
:102D500008911E9209924FF0000801262068C3686E
:102D60009847054600284FD015F1340F9CD1089B99
:102D70004FF0FF32012B226243D9099B012B40D92E
:102D80001DA92046FFF74CFB054600288CD11D9954
:102D90004FF00108E2E79DF8CC20DDF8C8E09DF88F
:102DA000CFC0CDF8F89002F07F020EF10C0033A9ED
:102DB000CDE93F198DF8CC20419001233DAA27A9E8
:102DC0002046CDF80C81CDF8F4E0CDF808C1CDF85F
:102DD00010C100F0F9F900283FF46FAF054663E732
:102DE0000025284649B0BDEC028BBDE8F08F884233
:102DF0003FF461AF8B427FF46DAE82427FF46AAEE6
:102E000059E76FF033054FE723AFA2464FF0FF338A
:102E10001022394607A8079303F092FC5AF8202B9A
:102E20001D9B126A934280F0AF804FF01009CDE9EC
:102E300000572A46CDF8089051462046FEF7C4FCBC
:102E40000546002890D1249B23F00043043B102B1F
:102E500034D904F1140B10AF2268099B126A934213
:102E600080F08C80CDE90176CDF8009000225946A3
:102E70002046FEF747FB054600287FF415AF0122E8
:102E8000394607A803F05CFC22681D9B126A934236
:102E90007AD22A46CDE90176CDF8009051462046F7
:102EA000FEF792FC054600287FF45EAF249B23F0DA
:102EB000004309F10109043B9945CDD322681D9BCC
:102EC000126A934260D2042207A9CDE900910292CE
:102ED000514600222046FEF777FC054600287FF485
:102EE00043AF216A4FF0FF37B942676111D02068C4
:102EF000A36A826900928568626AA847054600282D
:102F00007FF432AF2368A06A9A69FF210CF02EFE8D
:102F10002762206803699847054600287FF424AF9C
:102F2000249FDDF874B027F000474FF0FF3204F122
:102F30001403043F08EE103A109245D081460DF17B
:102F4000F40A08E009F101090122514610A803F032
:102F5000F7FB4F4538D923681B6A9B450ED2CDE954
:102F600001A618EE101ACDF800905B46002220460C
:102F7000FEF7C8FA0028E5D0054695E68E4B8F4A45
:102F80008F4812210CF0DAFC8B4B8E4A8C489C2126
:102F90000CF0D4FC3D9A149B9A427FF4B3AD059B90
:102FA000002B30D12369002B3FF47EAE5C681D9A64
:102FB000944271D099681E9881426DD084426BD042
:102FC0008A4269D01B68EEE7109A079B9A427FF409
:102FD000CEAEB8F1000F40F082802369002B3FF4A1
:102FE00063AE5C681D9A944200F0C48099681E9894
:102FF000814200F0BF80844200F0BC808A4200F031
:10300000B9801B68EAE7636801334ED0A3680133D7
:103010003DAE0AAF4BD03246394610AB2046FEF7E4
:103020000DFE0028FFF63FAE41D0DDE91D03109FE5
:10303000149731460C370C2612909DF847001897CC
:10304000139311AF15961796199000261B905246B0
:103050000123204616971A9600F0B6F800287FF450
:1030600022AE0A98636898421AD00B9AA1688A42E5
:1030700016D0884214D0934212D00122013384F832
:1030800040208FD0A36801338CD02046FFF7D6FCB8
:10309000002887D0054607E65A601E9A9A6091E795
:1030A000DDE91D32C4E90132E7E73DAE0AAF39463A
:1030B00032462046FEF7ECFC0028FFF6F4AD3FF464
:1030C00071AF3146DDE91D60002347901A46204666
:1030D000469600F079F800283FF464AFDAE76368B9
:1030E000013350D0A36801333DAE4DD0324610AB12
:1030F00008A92046FEF7A2FD0028FFF6D4AD43D074
:10310000DDE91D02109B14930C33189312900C23CD
:1031100011A89DF847701392314615930026179316
:103120001690012314AA204619971B971A9600F0AF
:103130004BF800287FF4B7AD0898636898421DD01B
:10314000099AA1688A4219D0884217D0934215D0B3
:103150000122013384F840203FF43FAFA3680133DC
:103160003FF43BAF2046FFF769FC00283FF435AF42
:10317000054699E55A601E9A9A6042E7DDE91D32DC
:10318000C4E90132E4E73DAE08A932462046FEF725
:103190007FFC0028FFF687AD3FF41FAF3146DDE925
:1031A0001D60002347901A462046469600F00CF812
:1031B00000283FF412AFDBE7842E0400B030040097
:1031C000A42E0400C03004002DE9F04F2DED028B39
:1031D000CE690D46D1E90141A5B0013690462A1DC0
:1031E00069608246EE61AC600892059383B11E4629
:1031F000D8F80400D8F80C302A6A1B1A022E1A4498
:1032000005D1D8F81C70D8F814603A44921B2A6291
:10321000DAF80000CDF818800023CDE90B140993EB
:10322000C36898470446E0B114F1340F3DD10B9BBD
:103230004FF0FF32012BCAF8202034D90C9B012B10
:1032400031D908995046FFF7EBF8044668BBDAF825
:103250000000696801230993C36898470446002861
:10326000E2D105F11C07D0464FF0FF33102239465A
:1032700011A8119303F064FA58F8202B6B68126AB6
:10328000934280F00D811026CDE900472246029638
:1032900041465046FEF798FA834660B110F1340F6C
:1032A000C5D0044601E06FF03304204625B0BDECE4
:1032B000028BBDE8F08F2B6A23F00043043BB3423E
:1032C0006BD90AF1140308EE103A37460DF1640980
:1032D00034E0DAF800200C9B126A934280F0E6801A
:1032E0000122CDE9019218EE101A009700225046F3
:1032F000FEF708F904460028D7D10122494611A853
:1033000003F01EFADAF800206B68126A934280F02C
:10331000C7800122CDE901920096224641465046DF
:10332000FEF752FA044600287FF47EAF01370136DB
:103330002B6A23F00043043B9E422ED2059B5B4543
:10334000C7DD069A4FEA0B1302EB0B11D358079116
:10335000BB42BED10C4611A8D1E9021203F0F0F92C
:10336000DAF800206B68106AE168A268834280F096
:103370009780CDE901210096002241465046FEF794
:1033800023FA044600287FF44FAF079B5A68DB6896
:103390000BF1010B17441E44CAE7DAF800206B68F2
:1033A000126A93427CD2042211A9CDE900610292F3
:1033B000414600225046FEF707FA044600287FF4F3
:1033C00033AFDAF820104FF0FF339942CAF81430C7
:1033D00019D0DAF80000DAF828308269009284689F
:1033E000DAF82420A047044600287FF41DAFDAF85D
:1033F0000030DAF828009A69FF210CF0B7FB4FF093
:10340000FF33CAF82030DAF8000003699847044611
:1034100000287FF409AF2B6AD5F8048023F000431D
:103420004FF0FF32B3F1040919920AF1140B1DD0C9
:1034300007460DAE07E001370122314619A803F017
:103440007FF9B94512D0DAF800301B6A98452DD2C1
:103450000123CDE9016300974346002259465046B7
:10346000FEF750F80028E6D004461EE7199A119B93
:103470009A427FF4DCAE099B13BBDAF81030002BC4
:103480003FF413AF5E686A68964215D09968A868E1
:10349000814211D086420FD08A420DD01B68EEE7E0
:1034A0003D4B3E4A3E489C210CF048FA3A4B3D4A7F
:1034B0003B4812210CF042FA5A60AA689A60EDE784
:1034C000DAF80430013347D0DAF80830013319AEA6
:1034D0000BAF43D0324639460DAB5046FEF7AEFB3C
:1034E0000028C1DB3AD0D5E901030D9F1197314681
:1034F0000C370C260F909DF83B00159710930EAFDC
:103500001296149616900026189011AA0123504680
:1035100013971796FFF758FE0028A5D10B98DAF8F5
:103520000430984231D00C9ADAF808108A422CD034
:1035300088422AD0934228D0012201338AF84020C1
:103540009BD0DAF80830013397D05046FFF776FA6F
:10355000002892D00446A8E619AE0BAF3946324691
:103560005046FEF795FA0028FFF67EAF85D031462B
:10357000D5E90160002323901A4650462296FFF7B2
:1035800023FE00283FF479AFE4E76B68CAF8043003
:10359000AA68CAF80820CFE7842E0400C0300400CF
:1035A000A42E0400B03004002DE9F04F2DED028B65
:1035B0000D46BDB0824616461F4601F1240809E0BB
:1035C000002B52DA424629465046FEF7C1F9002840
:1035D00040F008817479B179F279DAF800002B6A49
:1035E00004340C441444C1691C448C42E8D8B446E9
:1035F0001E1F4CF8046BE96924974C1C6F68A9687E
:1036000025920C3313442B62C5E901170C230022C9
:1036100021932B1DCDF880C01E96229613971291F0
:10362000EC611F92239207920693C3689847044661
:10363000002800F0DE8014F1340F65D1129B4FF0AA
:10364000FF32012BCAF820205CD9139B012B59D9DA
:1036500006995046FEF7E4FE0446002854D10123A3
:103660006968DAF800000793DFE7AC46BCE80F00B2
:1036700026AC0FC4BCE80F000FC49CE8070084E828
:10368000070029465046FEF715FC044600283BD1AA
:10369000DDE92F122B6A69623046191FAA6240F8D1
:1036A000041BF6791794CDE91B4733440694169111
:1036B0006C681A91A968EA691D960C332B62C5E9FA
:1036C00001140C23013219932B1D18900F940E91A5
:1036D000EA6107934FF00109DAF80000C3689847E0
:1036E0000446002800F0AA8014F1340F0CD10E9B80
:1036F0004FF0FF32012BCAF8202003D90F9B012B7A
:1037000000F2BF806FF0330420463DB0BDEC028B69
:10371000BDE8F08FDAF800206B68126A934280F0FF
:103720004C8204220BA9CDE900610292414600229D
:103730005046FEF749F804460028D5D1DAF82010A3
:103740004FF0FF339942CAF8143018D0DAF800006D
:10375000DAF82830826900928468DAF82420A047D9
:1037600004460028C0D1DAF80030DAF828009A6957
:10377000FF210CF0FBF94FF0FF33CAF82030DAF8E4
:1037800000000369984704460028ADD12E6A26F050
:1037900000464FF0FF33321F0C930AF1140B6B6895
:1037A000059200F0EA81074631AE1C4609E001228D
:1037B00031460CA802F0C4FF059B0137BB4200F064
:1037C000DC81DAF800301B6A9C4280F0FC81CDE994
:1037D000016900972346002259465046FDF792FEA4
:1037E0000028E4D0044620463DB0BDEC028BBDE885
:1037F000F08F05F11C07D0464FF0FF3310223946F9
:1038000009A8099302F09CFF58F8202B6B68126AF4
:10381000934280F0D2811026CDE9004722460296DD
:1038200041465046FDF7D0FF8346002800F0AA80AD
:1038300010F1340F3FF402AF5C4665E705F11C0759
:10384000D0464FF0FF33102239460BA80B9302F0FD
:1038500077FF58F8202B6B68126A934280F0AD8195
:103860001026CDE900472246029641465046FDF714
:10387000ABFF834688B110F1340F3FF438AF5C469C
:1038800042E707995046FEF7CBFD044600287FF437
:103890003BAF0123696806931EE72B6A23F00043C0
:1038A000043BB3427FF636AF0AF1140308EE103A38
:1038B000374638E0DAF800200F9B126A934280F016
:1038C00082810CAACDE9007218EE101ACDF808908A
:1038D00000225046FDF716FE044600287FF414AF80
:1038E00001220CA90BA802F02BFFDAF800206B686C
:1038F000126A934280F061810CAACDE90062CDF892
:103900000890224641465046FDF75EFF04460028D7
:103910007FF4EAAE013701362B6A23F00043043B03
:10392000B3427FF6F7AEBBF1010FC3DC16AA4FEA34
:103930000B1302EB0B11D3580591BB42BAD10C46C5
:103940000BA8D1E9021202F0FBFEDAF800206B6846
:10395000106AE168A268834280F02F81CDE90121DD
:103960000096002241465046FDF72EFF04460028EF
:103970007FF4BAAE059B5A68DB680BF1010B174464
:103980001E44C9E72B6A23F00043043BB3426CD9C1
:103990000AF1140308EE103A37460DF1280935E014
:1039A000DAF80020139B126A934280F00C81012206
:1039B000CDE9019218EE101A009700225046FDF74B
:1039C000A1FD044600287FF49FAE0122494609A8C4
:1039D00002F0B6FEDAF800206B68126A934280F0BB
:1039E000EC800122CDE901920096224641465046E4
:1039F000FDF7EAFE044600287FF41DAE01370136CC
:103A00002B6A23F00043043BB3422ED9BBF1010FD4
:103A1000C6DC1EAA4FEA0B1302EB0B11D35805911B
:103A2000BB42BDD10C4609A8D1E9021202F088FEC2
:103A3000DAF800206B68106AE168A268834280F0BF
:103A4000BC80CDE901210096002241465046FDF799
:103A5000BBFE044600287FF4EEAD059B5A68DB6888
:103A60000BF1010B17441E44CAE7DAF800206B681B
:103A7000126A934280F0A180042209A9CDE9006175
:103A80000292414600225046FDF79EFE0446002861
:103A90007FF4D1ADDAF820104FF0FF339942CAF825
:103AA000143019D0DAF80000DAF828308269009270
:103AB0008468DAF82420A047044600287FF4BBADD0
:103AC000DAF80030DAF828009A69FF210CF04EF895
:103AD0004FF0FF33CAF82030DAF800000369984746
:103AE000044600287FF4A7AD2A6AD5F804B022F076
:103AF00000424FF0FF33171F0A930AF114091ED03A
:103B000006460DF1C40807E00136012241460AA825
:103B100002F016FEB74212D0DAF800301B6A9B455D
:103B200051D20123CDE9018300965B46002249462C
:103B30005046FDF7E7FC0028E6D0044653E6DDE9F1
:103B400009329A427FF47AAD079B002B41D1DAF813
:103B50001030002B3FF4D8AD5E686A68964200F0E2
:103B600089809968A868814200F08480864200F0CC
:103B700081808A427ED01B68EBE7DDE90B329A42F6
:103B80007FF4B5AD069B002B40F06E81DAF8104053
:103B9000002C00F0948060686B68984200F0B78158
:103BA000A268A9688A4200F0B281884200F0AF8121
:103BB000934200F0AC812468EAE7A74BA74AA848E3
:103BC0009C210BF0BBFEA44BA64AA54812210BF08A
:103BD000B5FEDAF80430013357D0DAF80830013393
:103BE00031AE12AF53D03246394616AB5046FEF7CF
:103BF00025F80028FFF6F6AD49D0D5E90102169B5D
:103C000026930C332A9318900C2317A89DF85F7005
:103C1000199231462793002629932890012326AA3A
:103C200050462B972D972C96FFF7CEFA00287FF45D
:103C3000D9AD1298DAF8043098421FD0139ADAF806
:103C400008108A421AD0884218D0934216D0012216
:103C500001338AF840203FF47AAFDAF808300133B4
:103C60003FF475AF5046FEF7E9FE00283FF46FAF12
:103C70000446B8E55A60AA689A607CE76B68CAF89F
:103C80000430AA68CAF80820E1E731AE12AF39461D
:103C900032465046FDF7FCFE0028FFF6A3AD3FF488
:103CA00056AF3146D5E9016000233B901A46504695
:103CB0003A96FFF789FA00283FF449AFD8E7D5E9EB
:103CC0000116DDE92D3227982F9128991190CDE921
:103CD0002710DAF80000309642F0004201332D93AD
:103CE0002E92C3681091059498474FF0FF37012634
:103CF000C1460446F8B114F1340F7FF405AD109BB2
:103D0000CAF82070012B7FF6FDAC119B012B7FF6CA
:103D1000F9AC27A95046FEF783FB044600287FF440
:103D2000F3ACDAF80000279901230593C36898479C
:103D300004460028DFD10DF1B408102241460DA839
:103D40000D9702F0FDFCDAF80020279B126A9342DF
:103D5000BFF433AF1025CDE900482246029549460D
:103D60005046FDF731FD04460028C4D12E9B23F0B8
:103D70000043043B102B88BF0DF1C40830D9DAF89A
:103D80000020119B126A9342BFF41DAFCDE901865A
:103D90000095002259465046FDF7B4FB0446002822
:103DA0007FF4B2AC012241460DA802F0C9FCDAF85A
:103DB0000020279B126A9342BFF4FFAE2246CDE952
:103DC0000186009549465046FDF7FEFC0446002852
:103DD00091D12E9B23F000430135043B9D42CED36D
:103DE000DAF80020279B126A9342BFF4E6AE042261
:103DF0000DA9CDE900510292494600225046FDF737
:103E0000E3FC044600287FF476AFDAF82010CAF805
:103E100014704B1C17D0DAF80000DAF828308269E9
:103E200000928468DAF82420A047044600287FF432
:103E300062AFDAF80030DAF828009A69FF210BF057
:103E400095FECAF82070DAF8000003699847002848
:103E500061D004464FE700BF842E0400C030040048
:103E6000A42E0400B0300400DAF80430013379D015
:103E7000DAF80830013331AE0EAF75D0324639462C
:103E800012AB5046FDF7DAFE041EFFF63DAC6BD0D8
:103E9000D5E9012312981E900C30229014920C2028
:103EA00013AA9DF84F40159331461F902190209200
:103EB000002601231EAA5046239425942496FFF73A
:103EC00083F9044600287FF41FAC0E98DAF804301A
:103ED000984263D00F9ADAF808108A425ED088427E
:103EE0005CD093425AD0012201338AF840203FF43B
:103EF0004DAEDAF8083001333FF448AE5046FEF7D5
:103F00009DFD0446002C3FF441AEFFF7FDBB63600E
:103F1000AB68A3604FE62E9ADDF89C80319722F0C3
:103F20000042131F1C4640D0054607E00135012220
:103F30001EA931A802F004FCAC4236D0DAF80030F9
:103F40001B6A9845BFF43FAE1EABCDE90053029605
:103F50004346002259465046FDF7D4FA0028E5D0E2
:103F6000044640E431AE0EAF394632465046FDF7C6
:103F70008FFD041EFFF6C8AB3FF408AED5E9014043
:103F800000233B9031461A4650463A94FFF71CF9FD
:103F90000446002C3FF4FAADFFF7B6BB6B68CAF8D5
:103FA0000430AA68CAF808209DE7319A0D9B9A420E
:103FB0007FF4A5AE059D95B9DAF81040002C3FF4CA
:103FC000A3AB6068279B984278D0A26828998A4260
:103FD00074D0884272D0934270D02468EEE7DAF849
:103FE000043001334BD0DAF80830013331AE10AD74
:103FF00047D03246294612AB5046FDF71FFE041E3D
:10400000FFF682AB3DD0129B1E93DDE927420C33B5
:104010009DF84F0022930C231494159200241F93B3
:10402000219323902590314613AD01231EAA5046BB
:1040300024942095FFF7C8F8044600287FF464AB69
:104040001098DAF80430984233D0119ADAF8081050
:104050008A422ED088422CD093422AD001220133AA
:104060008AF84020A8D0DAF808300133A4D05046AE
:10407000FEF7E4FC0446002C9ED0FFF745BB31AEB2
:1040800010AD294632465046FDF702FD041EFFF6EC
:104090003BAB91D0DDE9274000233B9031461A46E7
:1040A00050463A94FFF790F80446002C84D0FFF76E
:1040B0002BBBDDE92732CAE90132CFE76360289BD9
:1040C000A3608AE72DE9F04F2DED028B1546537959
:1040D0009279EE790433B1B013440A6A33440C4642
:1040E000059322F000411433994204F104038346FE
:1040F000079365D0D4E901012E68E3690696059E11
:104100000F90921BC4E901100133DBF800000E91FF
:10411000C4E9073200230893C36809959847A0466D
:104120000646E8B116F1340F3CD10E9B4FF0FF323A
:10413000012BCBF820203BD90F9B012B38D90799B5
:104140005846FEF76DF9064660BBDBF80000D8F86C
:10415000041001230893C368984706460028E1D15C
:1041600008F11C04DA464FF0FF331022214612A852
:10417000129302F0E5FA5AF8202BD8F80430126AAC
:10418000934280F04B821025CDE9006432460295BF
:1041900051465846FDF718FB044620B310F1340F82
:1041A000C3D00646304631B0BDEC028BBDE8F08F7F
:1041B0006FF03306304631B0BDEC028BBDE8F08FB6
:1041C00019461AAAFDF764FC061EEBDB229B002BA6
:1041D000C0F2E0806B79A979EA7904330B44134487
:1041E0000593226A86E7D8F8203023F00043043B89
:1041F000AB4242D90BF1140308EE103A2F460DF1F1
:1042000094091CB9069BBB4200F0A680DBF8002095
:104210000F9B126A934280F0FB810122CDE901924B
:1042200018EE101A009700225846FDF76BF9064663
:104230000028B7D10122494612A802F081FADBF822
:104240000020D8F80430126A934280F0E7810122FE
:10425000CDE901920095324651465846FDF7B4FA31
:10426000064600287FF45EAF01370135D8F82030CC
:1042700023F00043043BAB42C3D8DBF80020D8F85E
:104280000430126A934280F0C981042212A9CDE958
:1042900000510292514600225846FDF795FA064613
:1042A00000287FF43FAFDBF820104FF0FF33994236
:1042B000CBF8143019D0DBF80000DBF82830826925
:1042C00000928468DBF82420A047064600287FF48B
:1042D00029AFDBF80030DBF828009A69FF210BF0EA
:1042E00045FC4FF0FF33CBF82030DBF800000369CA
:1042F0009847064600287FF415AFD8F82030D8F844
:10430000047023F0004A4FF0FF32BAF1040A2592FC
:104310000BF1140900F00D8105461AAC08E00135D7
:104320000122214625A802F00BFAAA4500F00181DE
:10433000DBF800301B6A9F4280F06A810123CDE9DF
:10434000014300953B46002249465846FDF7DAF8FE
:104350000028E4D0064625E72246214612A802F0AE
:10436000EFF9DBF80020D8F80430126A934280F0AD
:104370005581CDE901440095224651465846FDF746
:1043800023FA064600287FF4CDAEDDE9052301249B
:104390009F186BE7226A2199D4E9090462F0004270
:1043A000134023904A1CDDE91B01CDE91B100D9041
:1043B000DBF800002494CDE92123002305930C9120
:1043C000C36898474FF0FF3801270646F8B116F149
:1043D000340F7FF4E7AE0C9BCBF82080012B7FF6E7
:1043E000E7AE0D9B012B7FF6E3AE1BA95846FEF707
:1043F00017F8064600287FF4D5AEDBF800001B99BD
:1044000001230593C368984706460028DFD121ADF4
:10441000D946102229460AA8CDF8288002F090F942
:1044200059F8202B1B9B126A934280F0F7801024CE
:10443000CDE900653246029449465846FDF7C4F975
:1044400006460028C3D1229B23F00043043B102BD7
:1044500033D90BF1140A0BADDBF800200D9B126A67
:10446000934280F0D580CDE9015700940022514657
:104470005846FDF747F8064600287FF493AE012220
:1044800029460AA802F05CF9DBF800201B9B126A9F
:10449000934280F0C3803246CDE9015700944946EB
:1044A0005846FDF791F90646002890D1229B23F04B
:1044B00000430134043B9C42CED3DBF800201B9B1D
:1044C000126A934280F0AA8004220AA9CDE9004131
:1044D0000292494600225846FDF776F90646002822
:1044E0007FF475AFDBF82010CBF814804B1C17D08D
:1044F000DBF80000DBF82830826900928468DBF882
:104500002420A047064600287FF461AFDBF8003086
:10451000DBF828009A69FF210BF028FBCBF82080FC
:10452000DBF8000003699847002800F0D1800646B8
:104530004DE7259A129B9A427FF4F7ADDDE90835E5
:104540004446002B70D1DBF810301A4672B1D2F815
:1045500004C061688C4557D09068A768B84253D0B2
:10456000BC4551D081424FD01268EFE7DBF80C20F8
:1045700022B34FF0FF370BE0D2F808E0D4F808C0C0
:10458000E64509D0614507D0704505D01268AAB14B
:10459000516860688142EFD1D1682868814230D08B
:1045A000F4D9687995F806E095F807C004307044AE
:1045B0006044091AD1601268002AE9D163B9F1E5B3
:1045C0009F68A06887420BD0824209D0B94207D0C9
:1045D0001B68002B3FF4E6AD5A6861688A42EFD150
:1045E000D9682A689142F3D96A7995F806C0EF79BB
:1045F0009869043262443A44891A821AD9609A61ED
:10460000E6E7C2E90177C1E75160A1689160ABE7D5
:104610009B4B9C4A9C4812210BF090F9984B9B4A6B
:1046200099489C210BF08AF9DBF80430013379D0EA
:10463000DBF80830013325AF0DF1380875D012AB27
:104640003A4641465846FDF7F9FA0028FFF682AE91
:104650006BD0D4E9012312981A900C301E9014925A
:104660000C2013AA9DF84FC0159339461B900027C4
:104670001D901C9201231AAA5846CDF87CC0CDF893
:1046800084C02097FEF7A0FD00287FF463AE0E984B
:10469000DBF80430984260D00F9ADBF808108A42A9
:1046A0005BD0884259D0934257D0012201338BF816
:1046B00040203FF448AFDBF8083001333FF443AF0C
:1046C0005846FEF7BBF900283FF43DAF064669E5C2
:1046D000229DDDF86CA0CDF82C8025F000450BF173
:1046E0001403043D1E463FD004460DF1940907E033
:1046F0000134012249460BA802F022F8A54233D02A
:10470000DBF800301B6A9A4582D2CDE9019700940C
:104710005346002231465846FCF7F4FE0028E7D005
:1047200006463FE525AF0DF1380841463A46584662
:10473000FDF7AEF90028FFF60DAE3FF404AF3946A1
:10474000D4E9017000232F901A4658462E97FEF7A1
:104750003BFD00283FF4F7AEB8E76368CBF80430C0
:10476000A268CBF80820A0E7DDE90A329A427FF47C
:1047700032AE059B93B9DBF81060002E3FF412AD0A
:1047800070681B9B984276D0B2681C998A4272D09E
:10479000884270D093426ED03668EEE7DBF8043082
:1047A00001334AD0DBF80830013325AF0CAC46D0DA
:1047B0003A4621460EAB5846FDF740FA061EFFF674
:1047C000F1AC3CD00E9B1293DDE91B420C339DF8FB
:1047D0003F0016930C231094119213931593179086
:1047E000199039460FAD0024012312AA584614959A
:1047F0001894FEF7E9FC064600287FF4D3AC0C9829
:10480000DBF80430984231D00D9ADBF808108A4268
:104810002CD088422AD0934228D0012201338BF831
:104820004020A8D0DBF808300133A4D05846FEF76A
:1048300005F90646002E9ED0B4E425AF0CAC214607
:104840003A465846FDF724F9061EFFF6ABAC92D067
:10485000DDE91B4000232F9039461A4658462E9416
:10486000FEF7B2FC0646002E85D09BE4DDE91B3244
:10487000CBE90132D1E773601C9BB3608CE700BFCA
:10488000842E0400B0300400A42E0400C0300400C4
:104890002DE9F04F90F84030BBB00546059163B963
:1048A00043680122013380F8402006D08368013339
:1048B00003D0FEF7C3F8044668B909AA19A905ABE5
:1048C0002846FDF7F9F9821C044608D105982F21E6
:1048D0000CF009F858B120463BB0BDE8F08F002835
:1048E00008BF6FF0100420463BB0BDE8F08F2B6886
:1048F0001B6AAB6324A92846FDF7DCFA04460028AE
:10490000E9D1DDE92210259A2D9126992B9B04945B
:10491000CDE9251201332B932E90089207914FF089
:10492000FF3A4FF001082868C36898470446B8B1B9
:1049300014F1340FCFD1079BC5F820A0012B40F212
:10494000D580089B012B40F2D18025A92846FDF790
:1049500067FD04460028BED1012325990493E2E7B0
:104960002BAFA9461022394611A8CDF844A001F07A
:10497000E7FE59F8202B259B126A934280F0BF80F6
:104980001026CDE900472246029649462846FCF704
:104990001BFF04460028CBD12C9B23F00043043B93
:1049A000102B30D905F1140B2FAF2A68089B126A1F
:1049B000934280F09E80CDE901780096002259460E
:1049C0002846FCF79FFD0446002884D10122394681
:1049D00011A801F0B5FE2A68259B126A934280F067
:1049E0008E802246CDE90178009649462846FCF79C
:1049F000EBFE044600289BD12C9B23F0004301369C
:104A0000043B9E42D1D32A68259B126A934276D2F8
:104A1000042211A9CDE900610292494600222846EC
:104A2000FCF7D2FE0446002882D1296AC5F814A0FA
:104A30004B1C12D02868AB6A8269009284686A6A4B
:104A4000A047044600287FF473AF2B68A86A9A69D0
:104A5000FF210BF08BF8C5F820A028680369984760
:104A6000044600287FF464AF2C9B259FCDF8BCA0A2
:104A700023F0004BBBF1040B05F114091BD00646D3
:104A80002B681B6A9F4234D20DABCDE90063CDF891
:104A900008803B46002249462846FCF733FD044681
:104AA00000287FF418AF013601220DA92FA801F0CC
:104AB00047FEB345E4D12F9A119B9A427FF43BAF56
:104AC000049B002B42D12A69FAB15468259B9C4271
:104AD00000F0898091682698814200F084808442A9
:104AE00000F081808B427ED01268EDE76FF03304D6
:104AF000F1E64F4B4F4A504812210AF01FFF4C4B32
:104B00004E4A4D489C210AF019FF059B8DF82A203A
:104B1000184640F622020493ADF828200BF009FF56
:104B2000DDE925648DF82B00049B0C9409AA19A9D2
:104B3000284623940B962296FEF736FD044600285D
:104B40007FF4C9AE2B681B6AAB63C4E66B680133A4
:104B500052D0AB6801332FAE07AF4FD03246394643
:104B60000DAB2846FDF76AF8041EFFF6B4AE45D03B
:104B7000DDE925400D9B11930C33159310900C2308
:104B80009DF83B000F943146129314930024169025
:104B9000189011AA0EAE0123284617941396FEF71B
:104BA00013FB044600287FF496AE07986B68984282
:104BB0001DD0089AA9688A4219D0884217D093421A
:104BC00015D00122013385F840203FF47CAFAB685B
:104BD00001333FF478AF2846FDF730FF0446002C40
:104BE0003FF471AF77E65360269B93607CE7DDE985
:104BF0002532C5E90132E4E72FAE07AF3946324628
:104C00002846FCF745FF041EFFF665AE3FF45BAF98
:104C1000DDE925400023399031461A46284638946C
:104C2000FEF7D2FA0446002C3FF44DAF53E600BF26
:104C3000842E0400B0300400A42E0400C030040010
:104C400070B5D0E9015386B0C1E90153019201ABBF
:104C500002AA06460C46FDF72FF8A0B99DF80C30C5
:104C6000222B12D104AA21463046FCF771FE50B91E
:104C7000D4E901123369216162610E211022A16120
:104C8000E2602360346106B070BD6FF01300FAE794
:104C9000036943B1994202D107E0994207D01A460D
:104CA0001B68002BF9D10020704700F110020B683F
:104CB00013600020704700BFF0B515460E4689B05E
:104CC00004464C22284600210AF050FFB3690E2BFF
:104CD0004AD00F2B53D004AA31462046FCF716FFCA
:104CE00000285BD19DF8142002F07F03112B01D026
:104CF000222BF0D1110655D5626801320DD0A26881
:104D000001320AD006A92046FCF760FF002829DB03
:104D1000E1D19DF8143003F07F038DF81430214663
:104D20002B70112B51F8140B08BF079B049A08BF76
:104D30006B609DF815C07368066A9DF81670101DAB
:104D40006044B3429DF8172005F1080538442BD282
:104D5000CDE90152009000222046FCF7D3FB002849
:104D600008BF012009B0F0BD124A222312882A810F
:104D70002B70B36901200133B36109B0F0BD2B463C
:104D80000D4A222103F8081B1188927829819A7014
:104D9000B36901200133B36109B0F0BD841C08BFC1
:104DA0000020DFE71346BAE7044B054A0548122105
:104DB0000AF0C4FD542E0400582E0400842E040072
:104DC000B0300400A42E04002DE9F0431F4693B038
:104DD00003F00303012B0C460192054603D090F823
:104DE0004030002B70D002AA07A901AB2846FCF77F
:104DF00063FF064600283FD19DF80C30222B00F0BF
:104E00009180BB0500F18B80DDE90820029962608A
:104E1000049AA0600023C4E90637C4E903122362A0
:104E20007A05059B636106D5002B5FD14FF0FF32F9
:104E30000023C4E904232B68586B4FF0FF32E26271
:104E4000002857D0EB68002B5FD16063E36903F063
:104E500003034FF0FF36012BE66205D02B68FF21DC
:104E60009A690AF083FEE662EB6823600026EC6034
:104E7000304613B0BDE8F083B01CF9D1DDF80480F2
:104E80002F2140460BF02FFD02460028F0D1F905F6
:104E9000EED540F6110340468DF80E20ADF80C30EB
:104EA0000BF047FD4FF0000943468DF80F0002AAB2
:104EB00007A94FF0FF382846CDE90489FEF774FBB7
:104EC00006460028A0D0D3E743680122013380F8CA
:104ED000402088D08368013385D0FDF7AFFD0646BA
:104EE000002880D0304613B0BDE8F08347F4803707
:104EF000E7619BE7E26902F00302012A08D09869A2
:104F000001F0E0FF60630028A0D16FF00B06AFE76F
:104F1000586901F0D7FF6063002897D1F5E76FF07B
:104F20001006A5E76FF01406A2E700BF2DE9F04FC9
:104F30002DED028BCC698FB004F00305012D059295
:104F4000079300F0B98167038846834600F10D811D
:104F5000250500F11681A00340F1ED80079B002B91
:104F600000F0D88008F12C090693D8F81C3099037A
:104F700000F18980D8F82030002B40F06481DBF804
:104F800000100B6ACBF83830D8E908730C930DABDE
:104F900008EE103A0BF114044FF0010ACDF820800E
:104FA00018EE101A5846FDF73BFA00285ED10D990D
:104FB000012940F29181DBF80000036A994200F276
:104FC0008B81C3689847002840F0AD80002F00F027
:104FD0006581DBF80010D1F81C807D1EA8F1080661
:104FE000B542C0F01B81B5FBF6F0013804910AF020
:104FF0002DFB0230A5EB8005B5FBF6F528460AF03F
:1050000025FBA7EB800005FB1607B845049900F0C7
:10501000C380002F00F03F8100250DF12F0616E020
:10502000DBF800200D9B126A934280F03F81CDE9AE
:10503000016A0095224649465846FCF7C5FB002800
:1050400071D10135BD4280F0EF80DBF800100A6AB3
:105050000C9B934280F03A81CDE9016A00950022D1
:1050600021465846FCF74EFA0028D9D0DDF82080BA
:10507000D8F81C3043F40023C8F81C300FB0BDEC46
:10508000028BBDE8F08FDBF80010D8F82870CD69EE
:10509000AF423FF476AFD8F824300BF11404069AEF
:1050A000059EED1B954228BF15460EE010F1340F0A
:1050B000DED141465846FDF741FC0028D8D1D8F84A
:1050C0002870DBF80010D8F824300A6A9A4240F2BF
:1050D000ED80CDE901650097224649465846FCF728
:1050E00073FB0028E2D1D8F82020D8F82830DBF86C
:1050F00000102A442B44096AC8F82020C8F8283038
:10510000059A069BCBF838102A445B1B0592069340
:105110007FF42BAFD8F81C30079823F40023C8F88D
:105120001C30ABE7099F10F1340F9FD14FF0FF33D4
:10513000CBF8203034E7D8F82040D8F814309C421F
:105140007FF60CAFC8F820300DAE002501233246A3
:10515000414658468DF83450FFF7E8FE00288DDBB5
:10516000D8F820309C42F1D8F8E64FF0FF3224F412
:105170008023A603CA62CB6100F185802205DAD5BF
:105180001C46D8F81430D8F820209A4238BFC8F806
:105190002030A003CFD5E1E6013595FAA5F3B3FAA7
:1051A00083F31846013304930A6A099700250DF129
:1051B000300807460D9B93424FEA850676D20422BB
:1051C000CDE901820096224649465846FCF7FCFA92
:1051D0000C9B0028A6D1AF4211D0DBF80020126A48
:1051E000934273D20422CDE9018200960246214601
:1051F0005846FCF787F900287FF438AF0C9B012B49
:105200005DD9DBF800100A6A934258D8049B013537
:10521000AB42CFD1DDF820809F0009E047457FF405
:10522000FBAE01230493BFE7DDF82080DBF800101C
:105230000D9BC8E90937D8F81C20CD6942F400322B
:10524000C8F81C202BE708F1280108F12402CDE959
:105250000121013B0093D8E9042349465846FCF755
:1052600019FA00287FF404AFDBF80030D8F83400D6
:105270009A69FF210AF07AFC4FF0FF33DBF8001047
:10528000C8F82C307DE600F03DF800287FF4F6AE3B
:10529000D8F81C405CE6DDF82080C9E7DDF8208006
:1052A0000D9BDBF80010C8E90937C4E70E4B0F4A25
:1052B0000F489C210AF042FB6FF00800DEE60D4B20
:1052C0000D4A0B4840F2D3410AF038FB064B0B4A1B
:1052D000074812210AF032FB094B074A044840F202
:1052E0008C410AF02BFB00BF842E0400C030040068
:1052F000A42E0400242F0400E0300400B030040089
:105300006C2F04002DE9F0430D4693B0064600F1E2
:1053100014072C22002104A8D5F820800AF026FCCE
:1053200097E807004FF0FF33D5E904C40DF1480EAC
:1053300073610EE90700296A6A69CDF8308001209F
:105340009142CDF820C009940B901FD299460123B9
:105350000DF10F0204A9304600F072F90446002C4A
:105360004FF001030DF10F02294630463ADBFFF7FB
:10537000DDFD041E36DB7369013337D0C6F81490A7
:105380006A692B6ACDF83C909A42E0D805F12C0965
:1053900018E030686B6B8269009284682A6BA047C2
:1053A00004463A46494630461CB9FCF71FF9044604
:1053B00058B114F1340F2946304613D1FDF7BEFA27
:1053C000044678B9E96A4B1CE3D1EB69D5E90821B9
:1053D00023F4003343F480332961EB616A61C5F83B
:1053E00020800024204613B0BDE8F0832A6A6B6950
:1053F0009A42ACD3CAE700BFF0B5CB690C4659035B
:105400009DB0054605D523F480234FF0FF32E361BC
:10541000E2629A0309D521462846FFF773FF024648
:1054200010B110461DB0F0BDE36903F41023B3F5CD
:10543000803F03D0002210461DB0F0BD63680133E9
:10544000F8D0A3680133F5D0221D11A92846FCF736
:105450007FFA02460028E4D12946129B51F8140B2A
:105460000692076AE068059006AEBB42C6E90122D3
:105470002CD20C27CDE9000602972846FCF742F80B
:1054800002460028CDD19DF81830112B24D1059B60
:105490000B9603F10C060A9728460C979DF81B50B3
:1054A00027690F9209930D9609AA6669079711A9B2
:1054B000012308960E951095FDF786FE02460028FA
:1054C000AFD1E36923F48033E361AAE7064B074ACF
:1054D000074812210AF032FA064B074A044840F204
:1054E00013610AF02BFA00BF842E0400B0300400D0
:1054F000A42E04009C2F0400F03004002DE9F0419C
:10550000CB690C4659039CB0054605D523F480238E
:105510004FF0FF32E361E2629A0321D5214628462B
:10552000FFF7F0FE0646D0B1EB6843B19C4202D1D2
:105530006AE09C426AD019461B68002BF9D1A36926
:105540002BB11B681BB130461CB0BDE8F0812B6845
:105550005B6B002BF7D1606B01F0C8FCF3E7E369EC
:1055600003F41023B3F5803F01D00026DCE7636825
:105570000133FAD0A3680133F7D011A9221D2846C0
:10558000FCF7E6F906460028CED12946129B51F8D1
:10559000142B0696106AE268059206AF8342C7E9AB
:1055A000016636D24FF00C08CDE90027CDF808800F
:1055B00032462846FBF7A6FF06460028B4D19DF8E0
:1055C0001830112B2BD1059B22690F9060699DF833
:1055D0001B600B97099303F10C070792089011A920
:1055E000012309AA28460E961096CDF82880CDF8FA
:1055F00030800D97FDF7E8FD0646002894D1E36959
:1056000023F48033E3618FE705F10C0123680B601D
:1056100095E7064B064A074812210AF08FF9064B18
:10562000064A044840F213610AF088F9842E040007
:10563000B0300400A42E04009C2F0400F0300400BD
:105640002DE9F04F0D46C96901F00304022C87B023
:105650004FD08046880317461E464FD42A6A696990
:105660008A425CD2A1EB0209B1454B4628BF3346C2
:105670000593002B57D01E4605F12C0905F1280B88
:1056800005F1240A1FE0D8F80000A96AC469A14204
:105690001CD0641A026A6B6AB44228BF3446934233
:1056A00045D20091CDE90174002249464046FBF7FE
:1056B00029FF00BB2A6AAB6A22442344361B2744D5
:1056C0002A62AB622FD0EB695B03DCD4CDE901AB7E
:1056D0000092D5E9042349464046FBF7DBFF50B969
:1056E000EB69D8F80000A96AC46943F48023EB6130
:1056F000CFE76FF0080007B0BDE8F08F4A0305D58B
:1057000021F480214FF0FF32E961EA6229464046E8
:10571000FFF7F8FD0028A1D007B0BDE8F08F00200A
:1057200007B0BDE8F08F059807B0BDE8F08F034BD8
:10573000034A044812210AF001F900BF842E040034
:10574000B0300400A42E0400F8B50C46C969164612
:105750004A0307461D4605D521F480214FF0FF334B
:10576000E161E3628B0305D538462146FFF7CAFDA8
:1057700000B1F8BD2DB1012D0CD0022D04D0206A4E
:10578000F8BD26623046F8BD002E606905DB304466
:105790002062F8BD002E206AF9DA72428242F6D900
:1057A0006FF01500F8BD00BF086A7047CB699B0316
:1057B00005D5086A4B69984238BF18467047486952
:1057C000704700BFF0B597B01546059105AB07AA25
:1057D0000BA90646FCF770FA044610B1204617B034
:1057E000F0BD4C22014628460AF0C0F99DF8203051
:1057F0002B70112B04BF0A9B6B607268099B93424C
:1058000023D00A98B16888421FD08B421DD08242B3
:105810001BD03146079A51F8143B9DF821701C6A41
:105820000C9B9DF8220004323A44A342024405F145
:1058300008059DF823000ED2CDE9015000923046B4
:105840000022FBF75FFE0446C8E7064B1B882B814E
:10585000204617B0F0BD044B044A054812210AF057
:105860006DF800BF5C2E0400842E0400B0300400EC
:10587000A42E04002DE9F04F90F84030BBB005464F
:10588000059183B943680122013380F840200AD092
:105890008368013307D0FDF7D1F8044618B12046DC
:1058A0003BB0BDE8F08F09AA19A905AB2846FCF763
:1058B00003FA04460028F2D19DF82830222B00F08C
:1058C000D08009AA19A92846FEF7FCFB0446002847
:1058D000E5D19DF82830222BE1D119AA25A9284627
:1058E000FCF7D6F8041EDADB00F00B81DDE92D4071
:1058F000209B2390DDE91A2128682294013320930C
:1059000000230493CDE91A12C368089207919847BF
:105910004FF0FF3A4FF001080446E0B114F1340FA4
:10592000BDD1079BC5F820A0012B40F2A480089BA5
:10593000012B40F2A0801AA92846FCF771FD04460D
:105940000028ACD128681A9901230493C3689847AA
:1059500004460028E2D120AFA9461022394611A8FA
:10596000CDF844A000F0ECFE59F8202B1A9B126AE7
:10597000934280F03A811026CDE9004722460296F4
:1059800049462846FBF720FF04460028C6D1219B44
:1059900023F00043043B102B31D905F1140B2FAF3A
:1059A0002A68089B126A934280F02581CDE901782C
:1059B0000096002259462846FBF7A4FD044600281D
:1059C0007FF46DAF0122394611A800F0B9FE2A68B4
:1059D0001A9B126A934280F008812246CDE9017831
:1059E000009649462846FBF7EFFE0446002895D16D
:1059F000219B23F000430136043B9E42D0D32A680A
:105A00001A9B126A934280F0F080042211A9CDE91A
:105A100000610292494600222846FBF7D5FE044663
:105A200000287FF47BAF296AC5F814A04B1C12D064
:105A30002868AB6A8269009284686A6AA047044653
:105A400000287FF46BAF2B68A86A9A69FF210AF0DF
:105A50008DF8C5F820A028680369984770B10446FE
:105A60005CE70BAA24A92846FBF772FF044600282E
:105A70003FF427AF13E76FF0330410E7219FDDF801
:105A800068B0CDF8BCA027F0004705F11403043F2F
:105A90001C461DD006460DF1340907E001360122EF
:105AA00049462FA800F04CFEB74211D02B681B6A64
:105AB0009B4580F0A080CDE9019800965B460022CE
:105AC00021462846FBF71EFD0028E7D00446E6E6FF
:105AD0002F9A119B9A427FF424AF049BC3B92C697F
:105AE000002C3FF4DCAE60681A9B98425AD0A26842
:105AF0001B998A4256D0884254D0934252D024688F
:105B0000EEE7404B404A414840F26E7109F016FF03
:105B10006B6801334FD0AB6801332FAE07AF4CD069
:105B2000324639460DAB2846FCF788F8041EFFF6CE
:105B3000B6AE42D0DDE91A400D9B11930C3315939C
:105B400010900C239DF83B000F9431461293149350
:105B500000241690189011AA0EAE0123284617941F
:105B60001396FDF731FB044600287FF498AE0798A2
:105B70006B6898421AD0089AA9688A4216D088425F
:105B800014D0934212D00122013385F84020A6D0D0
:105B9000AB680133A3D02846FCF750FF0446002C25
:105BA0009DD07CE663601B9BA360A8E7DDE91A3209
:105BB000C5E90132E7E72FAE07AF3946324628463E
:105BC000FBF766FF041EFFF66AAE88D0DDE91A40D7
:105BD0000023399031461A4628463894FDF7F4FAE6
:105BE0000446002C3FF47BAF59E6094B094A0748AD
:105BF0009C2109F0A3FE064B074A0448122109F034
:105C00009DFE00BFBC2F040000310400A42E040040
:105C1000842E0400C0300400B03004002DE9F04FA1
:105C20002DED028B8B6A0160C5B00446002B00F09D
:105C30009780C361C86A002800F09E80A0628A69CC
:105C4000FF2109F093FF4FF0FF3322682362636165
:105C5000536AD90640F02783002B00F01D83106B98
:105C6000002800F09280E063D2E90551B1FBF5F322
:105C700005FB1313002B40F0FA82D769B7FBF1F54F
:105C800001FB1575002D40F000834FF0FF36A7F1A2
:105C90000803B6FBF3F33344B3FA83F3C3F12003F1
:105CA000B7EB830FC0F0EA82526A25612946C4E946
:105CB0000265D20884F84050666009F057FF2368F7
:105CC000E562D3E90823934228BF1346C4E90C35A3
:105CD000A26322A92046FCF7EDF8054678B12368B7
:105CE0009A6A002A63D0DA6A002A5BD01B6B002B09
:105CF00054D0284645B0BDEC028BBDE8F08F2DA9ED
:105D00002046FCF7D7F805460028E8D1DDE92E212A
:105D1000349B0E92CDE92E120133049034930D91F1
:105D20004FF001092068C36898470546002843D012
:105D300015F1340FD3D10D9B2662012B0DD90E9B8B
:105D4000012B0AD92EA92046FCF76AFB054600283C
:105D5000C5D101232E990493E4E76FF03305BEE724
:105D6000486901F0AFF8E061002800F0DF802168A9
:105D7000C86A00287FF462AF886901F0A3F8A062C6
:105D8000002800F0D380216859E7D80801F09AF87C
:105D9000E063002800F0CA80226865E7E06B01F04C
:105DA000A5F8A6E7A06A01F0A1F823689EE7E069DC
:105DB00001F09CF8236896E734AFA24610223946DA
:105DC00009A8099600F0BCFC5AF8202B2E9B126AF9
:105DD000934280F07D824FF01008CDE900572A46AB
:105DE000CDF8088051462046FBF7EEFC054600281A
:105DF0009ED1359B23F00043043B102B474633D9FB
:105E000004F1140B0DF1280822680E9B126A9342CC
:105E100080F06482CDE9018900970022594620462E
:105E2000FBF770FB054600287FF459AF012241467D
:105E300009A800F085FC22682E9B126A934280F02C
:105E400047822A46CDE90189009751462046FBF753
:105E5000BBFC054600287FF46BAF359B23F0004365
:105E60000137043B9F42CFD322682E9B126A934294
:105E700080F02E82042209A9CDE9007102925146D8
:105E800000222046FBF7A0FC054600287FF450AF17
:105E9000216A66614B1C11D02068A36A8269009256
:105EA0008568626AA847054600287FF441AF2368E9
:105EB000A06A9A69FF2109F059FE266220680369E9
:105EC0009847054600287FF433AF359BDDF8B8B01E
:105ED0000A9623F0004304F11402043B08EE102A52
:105EE0003CD01D46234608EE90AA38AF92460446A1
:105EF000984607E00134012239460AA800F020FC48
:105F0000A54228D0D8F800301B6A9B4580F0E68176
:105F1000CDE9017900945B46002251464046FBF7EB
:105F2000F1FA0028E6D005464446D8E623689A6A86
:105F3000002A00F0C881DA6A002A00F0BF811B6BDA
:105F4000002B00F0B7816FF00B05284645B0BDEC83
:105F5000028BBDE8F08F18EE90AA4446DDE90932C5
:105F60009A427FF4E8AE049B002B40F0168225692C
:105F70008DB168682E9B984200F0B681AA682F996F
:105F80008A4200F0B181884200F0AE81934200F075
:105F9000AB812D68ECE7A74A23688DF86A50082684
:105FA00041F22E47ADF868708DF86B6092E80300FF
:105FB000D3E907261D9220AA82E803002F9A0695AE
:105FC0004FF001102E9D1E9634211026A2601C92C7
:105FD0002C9202221F9065601B952B9519962A9191
:105FE0004FF0010904921846DDE92331299A0C93F8
:105FF000CDE923130132002307932992C3680B9143
:1060000098470546D8B115F1340F7FF468AE0B9B65
:106010004FF0FF32012B226232D90C9B012B2FD97A
:1060200023A92046FCF7FCF9054628BB20682399E4
:1060300001230793C368984705460028E3D129AF99
:106040004FF0FF331022394611A8119300F078FB6E
:106050002268239B126A934280F03A811026CDE990
:1060600000572A46029651462046FBF7ADFB18B36F
:1060700010F1340FCBD0054615F1340F7FF42FAE5D
:10608000049B012B14D1069B002B3FF466AE22A982
:106090000026012738AA2046CDE93867FBF758FCCF
:1060A000054600287FF41BAE23681A6AA26317E630
:1060B00001232068049397E72A9B23F00043043BC5
:1060C000B34259D918EE108A37460DF1E00B05900E
:1060D0002FE022680C9B126A934280F0FF80CDE98A
:1060E00001B90097002241462046FBF70BFA05460E
:1060F0000028C1D10122594611A800F021FB2268D5
:10610000239B126A934280F0E3802A46CDE901B9CD
:10611000009651462046FBF757FB054600287FF4C2
:1061200072AF013701362A9B23F00043043B9E42A5
:1061300022D2059B002BCCD1102FCAD11AAD202220
:10614000294611A800F0FCFA2268239B126A9342A8
:1061500080F0BE802021CDE900650291059A51466C
:106160002046FBF731FB054600287FF44CAF0123A6
:10617000203630270593D6E72268239B126A934284
:1061800080F0A680042211A9CDE900610292514657
:1061900000222046FBF718FB054600287FF433AFAA
:1061A000216A4FF0FF339942636113D02068A36ADC
:1061B000826900928568626AA847054600287FF4D4
:1061C00022AF2368A06A9A69FF2109F0CFFC4FF043
:1061D000FF332362206803699847054600287FF44F
:1061E00012AF2A9BDDF88C8023F0004B4FF0FF327A
:1061F000BBF1040B38921FD018EE105A07460DAEB3
:1062000007E001370122314638A800F099FABB4572
:1062100012D023681B6A984560D2CDE901690097C6
:106220004346002229462046FBF76CF90028E8D0B7
:10623000054621E7A4300400389A119B9A427FF466
:10624000E6AE079B002B57D123696BB15D68239A9B
:1062500095424DD099682498814249D0854247D0D3
:106260008A4245D01B68F0E70123069308E7914B6B
:10627000914A924840F61F0109F060FB904B8E4A0C
:106280008E4840F6230109F059FB8E4B8A4A8B4811
:106290004FF4026109F052FB8B4B874A874840F666
:1062A000140109F04BFB894B834A844840F61301E3
:1062B00009F044FBE06B00F019FE44E6A06A00F030
:1062C00015FE23683BE6E06900F010FE236832E625
:1062D0007F4B804A79489C2109F030FB7C4B7E4AF9
:1062E0007648122109F02AFB6B602F9BAB6050E6C9
:1062F0005A60249A9A60B5E76368013300F09F8082
:10630000A368013338AE0BAF00F09B8032463946AC
:106310000DAB2046FBF792FC051EFFF6ADAE00F07C
:106320009080DDE923030D9D11950C3515950F9097
:106330000C259DF83B00109331461295149516904C
:106340000025189011AA0EAE01232046179513962A
:10635000FCF73AFF054600287FF48EAE0B98636881
:10636000984267D00C9AA1688A4263D0884261D073
:1063700093425FD04FF00102013384F840203FF494
:1063800063AFA36801333FF45FAF2046FCF756FBD1
:106390000546002D3FF458AF6EE6636801336ED0BA
:1063A000A368013338AE0DAF6BD03246394611AB1E
:1063B0002046FBF743FC051EFFF691AC61D0DDE9FA
:1063C0002E02119B19930C331D9313900C2312A8CA
:1063D0009DF84B50149231461A931C931B90002643
:1063E000012319AA20461E9520951F96FCF7ECFE66
:1063F000054600287FF473AC0D986368984239D045
:106400000E9AA1688A4235D0884233D0934231D067
:106410000122013384F840203FF4A9ADA368013381
:106420003FF4A5AD2046FCF709FB0546002D3FF4DF
:106430009EAD54E4DDE92332C4E901329AE738AE77
:106440000BAF394632462046FBF722FB051EFFF60E
:1064500013AE3FF4F9AEDDE92350002342903146FC
:106460001A4620464195FCF7AFFE0546002D3FF445
:10647000EBAE01E6DDE92E32C4E90132C8E738AE01
:106480000DAF394632462046FBF702FB051EFFF6EC
:1064900026AC3FF46CADDDE92E500023429031462E
:1064A0001A4620464195FCF78FFE0546002D3FF425
:1064B0005EAD14E4F82F04000C310400A42E040097
:1064C0005830040028300400E02F0400C02F0400DE
:1064D000842E0400C0300400B0300400F0B58B6A94
:1064E00001609BB00446002B7CD0C361C86A0028C1
:1064F00000F08380A0628A69FF2109F037FB4FF02A
:10650000FF33216823626361486AC30640F0C38099
:10651000002800F0D5800B6B002B75D0E363D1E928
:106520000503B3FBF0F200FB1232002A40F0C180F9
:10653000C869B0FBF3F203FB1202002A40F0B280FC
:106540004FF0FF35A0F10803B5FBF3F32B44B3FA8A
:1065500083F3C3F12003B0EB830FC0F085800B6A97
:10656000A363C4E90155C4E90322C4E90B2284F8FA
:10657000402062630026012704AA0FA92046CDE926
:106580000467FBF7E5F9054660B123689A6A002ABB
:1065900046D0DA6A002A3ED01B6B002B45D0284635
:1065A0001BB0F0BD2146109B51F8142B126A934288
:1065B00080F08D802020029007AE1020CDE90006EB
:1065C0002A462046FAF79EFF05460028DDD1DDE980
:1065D0000810424B0D9A9A42C4E9011029D06FF07D
:1065E0003305D2E7486900F06DFCE061002831D046
:1065F0002168C86A00287FF47DAF886900F062FCDA
:10660000A06238B3216876E7C00800F05BFCE06365
:1066100000B3216883E7A06A00F068FC2368BBE749
:10662000E06900F063FC2368B3E7E06B00F05EFC18
:10663000B5E70E9AA3F18773A3F580639A42CED192
:106640000C9B1A0C012A02D19BB2012BA7D96FF027
:1066500015059AE723689A6AC2B1DA6A8AB11B6B98
:106660004BB16FF00B059AE71D4B1E4A1E4840F6D2
:10667000230109F063F9E06B00F038FC6FF00B05C3
:106680008DE7A06A00F032FC2368E8E7E06900F0DB
:106690002DFC2368E1E7154B124A134840F613011D
:1066A00009F04CF9124B0F4A0F484FF4026109F000
:1066B00045F9104B0B4A0C4840F61F0109F03EF912
:1066C0000D4B084A084840F6140109F037F90B4B06
:1066D0000B4A0548122109F031F900BF6C69747446
:1066E000583004000C310400A42E0400C02F040014
:1066F00028300400F82F0400E02F0400842E04004A
:10670000B030040003689A6A10B504462AB1DA6A08
:1067100052B11B6B7BB1002010BDC06900F0E6FBDD
:106720002368DA6A002AF4D1A06A00F0DFFB23684C
:106730001B6B002BEFD1E06B00F0D8FB002010BDED
:10674000E2B170B4561E0E4D02680E444C1E14F891
:10675000013F83EA020101F00F01A64255F8211022
:1067600081EA121282EA131303F00F0355F8233063
:1067700083EA1212EBD170BC02607047704700BF11
:106780001831040010B5034B03600446FAF7BAFA57
:10679000204610BD6031040010B5054B036004466F
:1067A000FAF7B0FA204602F0CDFE204610BD00BF39
:1067B0006031040008B500F0B5F9002008BD00BF45
:1067C00070B501F5ED51CC0182B004F18006FF25D2
:1067D000012220460DF1070114448DF8075000F006
:1067E000A7F9A642F4D1002002B070BD08B501F5AA
:1067F000ED5102EBC110029A194600F099F9B0FA76
:1068000080F04009404208BD08B501F5ED5102EBAA
:10681000C1111846029A00F0A3F90028CCBF00204D
:106820000120404208BD00BF38B500210546FAF7F7
:1068300089FA98B94FF46D24204604F5805400F08D
:106840009BF958B1B4F5742FF6D12846FAF79CFAA3
:1068500028460021BDE83840FAF774BA38BD00BFB9
:1068600010B5074C07492046FAF754FA064B236047
:106870002046064A0649BDE8104008F04BBA00BF62
:106880001C7A0020106100206031040000600020AC
:10689000856703002DE9F04F83B00193002B37D0BB
:1068A000DFF8749005460E4690461F46C6F30B0A65
:1068B000CAF58054296906EA090BBC4228BF3C4648
:1068C000594526441BD04B1C4FF4805208460ED02D
:1068D000EB681BB16969984748B929692B68084674
:1068E0009847D5E904016B684FF480529847AB682C
:1068F0006869C5F810B059464FF4805298476869E6
:1069000041462246504409F009F93F1BA044CDD12D
:10691000019803B0BDE8F08F00F0FFFF10B504460A
:106920000069431C12D0E3682BB161694FF48052B7
:10693000984740B9206923689847D4E904016368FF
:106940004FF4805298474FF0FF33236110BD00BFD2
:106950002DE9F84307691D467B1C06468846144608
:1069600005D097420BD807F580539A4230D3B368CD
:10697000214640462A4698472846BDE8F8835319E1
:106980009F42F4D207F580539A42F0D2A7EB040954
:106990004A462146B3684046E71B98477A1908EBF8
:1069A00009004FF4805C0021624528BF624673698C
:1069B000174619444F4409F0B1F8BD42DCD9B36819
:1069C000E11908EB0700EA1B98472846BDE8F88361
:1069D000A7EB040C0CF5805CE11B2A4640464FF007
:1069E0000009E1E729DF704728DF704712DF7047B1
:1069F00008B509F085F8B0FA80F0400908BD00BF7D
:106A000010B5144609F08AF8204610BDF0B583B0E1
:106A1000074600230DF1070016460C46D5088DF8F1
:106A20000730FFF7E3FF01E000F000FA2A462146B5
:106A30003846FFF7D7FF112803464FF00100F3D087
:106A4000D3B99DF80730D3B907EB560704EB5604CA
:106A500001E000F0EBF92A4621463846FFF7C2FF75
:106A6000112803464FF00100F3D02BB99DF80730F1
:106A700063B9304603B0F0BD002003B0F0BD084B51
:106A80004FF0FF31186800F0D3FEDDE7044B4FF004
:106A9000FF31186800F0CCFE304603B0F0BD00BFF7
:106AA000C08A002030B5184D296883B00446D9B19A
:106AB000240B01E000F0BAF92046FFF795FF1128FA
:106AC00003464FF00100F5D013B1002003B030BDF4
:106AD0000DF107008DF80730FFF788FF9DF80730AC
:106AE0004BB9012003B030BD0A2000F07FFA2860C6
:106AF0000028DDD1E9E728684FF0FF3100F098FE6B
:106B0000012003B030BD00BFC08A0020044B1868CC
:106B100020B100231A46194600F09ABA704700BF08
:106B2000C08A00200148FFF7F9BE00BF486100207D
:106B300010B4094CA0420AD3B0F5742F07D2134603
:106B40005DF8044B0A4601460448FFF7A3BE4FF028
:106B5000FF305DF8044B7047007002004861002070
:106B600010B40C4613460146224602485DF8044B19
:106B7000FFF7EEBE4861002030B5184D296883B09C
:106B80000446D9B1240B01E000F050F92046FFF78C
:106B90002BFF112803464FF00100F5D013B1002060
:106BA00003B030BD0DF107008DF80730FFF71EFF71
:106BB0009DF807304BB9012003B030BD0A2000F02A
:106BC00015FA28600028DDD1E9E728684FF0FF3189
:106BD00000F02EFE012003B030BD00BFC08A0020AF
:106BE00008B501210E2003F01DFC01210E2003F049
:106BF0009DFC0021162003F015FC0121192003F053
:106C000011FC0121192003F091FC01210B2003F05C
:106C100009FC01210B2003F089FC01210D2003F068
:106C200001FC01210D2003F081FC01210C2003F067
:106C3000F9FBBDE8084001210C2003F077BC00BF40
:106C400010B4019C401AE41A04FB00F4521A94FB9D
:106C5000F2F05DF8044B1844704700BFF8B5002609
:106C6000C0E900660446866079B108460D4609F021
:106C700060FE0746013000F0F5F830B1C4E90007C6
:106C80000670A760294609F03BFE2046F8BD00BF0C
:106C9000F8B588424FF00005C0E90055044685600C
:106CA0000DD00E685EB18F68781C00F0DBF830B153
:106CB000C4E900070570A760314609F021FE2046AF
:106CC000F8BD00BF30B5044600238BB0C4E90033E3
:106CD000A360084601A902F097FB01A809F029FE6C
:106CE0002368054613B1626890420BD91846691CA7
:106CF00009F0B2FD034668B1A268C4E900050AB90B
:106D000002702368A56001A9184609F0F9FD204624
:106D10000BB030BD206808B100F0BEF8002320465B
:106D2000C4E9013323600BB030BD00BF10B5044689
:106D3000006800F0B1F8204610BD00BF70B50E68C5
:106D400004461EB18D685DB9204670BD206808B14B
:106D500000F0A2F80023C4E901332360204670BD8F
:106D600082680068154410B163689D420BD9691CA4
:106D700009F072FD0028E9D0A268C4E9000512B943
:106D800002702068A2683146104409F0B9FDA56080
:106D9000204670BD70B5044631B108460D4609F075
:106DA000C8FD58B9204670BD206808B100F074F8DD
:106DB0000023C4E901332360204670BDA268236824
:106DC000861813B161688E420DD91846711C09F0FE
:106DD00043FD03460028E7D0A268C4E9000612B9C3
:106DE00002702368A2682946981809F089FDA660F8
:106DF000204670BDB2B138B50C4621B185689D42C0
:106E000002D800230B7038BDED1A013A0168954293
:106E100028BF154619442A46204609F092FD002352
:106E2000635538BD704700BFFEE700BF014638B567
:106E30004FF47A7200238002890D08F0EFFB0446BC
:106E400001F000FA0546F4F703FD01F0FBF9431BDE
:106E50009C4200D838BD2C44201ABDE8384001F0CF
:106E600029BB00BF10B5044601F080FD022804D004
:106E70002046BDE8104008F0DDBD01F0DBF92046FA
:106E800008F0D8FD044601F085FA0CB1204610BD8B
:106E900002F0D8FFFAE700BF10B5044601F066FD26
:106EA00002280AD144B101F0C5F9204608F0CAFD14
:106EB000BDE8104001F06EBA10BD2046BDE810409C
:106EC00008F0C0BD10B582B0019001F0B3F901988F
:106ED00008F0B0FD044601F05DFA14B1204602B09E
:106EE00010BD02F0AFFF204602B010BD50B110B58A
:106EF000044601F09FF9204608F0A4FDBDE81040CB
:106F000001F048BA704700BF38B51C469DF81050D4
:106F100043B3002908BF1A460123C4E90F012260C8
:106F200084F8463002F07AF8D4E90F132268A260A0
:106F300001FB03F1CB1A134400200A44FF21A06394
:106F4000E36084F84410626084F8451004F1100096
:106F500003F04EFB04F1240003F04AFB02F068F852
:106F600084F84C50204638BDF8B5064617460D4605
:106F700069B100FB01F05030FFF7A4FF044690B365
:106F8000002200F1500380F84620036007E0502003
:106F9000FFF798FF044630B384F846502460C4E9F4
:106FA0000F6502F03BF8D4E90F132268A26001FBE1
:106FB00003F1CB1A134400200A44FF21A063E360CD
:106FC00084F84410626084F8451004F1100003F066
:106FD0000FFB04F1240003F00BFB02F029F884F806
:106FE0004C702046F8BD00242046F8BDF8B5064692
:106FF00050200D46FFF766FF044630B3002720609F
:10700000C66380F84670076402F008F8D4E90F32CE
:107010002168A76303FB02F39A1A0A440B44FF2674
:10702000C4E90131E26084F8446004F1100084F89E
:10703000456003F0DDFA04F1240003F0D9FA01F011
:10704000F7FF0223A56384F84C302046F8BD00BF4B
:107050002DE9F047044684B01F460192884600F1AE
:10706000240601F0DBFFA26BE36BDFF840939A424A
:107070004FF0000A7CD3022F00F0E880019D002D24
:1070800000F0128102ADBAF1000F00F0DB8001F0D8
:10709000CFFF01F0CFF801F0C1FF94F84430FF2B8F
:1070A00004BF002384F8443094F84530FF2B04BF1C
:1070B000002384F8453001F0BBFF284601A901F008
:1070C000FFFB002840F0F68001F0A8FFA26BE36B05
:1070D0009A4261D001F0ACFF01F0A0FF94F8455056
:1070E0006DB2002D05DC12E06B1E13F0FF0F5DB2D8
:1070F0000DD0636A304653B101F084FB0028F3D011
:1071000001F012FC6B1E13F0FF0F5DB2F1D1FF23F3
:1071100084F8453001F08CFF01F080FF94F8445072
:107120006DB2002D15DD04F1100A04E06B1E13F0A2
:10713000FF0F5DB20DD02369504653B101F062FBE1
:107140000028F3D001F0F0FB6B1E13F0FF0F5DB2CF
:10715000F1D1FF2384F8443001F06AFF01F01AF9FD
:1071600001F05CFFA26BE36B9A424FF0010A82D2FE
:10717000226CA56B002A40F0E7802668002E00F004
:10718000F9800135A563636A002B7CD101F050FFC3
:10719000012004B0BDE8F08704F1100A01F048FFB7
:1071A0000199504601F0B2FA01F038FF94F84550C9
:1071B0006DB2002D05DC12E06B1E13F0FF0F5DB207
:1071C0000DD0636A304653B101F01CFB0028F3D0A8
:1071D00001F0AAFB6B1E13F0FF0F5DB2F1D1FF238C
:1071E00084F8453001F024FF01F018FF94F8445072
:1071F0006DB2002D05DC12E06B1E13F0FF0F5DB2C7
:107200000DD02369504653B101F0FCFA0028F3D0A9
:1072100001F08AFB6B1E13F0FF0F5DB2F1D1FF236B
:1072200084F8443001F004FF01F0B4F8002897D14D
:107230004FF08053C9F8043040BFBFF34F8FBFF306
:107240006F8F8DE7284601F02FFB20E7226CA56B9E
:10725000002A92D04146E06808F060FC226CE368A6
:1072600021689B1A8B42E360C2F1000204D263687A
:107270001A44E260022F84D1002D83D10123A3633D
:10728000636A002B82D004F1240001F0BBFA0028CD
:107290003FF47CAF454B4FF080525A6040BFBFF384
:1072A0004F8FBFF36F8F71E701F0C2FE284604B025
:1072B000BDE8F08701F0B2FE94F845506DB2002DA4
:1072C00015DD04F1240604E06B1E13F0FF0F5DB220
:1072D0000DD0636A304653B101F094FA0028F3D020
:1072E00001F022FB6B1E13F0FF0F5DB2F1D1FF2303
:1072F00084F8453001F09CFE01F090FE94F8445073
:107300006DB2002D15DD04F1100604E06B1E13F0C4
:10731000FF0F5DB20DD02369304653B101F072FA10
:107320000028F3D001F000FB6B1E13F0FF0F5DB2DD
:10733000F1D1FF2384F8443001F07AFE01F02AF8FD
:10734000002004B0BDE8F087414607BBA06808F004
:10735000E5FBA368216C62680B449342A360FFF4D1
:1073600010AF0135A563636A2268A260002B3FF469
:107370000DAF88E76068013501F04EFBA563636AD5
:107380006660002B7FF47FAF002883D1FEE6E068C3
:1073900008F0C4FB226CE36821689B1A8B42E3600F
:1073A000C2F10002BFF466AF61E700BF00ED00E08C
:1073B000F8B50C4679B3002501232160C1E90F35EA
:1073C00081F84630064601F029FED4E90F322168E3
:1073D000A56303FB02F39A1A0A440B44FF27C4E98E
:1073E0000131E26084F8447004F1100084F84570C3
:1073F00003F0FEF804F1240003F0FAF801F018FE9F
:10740000C4E90055E56084F84C602B462A462946BD
:107410002046FFF71DFE2046F8BD00BF2DE9F043D2
:10742000044683B016469946EFF31188402282F352
:107430001188806BE26B90421ED3022B05D0002096
:1074400088F3118803B0BDE8F08394F84550226CAE
:10745000A76B6DB232BB2368002B47D001376B1C82
:10746000A76335D001356DB284F84550012088F30B
:10747000118803B0BDE8F08394F84550226CA76BE7
:107480006DB2002AE7D0002B38D1A06808F046FB87
:10749000A368216C62680B449342A36024BF2368F5
:1074A000A360DBE7E06808F039FB226CE068216844
:1074B000801A8842E060C2F1000205D261680A4485
:1074C000E260B9F1020FC9D1012F38BF0127C6E729
:1074D000636A002BCAD004F1240001F093F900285C
:1074E000C4D0002EC2D001203060A9E760680193AB
:1074F00001F092FA019B63600137B0E7E06808F0A1
:107500000DFB226CE0682168801A8842E060C2F1BD
:107510000002D6D2D2E700BF10B582B0EFF31184DB
:10752000402383F31188836BC26B9A420FD990F882
:1075300045200133FF2A836353B20DD001335BB280
:1075400080F84530012084F3118802B010BD00207E
:1075500084F3118802B010BD436A002BF2D02430AE
:10756000019101F04FF90028ECD001990029E9D0F0
:1075700001200860ECE700BF2DE9F043044685B028
:107580000F46019201F04AFDA56B002D40F02781C6
:10759000019B002B00F0D28002A801F085F9DFF8F2
:1075A0008C8204F1240601F043FD00F043FE01F05B
:1075B00035FD94F84430FF2B04BF002384F8443099
:1075C00094F84530FF2B04BF002384F8453001F0C8
:1075D0002FFD01A902A801F073F900285BD101F089
:1075E0001DFDA36B002B40F0AF8001F021FD019940
:1075F000304601F08BF801F011FD94F845506DB262
:10760000002D05DC12E06B1E13F0FF0F5DB20DD0F4
:10761000636A304653B101F0F5F80028F3D001F069
:1076200083F96B1E13F0FF0F5DB2F1D1FF2384F8D5
:10763000453001F0FDFC01F0F1FC94F844506DB2CE
:10764000002D15DD04F1100904E06B1E13F0FF0F8F
:107650005DB20DD02369484653B101F0D3F800283C
:10766000F3D001F061F96B1E13F0FF0F5DB2F1D1A1
:10767000FF2384F8443001F0DBFC00F08BFE00288F
:1076800053D14FF08053C8F8043040BFBFF34F8F41
:10769000BFF36F8F49E001F0C1FC94F845506DB223
:1076A000002D05DC12E06B1E13F0FF0F5DB20DD054
:1076B000636A304653B101F0A5F80028F3D001F019
:1076C00033F96B1E13F0FF0F5DB2F1D1FF2384F885
:1076D000453001F0ADFC01F0A1FC94F844506DB2CE
:1076E000002D15DD04F1100904E06B1E13F0FF0FEF
:1076F0005DB20DD02369484653B101F083F80028EC
:10770000F3D001F011F96B1E13F0FF0F5DB2F1D150
:10771000FF2384F8443001F08BFC00F03BFE01F0C5
:107720007DFCA36B53B101F083FC01F077FCA56BEA
:10773000002D54D1019B002B7FF435AF01F078FC74
:10774000002005B0BDE8F08301F072FC01F066FC9A
:1077500094F845506DB2002D05DC12E06B1E13F05D
:10776000FF0F5DB20DD0636A304653B101F04AF8A5
:107770000028F3D001F0D8F86B1E13F0FF0F5DB2B4
:10778000F1D1FF2384F8453001F052FC01F046FCB2
:1077900094F844506DB2002D15DD04F1100904E099
:1077A0006B1E13F0FF0F5DB20DD02369484653B135
:1077B00001F028F80028F3D001F0B6F86B1E13F0A2
:1077C000FF0F5DB2F1D1FF2384F8443001F030FCAB
:1077D00000F0E0FD01F022FCA56B002DAAD0226C88
:1077E00052B1E168636811449942E16024BF2168A5
:1077F000E160384608F092F9013DA56323692BB991
:1078000001F016FC012005B0BDE8F08304F1100082
:1078100000F0F8FF0028F3D0044B4FF080525A607C
:1078200040BFBFF34F8FBFF36F8FE9E700ED00E07C
:107830002DE9F043044685B000F12406019101F0E2
:10784000EDFBA36BDFF8DC820027B946002B40F08C
:10785000D780019D002D00F0418102ADB9F1000FEC
:1078600000F0DE8001F0E4FB00F0E4FC01F0D6FB68
:1078700094F84430FF2B04BF002384F8443094F87C
:107880004530FF2B04BF002384F8453001F0D0FBC6
:10789000284601A901F014F800285FD101F0BEFBD1
:1078A000A36B002B40F0C88001F0C2FB2368002BC3
:1078B00000F01B810199304600F028FF01F0AEFB7B
:1078C00094F845506DB2002D05DC12E06B1E13F0EC
:1078D000FF0F5DB20DD0636A304653B100F092FFE6
:1078E0000028F3D001F020F86B1E13F0FF0F5DB2FB
:1078F000F1D1FF2384F8453001F09AFB01F08EFBB3
:1079000094F844506DB2002D15DD04F1100904E027
:107910006B1E13F0FF0F5DB20DD02369484653B1C3
:1079200000F070FF0028F3D000F0FEFF6B1E13F094
:10793000FF0F5DB2F1D1FF2384F8443001F078FBF2
:1079400000F028FD002853D14FF08053C8F80430D0
:1079500040BFBFF34F8FBFF36F8F49E001F05EFB75
:1079600094F845506DB2002D05DC12E06B1E13F04B
:10797000FF0F5DB20DD0636A304653B100F042FF95
:107980000028F3D000F0D0FF6B1E13F0FF0F5DB2A4
:10799000F1D1FF2384F8453001F04AFB01F03EFBB2
:1079A00094F844506DB2002D15DD04F1100904E087
:1079B0006B1E13F0FF0F5DB20DD02369484653B123
:1079C00000F020FF0028F3D000F0AEFF6B1E13F094
:1079D000FF0F5DB2F1D1FF2384F8443001F028FBA2
:1079E00000F0D8FC01F01AFBA36BEBB101F020FB17
:1079F00001F014FBA36B4FF00109002B3FF429AFFA
:107A00002268013BA363002A00F088802369002BD1
:107A100074D101F00DFB0127384605B0BDE8F083B5
:107A2000284600F041FF1DE701F002FB002F4AD17C
:107A3000384605B0BDE8F08301F0FAFA01F0EEFA3D
:107A400094F845506DB2002D05DC12E06B1E13F06A
:107A5000FF0F5DB20DD0636A304653B100F0D2FE25
:107A60000028F3D000F060FF6B1E13F0FF0F5DB233
:107A7000F1D1FF2384F8453001F0DAFA01F0CEFAB3
:107A800094F844506DB2002D15DD04F1100904E0A6
:107A90006B1E13F0FF0F5DB20DD02369484653B142
:107AA00000F0B0FE0028F3D000F03EFF6B1E13F094
:107AB000FF0F5DB2F1D1FF2384F8443001F0B8FA32
:107AC00000F068FC94E701F0A9FA616A19B1236B30
:107AD0001968C1F10501606800F0CEFF01F0A8FA55
:107AE0000027384605B0BDE8F08301F097FA6068DA
:107AF00000F04CFF074601F09BFADBE604F11000B2
:107B000000F080FE002884D0064B4FF080525A606F
:107B100040BFBFF34F8FBFF36F8F7AE700F0E6FFF0
:107B2000606073E700ED00E0104B5A68904208D0A7
:107B3000DA68904208BF012204D090F8463093B131
:107B400070470022002110B403EBC20443F8321046
:107B500090F84630616013B15DF8044B70475DF8F2
:107B6000044BFFF7C3B9FFF7C1B900BFC0970020AE
:107B7000074B1A681AB19A6802B17047012210B413
:107B800003EBC20443F8321060605DF8044B7047A9
:107B9000C097002070B504460E46154601F03EFA27
:107BA00094F84430FF2B04BF002384F8443094F849
:107BB0004530FF2B04BF002384F8453001F038FA2C
:107BC000A36B002B45D001F029FA94F845506DB213
:107BD000002D15DD04F1240604E06B1E13F0FF0FE9
:107BE0005DB20DD0636A304653B100F00BFE002841
:107BF000F3D000F099FE6B1E13F0FF0F5DB2F1D1D0
:107C0000FF2384F8453001F013FA01F007FA94F8E5
:107C100044506DB2002D15DD04F1100604E06B1E1A
:107C200013F0FF0F5DB20DD02369304653B100F061
:107C3000E9FD0028F3D000F077FE6B1E13F0FF0F74
:107C40005DB2F1D1FF2384F84430BDE8704001F00B
:107C5000EFB92A46314604F1240000F093FDB2E763
:107C60002DE9F041044601F0D9F9344A344D136846
:107C7000013313602B68002B30D0324E336833B39E
:107C8000E36A3148314907680A689F4238BF036098
:107C90002F48013203EB83030A6000EB8300E263A9
:107CA000211D02F0B5FC01F0C3F933686BB12A68FD
:107CB000E36AD26A9A4208D2264B4FF080525A6049
:107CC00040BFBFF34F8FBFF36F8FBDE8F0812A68CD
:107CD000E36AD26A9A4298BF2C60D2E72C6013689C
:107CE000012B02D0E36A174ECBE71948DFF89080EA
:107CF000194F144E02F07CFC184802F079FC184829
:107D000002F076FC174802F073FC174802F070FC92
:107D1000404602F06DFC384602F06AFC134802F05F
:107D200067FC134802F064FC124802F061FC124B3D
:107D3000124AC2F800801F60E36AA2E7348B002079
:107D4000C48A0020948B0020488B0020448B0020A4
:107D5000D08A002000ED00E0608B0020E48A002043
:107D6000F88A00200C8B0020208B0020808B0020C4
:107D7000AC8B0020988B0020CC8A0020C88A002081
:107D80004C8B00202DE9F843DDE909C4002C66D0B6
:107D9000BCF1000F60D00D46960098460223324693
:107DA00084F85130A5210746C4F830C0604607F07A
:107DB000DDFE2A7884F83420236B2978321F1A4498
:107DC00022F0070601B36B7884F835306B78DBB1AD
:107DD000AB7884F83630AB78B3B1EB7884F83730D1
:107DE000EB788BB12B7984F838302B7963B16B79D0
:107DF00084F839306B793BB1AB7984F83A30AB79A0
:107E000013B1EB7984F83B30089D042D28BF04257D
:107E10004FF00009E5626564201D84F83B90C4F8CA
:107E2000489002F0F1FBC5F1050504F1180002F0DD
:107E3000EBFBC4F84C9042463946A561246184F8B6
:107E400050906462304601F0ADF820602046FFF7A4
:107E500007FF2046BDE8F8836046BDE8F88320466A
:107E6000BDE8F8832DE9F0479600804630460D4680
:107E70009946FFF727F8002862D007465420FFF7FD
:107E800021F8044600285FD000230763324684F8B7
:107E900051303846A52107F069FE2B7884F834303C
:107EA0002B78D4F830A003B36B7884F835306B7836
:107EB000DBB1AB7884F83630AB78B3B1EB7884F8CB
:107EC0003730EB788BB12B7984F838302B7963B16C
:107ED0006B7984F839306B793BB1AB7984F83A30FF
:107EE000AB7913B1EB7984F83B30089D042D28BFA2
:107EF00004250027E5626564201D84F83B70A764B3
:107F0000043E02F081FBC5F1050504F1180056445A
:107F100002F07AFBE764A56126F0070084F8507050
:107F2000246164624A46414601F03CF8099B2060A6
:107F300003B11C602046FFF793FE0120BDE8F087E7
:107F40004FF0FF30BDE8F0873846FEF7CFFF4FF027
:107F5000FF30F3E770B50446534E01F05FF8002C94
:107F600000F08280251D284602F07AFBA36A1BB12F
:107F700004F1180002F074FB29464C484C4D02F005
:107F800047FB94F85030012B04BF002384F8503095
:107F900001F04EF82B68002B57D13368A34200D074
:107FA00070BD2B68002B66D14049424A09681268AF
:107FB00091426AD0404B1B68002B68D13F4A136046
:107FC0003268336812681B6B9A4266D93C4C3D4B51
:107FD000226802EB820080009100185828BB501ED6
:107FE00000EB8005AD0081005D59002D53D1901E3E
:107FF00000EB8005AD0081005D59002D4BD1D01EF6
:1080000000EB8005AD0081005D59002D43D1101FAC
:1080100000EB8005AD0081005D59002D3BD1053A94
:1080200002EB8200800091001858114403EB81009C
:1080300003464168496841600833994204BF496872
:108040004160CB683360226070BD00F0E7FF1E4BDB
:108050001A68126852B11A681C4BD268D26852680A
:108060001A6000F0E5FF98E734687BE7174B4FF0A4
:10807000FF321A60F5E7164B4FF080525A6040BF4E
:10808000BFF34F8FBFF36F8F70BD336070BD0B4B6D
:1080900001221A6070BD0246C7E73068316834318A
:1080A00001F0CEFE92E700BFC48A0020988B00202A
:1080B000948B0020348B0020408B0020C48B002048
:1080C000488B0020D08A0020C88A0020788B0020AE
:1080D00000ED00E098B130B51D4D2B68834283B0B0
:1080E00004460AD000F09AFF1A4B62699A4207D000
:1080F00003B0BDE8304000F09BBF03B030BD704717
:10810000A36A154A9342F3D0002BF1D1211D0846F2
:10811000019102F0A5FA114AE36A106801998342BD
:108120000F4888BF136003EB830300EB830002F06A
:108130006FFA2B68E26ADB6A9A42D9D3094B4FF097
:1081400080525A6040BFBFF34F8FBFF36F8FCFE7AE
:10815000C48A0020988B0020808B0020488B002050
:10816000D08A002000ED00E070B584B0002503AA9D
:1081700002A901A8CDE9015501F066FE019C002C81
:1081800046D00298002843D0039E20630223B60005
:108190003246A52184F8513007F0E8FC206B1F4BD4
:1081A0006363043E0644C4E91155201D84F8385029
:1081B00084F83B50E56202F027FA04F1180002F05F
:1081C00023FA26F0070605231549A3612A46E5642C
:1081D00030462461646284F8505000F0E3FE206071
:1081E0002046FFF73DFD0F4B1C6000F0EFFD01281E
:1081F00011D1402383F311880B490C4A0C4B4FF0EB
:10820000FF340C6010601D6000F0E2FE04B070BD31
:10821000044B00221A6004B070BD00BF49444C45B5
:1082200039850300748B0020788B0020948B00200C
:10823000C08B0020024A136801331360704700BFEF
:10824000408B0020014B1868704700BFC08B002096
:10825000024A136818441060704700BFC08B0020AA
:108260002DE9F04F404B1B6883B0002B46D13F4BAC
:108270001E6801361E60002E4ED0DFF808B1DBF814
:108280000030B3425FD83A4F3B681D68002D65D07F
:10829000DFF8F480DFF8F4A0DFF8F490002522E0A6
:1082A000019102F0DDF9A36A019904F1180013B1FC
:1082B00002F0D6F90199E36AD8F8002003EB8300B5
:1082C00093420AEB800088BFC8F8003002F0A0F9A2
:1082D000D9F800203B68E16AD26A1B68914228BF46
:1082E0000125002B3AD03B68DB68DC686368211D00
:1082F0009E420846D4D2CBF8003004E01D4A1368F1
:108300000133136000251C4B1B68002B0CBF284653
:10831000012003B0BDE8F08F154B184A18681849C2
:1083200014681C6010600A6801320A601A681268DA
:108330005AB9DFF850B04FF0FF33CBF80030DBF81C
:108340000030B3429FD90025DDE71B68DFF834B069
:10835000DB68DB685B68CBF8003090E74FF0FF33F9
:10836000CBF80030CFE700BF408B0020C08B00204F
:10837000C88A00203C8B0020C48B0020CC8A0020BF
:108380007C8B0020788B0020488B0020D08A002036
:10839000C48A00202DE9F04F83B000F03FFE3A4B35
:1083A0001A68013A1A601B68002B55D1374B1B68BD
:1083B000002B51D0364D2B68002B62D0354EDFF8A4
:1083C000EC80354FDFF8E8904FF0010AEB68DC688D
:1083D00004F1040B04F1180002F042F9584602F0CF
:1083E0003FF9E36A326803EB83009342594608EB96
:1083F000800088BF336002F00BF93B68E26ADB6AF9
:108400009A4231D3C9F800A02B68002BDED1234B50
:108410001A681268002A2FD01A68214BD268D268D5
:1084200052681A601F4E346844B10125FFF718FFE7
:1084300008B1C9F80050013CF8D13460D9F80030D7
:1084400053B1194B4FF080525A6040BFBFF34F8F6A
:10845000BFF36F8F012000E00020019000F0E8FDE5
:10846000019803B0BDE8F08F2B68002BAED10B4B09
:108470001A681268002ACFD1094B4FF0FF321A60F8
:10848000D0E7DFF82C90CDE7408B0020348B002024
:10849000808B0020488B0020C48A0020C88A0020DE
:1084A000788B00203C8B002000ED00E0D08A00207B
:1084B000C48B002070B548B9184B4FF080525A60F9
:1084C00040BFBFF34F8FBFF36F8F70BD144A154984
:1084D0001368154D013313600E6804462868043094
:1084E00002F0BEF82B68A4195C600FD20F4B18681D
:1084F0002968043102F09CF80D4B1A68944238BF89
:108500001C60FFF747FF0028D6D070BD094B1868E4
:108510002968043102F08CF8F3E700BF00ED00E0B9
:10852000408B0020C08B0020C48A0020C88A002015
:10853000788B0020CC8A00202DE9F84F3A4CDFF8E8
:1085400004913A4D3A4EDFF800813A4FDFF8FCB023
:108550002368EBB100F062FDD9F80C30D3F80CA021
:108560000AF1040002F07CF82B68013B2B602368C1
:10857000013B236000F05CFD9AF85130002B34D0B1
:10858000012BE5D15046FEF7B1FC2368002BE1D169
:108590003368012B08D94FF08053CBF8043040BF2B
:1085A000BFF34F8FBFF36F8F00F0E8FED8F80030B5
:1085B0001BBB3B68DB6A002BCAD13368012BC7D8D1
:1085C0001D4B1E4A1B6812689B1A012BC0D91C4AFE
:1085D000136801331360D8F80030A3B13B68DB6A3D
:1085E00003B93368FFF7D6FEB2E7DAF83000FEF7DA
:1085F0007DFC5046FEF77AFCAAE73B68DB6A002B5D
:10860000A6D13368A4E73B68DB6A002BEAD1336864
:10861000012BE7D8084B1868084B1B68C01A0128C3
:10862000E0D900F075FDDDE7388B0020348B0020A9
:10863000D08A0020C48A0020788B0020C08B0020C4
:10864000408B0020AC8B0020488B002000ED00E028
:10865000294B1B681BB1294B01221A607047274A1E
:1086600070B5274C13602268236812681B6B9A420E
:108670003CD9244D244B2A6802EB820080009100F3
:10868000185808BB501E00EB8006B60081009E59AA
:1086900056BB901E00EB8006B60081009E591EBBA3
:1086A000D01E00EB8006B60081009E59E6B9101F6F
:1086B00000EB8006B60081009E59AEB9053A02EB88
:1086C0008200800091001858114403EB810003469A
:1086D0004168496841600833994204BF4968416074
:1086E000CB6823602A6070BD0246EDE720682168F0
:1086F000343101F0A5FBBCE7408B0020C48B002087
:10870000C48A0020488B0020D08A002070B5174D05
:108710002B680C4603F1180101F08AFF144B1E6808
:108720002868043001F09CFF631C17D02B68A41943
:108730005C6007D30F4B18682968BDE870400431AE
:1087400001F076BF0C4B18682968043101F070FF06
:108750000A4B1A68944238BF1C6070BD29680848EB
:10876000BDE87040043101F053BF00BFC48A00204F
:10877000C08B0020CC8A0020C88A0020788B002083
:10878000988B002070B5194D2B6816460C4603F1E6
:10879000180101F03DFF164B5EB11B6828680430DC
:1087A00001F05EFF29681348BDE87040043101F014
:1087B0002FBF1E682868043001F052FF2B68A419EF
:1087C0005C6007D30C4B18682968BDE87040043121
:1087D00001F02EBF094B18682968043101F028FF09
:1087E000074B1A68944238BF1C6070BDC48A0020D1
:1087F000C08B0020988B0020CC8A0020C88A0020E3
:10880000788B002030B5C368DC6804F1180583B0AC
:10881000284601F025FF1C4B1B683BBB211D084669
:10882000019101F01DFF194AE36A10680199834222
:10883000174888BF136003EB830300EB830001F04C
:10884000E7FE144BE26A1B68DB6A9A4282BF124B56
:1088500001201860114B1A68126898BF002052B9A5
:108860000F4B4FF0FF321A6003B030BD0D48294660
:1088700001F0CEFEE5E71A68094BD268D26852686B
:108880001A6003B030BD00BF408B0020488B002031
:10889000D08A0020C48A0020C48B0020C88A00200F
:1088A000788B0020808B0020034A044B12681B68E1
:1088B000C0E90023704700BF7C8B0020C08B0020E4
:1088C000F0B50D4683B0044600F0A8FB2B68144AAF
:1088D000591C10681DD0DFF84CC0D4E90061DCF8E9
:1088E0000070BE4208D0814206D80120019000F0FD
:1088F0009FFB019803B0F0BD471ABB420BD91B1A6E
:108900000B44DCF8001012682B600020C4E9001250
:10891000ECE70020EAE700232B600120E6E700BF38
:10892000C08B00207C8B0020014B01221A60704715
:10893000C48B0020094B186818B9094B1B6813B188
:10894000704700207047074A074B10681B68013BBF
:10895000984214BF01200220704700BF808B002086
:10896000C48B0020988B0020348B0020054B1B68A3
:1089700033B1054B1B68002B0CBF02200020704751
:1089800001207047948B0020408B002070B5044676
:1089900082B0C8B11D4DC36A2A68D26A934215D20B
:1089A0008269002A04DB2A68D26AC2F10502826168
:1089B000174E626903EB830306EB83039A420ED0E2
:1089C0002B68DB6AE362012002B070BD2B68406C4B
:1089D000DC6AA0422CBF0020012002B070BD211D26
:1089E0000846019101F03CFE2A680A4BD06A1A68D9
:1089F0000199E062904200D9186000EB800006EB1C
:108A0000800001F005FE0120DEE700BFC48A0020DF
:108A1000D08A0020488B002068B130B5836CC16AD1
:108A2000426C013B914283B00446836400D023B181
:108A3000002003B030BD00207047011D08460191A1
:108A400001F00EFE0A4A636C1068E3628342094833
:108A500088BF1360C3F1050503EB830300EB8300BC
:108A60000199A56101F0D4FD012003B030BD00BF24
:108A7000488B0020D08A002070B130B5426CC36AA8
:108A8000914238BF11468B4283B0044602D0826CBB
:108A9000012A02D003B030BD70478269114DC16216
:108AA000002A03EB83034269A8BFC1F1050105EB6E
:108AB0008303A8BF81619A42ECD1011D0846019150
:108AC00001F0CEFD084BE06A1A680199904288BF18
:108AD000186000EB800005EB800003B0BDE830407B
:108AE00001F096BDD08A0020488B0020044B1A6804
:108AF0001AB119688A6C01328A641868704700BF1D
:108B0000C48A00202DE9F0431D4EDFF87C9085B02B
:108B10004FF000080CE0DB68DC681F68251D284664
:108B200001F09EFD636A20469847E369012B0AD055
:108B300033681A68002AEED1124A11683160136056
:108B400005B0BDE8F083A3693B449F42294610D39A
:108B5000D9F80030002BEBD0CDE900870294FFF765
:108B600005FF0023D9F800001A466946FEF770FA9F
:108B7000DEE730686360246101F05AFDD8E700BF8A
:108B8000C88B0020CC8B00204C8E00202DE9F04FAC
:108B9000894E8A4CDFF82C82894DDFF82CA28BB0ED
:108BA0003368D3F800B0BBF1000F00F0A980DB6898
:108BB000D3F800B0FFF73EFBFFF744FB2268824288
:108BC000814600F2AE808345206040F2BF800022E3
:108BD0002868ABEB0901FEF7DDFFFFF7DBFB40B9CF
:108BE0004FF08053CAF8043040BFBFF34F8FBFF33C
:108BF0006F8F2868002202A9FEF7BEFC0028CFD0A4
:108C0000029B002B73DBDDF81090D9F814301BB1F8
:108C100009F1040001F024FDFFF714FB23689842DA
:108C20000746C0F08580029B2760092BE1D801A28E
:108C300052F823F05D8C03005D8C03005D8C030013
:108C4000F38B0300B78C0300DF8C03005D8C030003
:108C50005D8C0300F38B0300B78C03000398D9F8F5
:108C60001830C9F81090C2182CBF01210021BA4257
:108C7000C9F804205FD8381A834228D8D9F824309C
:108C800048469847D9F81C302868012BB2D10028F3
:108C9000B0D0D9F81820039B00211344CDE907393F
:108CA0000691FFF763FE002328681A4606A9FEF71F
:108CB000CFF928689EE7039BC9F81090DA19BA42E9
:108CC000C9F81830C9F8042039D8002B91D0D8F849
:108CD000000009F1040101F0ABFC28688AE799F86B
:108CE0002C30002B85D14846FEF700F981E7039B25
:108CF000DDE904019847029B002BFFF67AAF82E77B
:108D0000FFF798FAFFF79EFA22689042814608D34F
:108D1000D8F80020C4F800901268B2FA82F2520922
:108D200056E7FFF7EFFEC4F80090FFF733FB60E76C
:108D3000FFF7E8FE77E7B84201D900299ED03068F6
:108D400009F1040101F074FC286853E7FFF722FBE6
:108D50003268D268D768391D0846019101F080FC5D
:108D6000F8690199012803D07B6A3846984740E7A3
:108D7000BA693F610BEB02004845786003D930685F
:108D800001F056FCF0E7A9EB0B039A420FD82B68D1
:108D9000002BE9D00023CDE9063B0897FFF7E6FD5D
:108DA000002328681A4606A9FEF752F9DCE7D8F82E
:108DB000000001F03DFCD7E7C88B0020F88D0020B3
:108DC0004C8E0020CC8B002000ED00E0F0B51F4C55
:108DD00089B000F023F92568F5B100F029F9206881
:108DE000C0B1002407AA06A905A8CDE9054401F0F1
:108DF00039F8DDE905310222CDE900210293079A15
:108E0000134914482346FEF7BDFF134B1860001B9F
:108E100018BF012009B0F0BD104F114E384601F0C7
:108E2000E7FB304601F0E4FB0E4A0F4900950F4B7B
:108E300017600E600E4A10212020FEF765F82060B2
:108E40000028CAD00B49FEF793FEC6E74C8E0020DF
:108E50000C3204008D8B0300508E0020D08D00203A
:108E6000E48D0020C88B0020CC8B0020FC8D0020DE
:108E7000D08B0020043204002DE9F04F074685B066
:108E80003020884616461D46FEF71CF80446A0B161
:108E9000DFF8849000F0C2F8D9F800308BB100F010
:108EA000C7F80E9B6362C4E9068627602562201D11
:108EB00001F0AAFB002384F82C30204605B0BDE861
:108EC000F08FDFF858B0DFF858A00393584601F050
:108ED0008FFB504601F08CFB0A4A0B49039B009321
:108EE0002020C2F800B0C1F800A0084B084A1021A9
:108EF000FEF70AF8C9F800000028D0D00549FEF7AF
:108F000037FECCE7C88B0020CC8B0020FC8D0020E6
:108F1000D08B0020043204004C8E0020D08D002025
:108F2000E48D002050B5144E346885B0C4B10529D5
:108F3000CDE9001202900BDCFFF718FD022812D0D9
:108F4000002330681A466946FEF782F805B050BD26
:108F50001A46204600236946FEF760FA05B050BD68
:108F6000204605B050BD3068089A00236946FEF7D8
:108F70006FF805B050BD00BF4C8E002010B5044600
:108F800082B000F04BF86069003818BF01200190F2
:108F900000F04EF8019802B010BD00BF402383F3EB
:108FA0001188FEE730B46FF00203084C40F80C4C17
:108FB0004FF0807540F8045C40F8081C40F8202C05
:108FC00040F8243C30BC4438704700BF9D8F0300FC
:108FD0000F4C08B5E02384F8223000F07BF80D4BED
:108FE0000D4A00211960D4F8883043F47003C4F8A6
:108FF0008830536843F040435360236943F01003C3
:10900000236100F069F9402383F31188FEE700BF74
:1090100000ED00E0548E002030EF00E0402383F3A9
:109020001188024A1368013313607047548E002080
:10903000034A1368013B13600BB983F3118870472F
:10904000548E002041DF704712DF704770B51D4B12
:1090500000221A6082B01B680193019BEFF3118616
:10906000402383F311881849184BD1F804451A603E
:109070001B680093009BFFF7E5F8201A20F07F4360
:1090800023F0010320F07F459BB96C1E6DB10025D4
:10909000FFF7E6F8013C631C45EA0005F8D125B16D
:1090A0000B4B4FF080525A6040BF86F3118802B0DC
:1090B00070BDFFF75BFC0228E7D0FFF7D1F805464B
:1090C000EDE700BF401101400010014000110140D8
:1090D00000ED00E00B4B0C4930B41F200B4DC3F8E2
:1090E000080501220224E020C3F804232A601A6044
:1090F000C3F8444381F811034FF400330B6030BCD4
:10910000704700BF0010014000E100E0081001407E
:109110002DE9F041054684B0EFF3108272B6634C3E
:10912000A36883B9624B63480121A160D3F8801022
:1091300001402160C3F88000D3F8841061604FF0D3
:10914000FF31C3F8841002B962B65B4ED6F80485CD
:10915000FFF7F0FB78B3594F594AAF4228BF2F466B
:1091600007EB080323F07F4301214FF0000CC6F802
:109170000813C6F84035C2F800C0136801934FF4D5
:1091800080330198C6F80433BFF34F8F25BBC6F870
:109190000833156012684B4B0392039A1D601B68DD
:1091A0000293434B029AC6F804134FF40032D6F8E8
:1091B0000415C3F88021A3685BB1EFF3108272B687
:1091C0003B4B21681960616859600023A36002B9B4
:1091D00062B604B0BDE8F081F1EE103A23F09F03CF
:1091E000E1EE103AF1EE103A314D4FF48063402237
:1091F000C5F8842103A8C5F884318DF80CC0FFF7A9
:1092000023FF9DF80C30002B4DD12B4620BFD3F807
:109210000011D3F804210A43F8D0274B2848294AE3
:109220004FF48031C3F808130021016000680390F7
:10923000039811601268029201220299C3F8042374
:10924000D3F804351A4AA3EB080828F07F484745AD
:1092500028BF47464FF40033012FC2F8803120D990
:10926000781EFEF7F5FF184BDB68DA010FD5174AB9
:109270001368DB070BD5164B516803FB07F7A7F5FF
:109280007427A7F51077BF0A01EB87175760FEF721
:10929000E7FF00288FD00F4B4FF080525A6040BF3D
:1092A00089E7F4D087E7FFF7CDFEB6E7D497002033
:1092B00000E100E0FC06FFBD00100140FDFFFF00E3
:1092C0004011014000110140F0ED00E0001000E00D
:1092D00040420F0000ED00E00748006880F3088876
:1092E00062B661B6BFF34F8FBFF36F8F4FF0E000F0
:1092F00080F3118800DF00BF00700200064B196880
:109300000868B0E8F04F80F30988BFF36F8F4FF023
:10931000000080F311887047C48A0020EFF30980B1
:10932000BFF36F8F144B1A681EF0100F08BF20EDAB
:10933000108A20E9F04F10604DF8043D4FF04000D6
:1093400080F31188BFF34F8FBFF36F8FFFF780F962
:109350004FF0000080F3118808BC19680868B0E875
:10936000F04F1EF0100F08BFB0EC108A80F3098890
:10937000BFF36F8F704700BFC48A0020704700BFE3
:1093800000293ED0931E222B3BD8F0B40A2A8AB083
:10939000044631D0002001AF3B467CB1B4FBF2F56E
:1093A00002FB1546092E2C4606F1570598BF06F11B
:1093B0003005EDB203F8015B002CEFD1302201E063
:1093C00003F8012BBB42FBD00D4688B9BB4209D93B
:1093D0006C1E1A4612F8010D04F8010FBA42F9D1B9
:1093E0009B1A1D44002308462B700AB0F0BC70473E
:1093F0002D2205F8012BE9E70028CBDA44420120B1
:10940000C9E70020704700BFFFF7BABF0A490B4AFF
:109410000B4B9B1A03DD043BC858D050FBDC0948BA
:1094200009494FF0AD32026004300439FBD100F03D
:109430003FFCEDF70DFF00005857040000600020CE
:109440006063002000F8032000080000FEE7FEE74C
:10945000FEE7FEE7FEE7FEE7FEE7FEE7FEE7FEE7E4
:1094600008B50020F2F7EEF9EEF756F8114BBBB154
:10947000114B63B1EDF730FF00F0D2FCAFF3008089
:10948000EDF72AFF00F0CCFCAFF30080F2E7EDF738
:1094900023FF00F0C5FCEDF71FFF00F0C1FCF6E76D
:1094A000EDF71AFF00F0BCFCEDF716FF00F0B8FC7A
:1094B000F6E700BF000000000000000000B583B028
:1094C00000F05EFEFDF78CFB0E4B019301230E496D
:1094D00000934FF4806200230C48FEF7C3FC4FF466
:1094E000407000F0C3FDFEF73FFEBFF34F8F084909
:1094F000084BCA6802F4E0621343CB60BFF34F8F9E
:1095000000BFFDE7588E0020143204006194030070
:1095100000ED00E00400FA0538B507480C46154692
:10952000F2F74EFB00B938BD2A4621460248BDE895
:109530003840F2F759BA00BFAC6D0020FDF792BC7D
:10954000FDF790BCFDF7A8BC084A094908B51368A7
:109550001844884202D81060184608BD06F01AFA6E
:109560000C2303604FF0FF33184608BD60610020F4
:1095700000F80320114B1A78EAB90178104810B4AA
:109580000A464FF0804402F00102C1F34001C4F8E2
:109590008015C4F878250268D20706D4E02101229C
:1095A00080F80013C0F880210260012205485DF8B0
:1095B000044B1A7070470448704700BFD0970020D2
:1095C00000E100E00000AD0B0C00AD0B0C4B0122E4
:1095D00030B4C3F88020BFF34F8FBFF36F8F094CB7
:1095E000094D0A490A4A00234FF0804023604FF496
:1095F00060742B60C0F8084330BC0B601370704778
:1096000000E100E05C8E0020608E0020648E00206F
:10961000D0970020044B02684FF080414FF46070F7
:10962000C1F808031A607047648E00204FF0804331
:109630004FF46072C3F80423704700BF4FF08043BB
:109640004FF46072C3F80823704700BF044B4FF01B
:1096500080414FF460700022C1F808031A6070471F
:10966000648E002010B54FF0804386B0D3F80443D9
:10967000620705D5D3F8082103F58473002A4ED17B
:10968000A30603D52A4B1A68002A3FD1600603D5EA
:10969000284B1A68002A2FD1210602D5264B1A68BA
:1096A0000ABBE20502D5254B1A6892B9A3050ED56F
:1096B000234B1A685AB100221A601A68214B05928E
:1096C000059A1B68022006B0BDE81040184706B096
:1096D00010BD00221A601B4A1B6804930120136806
:1096E000049A9847E2E700201860164A1B68039323
:1096F0001368039A9847D4E700221A60124A1B683D
:10970000029301201368029A9847C5E70020186069
:109710000D4A1B6801931368019A9847B6E7002227
:109720001A600A4A1B6800931368009A9847A7E7D3
:1097300014010040180100401C01004020010040BD
:1097400024010040648E0020608E00205C8E00208A
:109750002DE9F041454B00241C60074690464078B7
:10976000D9B1831E072B18D8DFE803F06A6C6E0AA4
:109770000470757A00230A793D4C1343C4F83C36D3
:10978000CA7812068B7842EA03424B7842EA0322F7
:109790000B7837491A43C1F83826354AFB78BD782B
:1097A0003C79324E0121C2F8081339785B0343EA51
:1097B00005330B4379792F4D43EA843343EAC133B0
:1097C00043EA0023C2F8343645F00105642402E080
:1097D000A847013C47D033684FF42070002BF7D0E6
:1097E00000233360B8F1000F0ED07B78204A023B93
:1097F000D2F83C16D2F83826072B05D8DFE803F05C
:109800001B181512100D0A071B48BDE8F0810B0E3E
:1098100088F807300B0C88F806300B0A88F80530FA
:1098200088F80410130E88F80330130C88F80230FF
:10983000130A88F8013088F800200F48BDE8F0814D
:109840000022A5E70022A0E700229BE700234A7937
:1098500043EA02238FE700238A7943EA0243F6E7CB
:10986000CB791B06F8E70548BDE8F081009102407E
:1098700000900240203204000000AD0B0700AD0B49
:10988000F8B5414C23790BB14048F8BD0579FF2D5F
:1098900075D04679FF2E72D090F806C0BCF1FF0F4C
:1098A0006DD090F807E0BEF1FF0F68D0384B477BD2
:1098B000C3F82455C3F82865C3F830C5C3F834E5A8
:1098C000057AFF2D08BF4FF0FF35C3F83855457AAC
:1098D000FF2D08BF4FF0FF35C3F83C550568C3F8AE
:1098E0004055037BC67A857A9B0143EAC6032B4326
:1098F0000FB143F08003264DA260C5F84435D5F87A
:109900000036867B077C427C23F07F4323F0FF03F5
:109910003343C67B43EA4763002E43EA027314BF16
:109920004FF080720022134300260122C5F8003652
:1099300021606671C5F8082351B1837C154A5B012B
:10994000DBB24FF4007182F82933C2F88411516000
:109950000F4A114D114E01230021C2F800351E435C
:10996000237129606424136002E0B047013C08D0F1
:109970002B684FF42070002BF7D00948F8BD094838
:10998000F8BD0948F8BD00BF688E00200500AD0B8A
:109990000090024000E100E000910240203204000B
:1099A0000000AD0B0400AD0B0700AD0B034B5B7962
:1099B0000BB9FFF7CDBE0248704700BF688E00208C
:1099C0000B00AD0B134A1349D2F83436124803F496
:1099D0004033B3F5803F30B408BF104B104C08BF84
:1099E000C2F834360F4D0122C1F80823002322604B
:1099F0004FF400742A60C1F80035C0F88440BFF30A
:109A00004F8FBFF36F8F084AC1F80031137130BC1C
:109A1000704700BF0090024000E100E00001030039
:109A20001090024054900240688E002000F0604385
:109A3000B3F1005F1CD183071AD1144B10B4144C3E
:109A4000C3F81025C3F81405C3F81815627902F09D
:109A5000FF01BAB90F4A1160216859B10E490F4888
:109A600001226271C3F804230A605DF8044B704759
:109A70000B487047084B012119601368002BFCD07C
:109A80000648F2E707485DF8044B70470090024033
:109A9000688E002000910240089002400000AD0B4B
:109AA0000A00AD0B0B00AD0B00F06043B3F1005F9B
:109AB0001CD183071AD1144B10B4144CC3F80425DD
:109AC000C3F80805C3F80C15627902F0FF01BAB9B2
:109AD0000F4A1160216859B10E490F480122627185
:109AE000C3F804230A605DF8044B70470B487047C5
:109AF000084B012119601368002BFCD00648F2E7DF
:109B000007485DF8044B704700900240688E0020C3
:109B100000910240049002400000AD0B0A00AD0B22
:109B20000B00AD0B8B071CD1144B10B4144CC3F8B5
:109B30001C15C3F82005627902F0FF016AB9114AC9
:109B40001160216879B11049104801226271C3F88F
:109B500004235DF8044B0A6070470D485DF8044B20
:109B600070470C48704708490120134608601A687E
:109B7000002AFCD005485DF8044B70470090024075
:109B8000688E0020009102400C9002400000AD0B56
:109B90000B00AD0B0A00AD0B054B1A6832B1054A3C
:109BA000002050719168186013681847704700BF13
:109BB00000910240688E0020194BD3F8182102B999
:109BC00070470021174AC3F81811D3F81811D37F32
:109BD00082B0FF2B019101990DD0917F99B11F2B7C
:109BE0008ABF11484FF0A04003F01F03012101FA82
:109BF00003F3C0F80C35002353771372D2E9003118
:109C00000A4802B018471F2B8ABF07484FF0A040F0
:109C100003F01F03012101FA03F3C0F80835EAE756
:109C200000300240748E0020000300507C8E002023
:109C30001B4BD3F8182102B970470021194AC3F809
:109C40001811D3F8181192F8433082B0FF2B01910C
:109C500001990ED092F84210A9B11F2B8ABF124869
:109C60004FF0A04003F01F03012101FA03F3C0F8F5
:109C70000C35002382F8413082F82C30D2E90931CA
:109C80000A4802B018471F2B8ABF07484FF0A04070
:109C900003F01F03012101FA03F3C0F80835E8E7D8
:109CA00000F00240748E002000030050A08E0020BF
:109CB000534B1B685A1C16D0524A082B12680ED000
:109CC000514AD2F8883043F47003C2F88830BFF3A9
:109CD0004F8FBFF36F8F4D4B4D4A1A607047032A69
:109CE0002CD9082288E04B4A4B4B12781B68082A73
:109CF0004FEA1313E4D113F00C0F1FD0454A464B23
:109D000012781B68082A4FEA1313D9D113F00C0FED
:109D100027D0414B3F4A1B681278C3F30313082A2C
:109D2000CED1032BCCD84FF08043D3F80024D207F8
:109D300044BF6FF00102C3F80024C1E7304A116844
:109D40004FF080430022481CC3F80C21C3F81021B7
:109D5000C3F83825D2D02B4B08291A68B0D1032A72
:109D6000BFD84FF080522D4BD2F80414C3F8201501
:109D7000D2F80814C3F82415D2F80C14C3F8281527
:109D8000D2F81014C3F82C15D2F81414C3F83015F7
:109D9000D2F81814C3F83415D2F81C14C3F84015BF
:109DA000D2F82014C3F84415D2F82414C3F8481587
:109DB000D2F82814C3F84C15D2F82C14C3F8501557
:109DC000D2F83014C3F85415D2F83414C3F860151F
:109DD000D2F83814C3F86415D2F83C14C3F86815E7
:109DE000D2F840140648C3F86C15D2F8441402683F
:109DF000C3F87015511C8CD0024B1B688FE700BF55
:109E0000300100103401001000ED00E0646100201A
:109E10000090D003E00F00F0E80F00F000C0004019
:109E200008B5F1F715FD054B4FF080525A6040BF61
:109E3000BFF34F8FBFF36F8F08BD00BF00ED00E091
:109E4000704700BF704700BF044B036010B4642329
:109E5000034C0C605DF8044B13607047BC8E00200F
:109E6000108F0020054B036010B44FF48073044C36
:109E70000C605DF8044B1360704700BFA090002099
:109E8000F490002070B51F4D84B028684FF0FF3269
:109E900003A9FDF771FB0028F7D0039C237A6668BD
:109EA000052B0CD8DFE803F02629211B1403D4E985
:109EB0000523D4E90301E4690094B047039C2068BA
:109EC00010B1FCF7E9FF039C2046FCF7E5FFDCE757
:109ED000D4E90523D4E90301B047039CEFE7D4E9B3
:109EE0000412E068B047039CE9E7D4E90301B047F6
:109EF000039CE4E7B047039CE1E7E068B047039CBC
:109F0000DDE700BFF89400202DE9F043304B314DE0
:109F10005B6885B0C3F30803019001AF53B1002320
:109F2000286839461A46FDF779FA012809D105B0A3
:109F3000BDE8F083286839466422FDF789F80128D6
:109F4000F5D0DFF89480D8F800000022400004210A
:109F5000FDF70AF806460028E9D0DFF88090D9F826
:109F60000000FDF7F7FFFFF759F801E0FDF770F883
:109F7000002203A92868FDF7FFFA044600236422A3
:109F800003A93046002CF1D12868FDF7CDFD2E60E5
:109F9000FFF74EF8D9F80000FEF79CF8D8F800302B
:109FA0000B4A28685B00C8F800305368C3F3080305
:109FB000394633B123462246FDF730FA05B0BDE8F5
:109FC000F0836422FDF744F805B0BDE8F08300BFDC
:109FD00000ED00E0F8940020F4940020FC940020B0
:109FE0002DE9F8439DF8206005460F4690469946B6
:109FF0009EB1B0000C30FCF735FF044658B1002389
:10A00000C0F804800672036005B147B90EBB204654
:10A01000FFF77AFF0120BDE8F8831020EBE7384610
:10A02000FCF720FF80462060D0B13A46294605F073
:10A0300075FD002EEBD0711EC9B209EB8101A9F1AB
:10A04000040252F8043FAB4208BFC2F800809142BC
:10A05000F7D1B200494604F10C0005F05FFDD6E7E8
:10A060002046FCF719FF4046D5E700BF70B54023F6
:10A070000B4D82B004460022184604212B60FCF7E9
:10A0800073FF084D084B01930646022300930749CE
:10A090002E60A2B200230648FDF7E4FE02B070BDB8
:10A0A000F4940020F8940020FC940020283204004E
:10A0B000859E03001A4B197809BB70B54FF44053C5
:10A0C00082B01B78102B1CD943F21002142B12689B
:10A0D00023D943F21401134B0C68134D1348A3FB0F
:10A0E00004139B0CA5FB046100FB134089094FF48A
:10A0F0007A76A5FB005006FB1141800904E0084870
:10A10000704708460B460A46CDE900010849044855
:10A1100006F0BAFB024802B070BD08460B46F3E7F2
:10A120000095002083DE1B43D34D621040420F0098
:10A130003432040008B5074803780BB1054808BD60
:10A140004FF0805304495A6E1B6E06F09DFB014888
:10A1500008BD00BF2095002048320400BFF34F8F98
:10A160000549064BCA6802F4E0621343CB60BFF3B3
:10A170004F8F00BFFDE700BF00ED00E00400FA05CF
:10A180004FF08043194AD3F80014194830B41160D5
:10A19000D3F80054D3F80024164C17492A43C3F8C7
:10A1A0000024D4F84025026001224FF40030C3F8A7
:10A1B00018259A60C1F88000BFF34F8FBFF36F8FEF
:10A1C0000E4C03F588334FF0A0454FF480304FF02C
:10A1D000FF31C3F84803C3F808035A609A60C5F812
:10A1E0000815C4F8081530BC704700BF349500202E
:10A1F0003895002000A0004000E100E0000300507E
:10A2000008B54FF080434E22C3F81C25FFF7A6FF88
:10A21000F0B44B4B1D6882B00023082DADF806301A
:10A2200005DD0A2D00F385800A26012300E00826BB
:10A23000444C454AC4F8F03501270023DFF814C127
:10A240004249C4F80075C4F81435C4F81035C2F892
:10A250001435C2F81035C2F82435C2F82035C2F8DA
:10A260003435C2F83035C2F84435C2F84035C2F84A
:10A270005435C2F85035C2F86435C2F86035C2F8BA
:10A280007435C2F87035324ADCF80030096812685B
:10A29000DFF8C4C01B02090301F4805103F4E0633A
:10A2A00012040B4302F4E0229CF80010134343EA2B
:10A2B00001630DF10602C4F818352146C4F81405EF
:10A2C000C4F81005C4F82C26C4F830762760D1F8FD
:10A2D0000031002BFBD0002001231A4AC1F80001F5
:10A2E0004B60D2F80431002BFBD00020012315492C
:10A2F000C2F804019360D1F81431002BFBD0002385
:10A30000C1F81431BDF80620120448BFADF806307C
:10A310000C4B0022C3F80025BDF80600B54200B280
:10A3200004D035BF751BAD1BE840A84002B0F0BC9F
:10A3300070470D2DB5BF0C260E260223032377E7A9
:10A3400068610020007000401070004044950020BB
:10A3500048950020409500203C950020014B186056
:10A36000704700BF6861002002381549042822D8D0
:10A37000DFE800F0090F151B0300124B0120022239
:10A3800008601A6070470F4B0020012208601A60B5
:10A3900070470C4B0020022208601A607047094B7E
:10A3A0000020032208601A607047064B0020042238
:10A3B00008601A607047034A00230B6013607047FF
:10A3C0004495002040950020262816D8144B53F8B9
:10A3D0002030023B1D2B10D8DFE803F01E2014169E
:10A3E0000F0F0F0F0F0F0F0F0F0F0F0F0F0F0F0F7D
:10A3F0000F0F0F0F0F0F181A1C11002070470820A5
:10A40000FFF706BF0320FBE70420F9E70520F7E785
:10A410000620F5E70720F3E70120F1E70220EFE748
:10A420006831040026281BD83C4B53F820301F2BE2
:10A4300086BF3B4A03F01F034FF0A0420E290FD8FE
:10A44000DFE801F0655F59534D474039322B241D39
:10A45000160F080003F5E07340F2037142F8231071
:10A46000704703F5E07340F2036142F82310704730
:10A4700003F5E07340F2035142F82310704703F5EF
:10A48000E07340F2034142F82310704703F5E07394
:10A4900040F2033142F82310704703F5E07340F2B5
:10A4A000032142F82310704703F5E07340F20311D3
:10A4B00042F82310704703F5E0734FF4403142F83F
:10A4C0002310704703F5E0734FF4003142F8231076
:10A4D000704703F5E073134942F82310704703F502
:10A4E000E073114942F82310704703F5E07304212B
:10A4F00042F82310704703F5E0730C2142F8231053
:10A50000704703F5E073032142F82310704703F509
:10A51000E073002142F82310704700BF6831040047
:10A5200000030050040002000C00030026280FD88E
:10A530000B4B53F820301F2B86BF0A4A03F01F0332
:10A540004FF0A04229B1012101FA03F3C2F8083506
:10A550007047012101FA03F3C2F80C35704700BFC0
:10A560006831040000030050262818D80D4B53F81A
:10A5700020201F2A8ABF0C494FF0A04102F01F0281
:10A58000D1F8140501239340034214BFD1F80425E8
:10A59000D1F81025134214BF01200020704700207D
:10A5A000704700BF6831040000030050262817D808
:10A5B0000D4B53F820101F298ABF0C4A4FF0A042C0
:10A5C00001F01F01D2F8140501238B40034214BF90
:10A5D000D2F80415D2F810150B4202D1C2F8083592
:10A5E0007047C2F80C357047683104000003005012
:10A5F00000F108034FF0FF310022C0E9033381600E
:10A6000002604360704700BF00230361704700BFD2
:10A610004368026810B49C688C609C684B6001328F
:10A62000616099605DF8044B08610260704700BF8B
:10A6300030B40D686B1C10D000F108031C465B6839
:10A640001A68AA42FAD902684B60013299608C609C
:10A650006160086130BC0260704704696368F2E7BA
:10A66000036910B4D0E901125C688A6084425160C9
:10A6700008BF5A601A685DF8044B0021013A016175
:10A680001A601868704700BFF0B5054699B01F46BC
:10A6900000230E46144605A819460322D5F8D050CB
:10A6A00001F062F938BB0146AD00082303AA05A8F2
:10A6B000CDE9034501F098F9E8B9611905A801F061
:10A6C000B7F9C0B937B923461022314605A801F0C1
:10A6D000C7F980B905F1100302A901910094194648
:10A6E000324605A8029301F0F9F9044B002818BF7F
:10A6F000184619B0F0BD014819B0F0BD360CF00095
:10A700002DE9F04F864C80469E460F4694460FCC6E
:10A71000B7B00DF11C0A55460FC594E80F0004F1BF
:10A72000100685E80F000FCE0FAD0FC596E80F009D
:10A73000303485E80F000FCC17AD0FC50FCC0FC517
:10A7400094E80F00D8F8D040CDF80CE0042C85E850
:10A750000F0001D0082C6BD1409A231DB2EB830F60
:10A760004FEA830B03D06F4837B0BDE8F08F07EB9B
:10A770000C019CFA8CF30CF118060CF109003B60FB
:10A780009BFA8BF5802326F00F06321A7D60384441
:10A790000B72002101F09CFD409B1B09ABF1100BDB
:10A7A00000F0BB80042C47D0DDF80C90CDF808B049
:10A7B0004B4617ADB1464FF0000823ACBB461E46D2
:10A7C00024E0029FCDF814A0069701F00DF903468E
:10A7D0002946204610353BBB01F02AF984464FF04C
:10A7E000100E4B465A4649462046BCF1000F1BD17D
:10A7F0000DEB0E07CDE90067CDF810E001F06EF922
:10A80000103688B9409BB8EB131F58D20023194665
:10A810000222204601F0A8F8014608F101080823A9
:10A8200005AA20460029CCD03F4837B0BDE8F08FBC
:10A830003E4837B0BDE8F08FDDF80C90CDF808B099
:10A8400033460FAD4E464FF0000823ACBB46994649
:10A8500026E0029FCDF814A0069701F0C5F8034644
:10A86000294620461035002BDED101F0E1F8844660
:10A870004FF0100E4B465A4649462046BCF1000F99
:10A88000D2D10DEB0E07CDE90067CDF810E001F055
:10A8900025F910360028C7D1409BB8EB131F0ED204
:10A8A000002319460222204601F05EF8014608F115
:10A8B0000108082305AA20460029CAD0B4E7DDF81C
:10A8C00008B0039D0023194601222046CDE9055B0F
:10A8D00001F04AF801460028A6D1082305AA20461F
:10A8E00001F082F800289FD105EB0B01204601F012
:10A8F0009FF80146002897D1409A284601F0E8FCCD
:10A90000409B009540A901912A462046194601F036
:10A91000E5F800283FF428AF86E723ACD1E700BF75
:10A92000C4320400230CF000360CF000210CF000BF
:10A930002DE9F04F2DED028B164687B007321C46ED
:10A94000D308129D0393002800F0BC800F46002915
:10A9500000F0BF80002C54D0BDF80C10804620467B
:10A9600000F0BCFF0228064640F2AA8003285DD111
:10A970002378032B40F2A480039B681C591E0123FB
:10A98000019301F0A7FC019B0493019B76429AB2CC
:10A9900006F007064FF0FF0A4AFA06FA08EE102AF8
:10A9A0005E1E4FF6FF72103B5FFA8AFA2E44029247
:10A9B000059318EE101A2A464046B84700287DD164
:10A9C00033780AEA03033370049B102B40D0BDF8A0
:10A9D000043022461946284600F0ACFE022852D028
:10A9E000029B013B0293E4D13E4B0399019328461D
:10A9F00001F070FC019B184607B0BDEC028BBDE86E
:10AA0000F08F99B22A461C46B84703460028ECD17D
:10AA1000611E70076A5C42F080025CD16A540023B8
:10AA2000184607B0BDEC028BBDE8F08F039B00F128
:10AA30000709A3EBD90105EBD90001F04BFC4FEA64
:10AA4000D903B9F1870F019388BF102304939CE7C2
:10AA5000059B05EB030904EB030B07E0002BB6D0C5
:10AA6000B84758BB33780AEA0303337010231946FA
:10AA70005A46484600F05EFE0346022B4A464FF017
:10AA800010014046EAD1019B002BC8D0013DE918D6
:10AA9000012315F8012F13448D422B704FEA232315
:10AAA000F7D1019B013C2344022214F8011F0A4400
:10AAB0009C4222704FEA2222F7D1B0E7034694E786
:10AAC000094B92E7094B184607B0BDEC028BBDE875
:10AAD000F08F074B8FE7764206F0070632416A5443
:10AAE00089E700BF010CF000320CF000250CF000EB
:10AAF000140CF0002DE9F0438FB0884607A91746E3
:10AB0000044601F0A5FA054600284ED1D4F8D050ED
:10AB1000042D01D0082D4ED1D4F8C4300C2B62D8AE
:10AB2000B8F1000F45D02E1D760106AA04ABCDE981
:10AB30000032029707A905AB00222046059600F0D7
:10AB4000DFFD00283CD1069B0498D4F8C42023F0F4
:10AB50000303083304F1840918449200494601F0C4
:10AB6000B3FBD4F8C400069A04992B1D9E0002EB97
:10AB7000800200964B4620460692FFF7C1FD05462F
:10AB800050B9B8F1010F33D003462246494620465A
:10AB9000FFF77AFDB0B105462046E42101F09AFBAB
:10ABA00038464FF4BF5101F095FB28460FB0BDE881
:10ABB000F0836E01B9E71B4D28460FB0BDE8F08366
:10ABC000194DE9E7D4F8D430012243F00103C4F869
:10ABD000D430C4F8CC2000234846C4F8C430402107
:10ABE00001F078FBDCE7114D28460FB0BDE8F0839B
:10ABF0003146204601F06EFB2B4622464946204650
:10AC0000FFF742FD0028C6D1D4F8D430084AC4F872
:10AC1000CC8023F4803343F00103C4F8D430C4F86B
:10AC2000DC20D8E7210CF000260CF000040CF0002A
:10AC3000CDAB23012DE9F04F9DB0002800F03B8102
:10AC40001646002A00F03D810D4621B98B46584634
:10AC50001DB0BDE8F08FB14F04464FF0FF313868AA
:10AC600001F058FB002840F01981AD4BD4F8DC20EE
:10AC70009A4216D0DFF8B8B22946304601F02AFBD6
:10AC8000D4F8C430002B40F00D81386801F05CFB33
:10AC90000028DCD0A34801F0EBFA58461DB0BDE80F
:10ACA000F08FD4F8D430DA0740F10E81D4F8CC30EC
:10ACB000113300F20F81D4F8D080B8F1040F05D021
:10ACC000B8F1080F02D0DFF86CB2D5E7D4F8C42091
:10ACD0000C2A00F2FC8004F14003029304F1840A80
:10ACE000002A00F0FD809200514604F1480001F076
:10ACF000EBFAD4F8C420029908F104039B000093F6
:10AD0000920053462046FFF7FBFC83460028B3D150
:10AD10000346224651462046FFF7B6FC83460028EC
:10AD2000AAD104EB88090122D9F80C301BBA9B1870
:10AD30001BBAC9F80C304FEA880B16D3D9F8083083
:10AD40001BBA9B181BBAC9F808300ED3D9F80430C7
:10AD50001BBA9B181BBAC9F8043006D354F8283024
:10AD60001BBA13441BBA44F82830002309A819461B
:10AD7000032200F0F9FD002840F0AF8001460823CF
:10AD800007AA09A8CDE9074B00F02EFE002840F0E5
:10AD9000A480494609A800F04BFE002840F09D80A1
:10ADA000614AD4F8D4301A4200F0A2802B0915F081
:10ADB0000F0B049300F0998001330493CDF80CB08D
:10ADC0005B469D420DD0EA1A11463046059201F0CD
:10ADD00081FA059A3346314609A800F041FE002861
:10ADE0007BD104F1300B10220298594601F06CFA25
:10ADF0005846102101F06EFA102306A90191CDF8F2
:10AE000000B009A85A461946069300F067FE0028CC
:10AE100063D1039AA81A3044594601F055FAD4F880
:10AE2000D430DB0509D45A460298049B314600F021
:10AE3000CBF9834600287FF41FAFD9F80C30049A71
:10AE40001BBAD3181BBAC9F80C3017D3D9F808307D
:10AE500001221BBA9B181BBAC9F808300ED3D9F8C7
:10AE600004301BBA9B181BBAC9F8043006D354F837
:10AE700028301BBA13441BBA44F82830514601232A
:10AE800022462046FFF700FC834600287FF4F4AEFC
:10AE9000D4F8CC300133C4F8CC30F1E6234801F0CB
:10AEA000E7F9E2E60023C4F8C43004F1840040214D
:10AEB00001F010FAE9E6DFF880B058461DB0BDE8B1
:10AEC000F08FDFF878B0C2E6DFF874B0D4E6DFF8D0
:10AED00074B0D1E6DFF870B0CEE6DFF870B0CBE644
:10AEE0005046402101F0F6F91BE71023039368E771
:10AEF00004F1300318461021039301F0EBF9039B92
:10AF00001022194609A800F0ABFD0028E5D1D4F8BD
:10AF1000D43043F48033C4F8D43047E7E0970020BE
:10AF2000CDAB23016C320400000101005432040057
:10AF30000E0CF000210CF000270CF000000CF000CB
:10AF4000080CF000040CF000070CF000360CF000C8
:10AF500070B5002849D00D46002943D0244E044640
:10AF60004FF0FF31306801F0D5F990BB002001F0BF
:10AF700021FA50BB20462A460121FFF7BBFD0446BB
:10AF8000012001F017FAB8B9306801F0DDF950B9C5
:10AF9000012001F00FFA08B9204670BD154801F0F4
:10AFA00067F9204670BD144801F062F9012001F0F4
:10AFB00001FA0028F0D0F1E70E4801F059F93068A5
:10AFC00001F0C2F90028E3D0EDE70C4801F050F998
:10AFD000D0E70B4801F04CF9002001F0EBF9002814
:10AFE000C8D0F2E7074C204670BD074C204670BD24
:10AFF000F0970020A43204006C3204008432040074
:10B0000054320400200CF000250CF00000284CD035
:10B01000F0B50D4689B0002938D00446E42101F08E
:10B0200059F901A9204601F013F810B1204809B0E0
:10B03000F0BD204F4FF0FF31386801F06BF980BB55
:10B04000002001F0B7F940BB01A92A46204600F0D4
:10B0500063FB0646012001F0ADF9D0B9386801F074
:10B0600073F978B9002EE1D12046E42101F032F9DC
:10B0700029462046FFF76CFF0F4B002818BF1846E3
:10B0800009B0F0BD0D4801F0F3F8EBE70C4809B04A
:10B09000F0BD0C4801F0ECF8E0E70B4801F0E8F8EF
:10B0A000D2E70A4801F0E4F8CAE70948704700BF50
:10B0B000110CF000F0970020120CF0006C3204002C
:10B0C000200CF000A4320400843204005432040046
:10B0D000250CF00030B4029D4DB1064D941EAC42DB
:10B0E00002D830BCFFF724BC034830BC704703488B
:10B0F00030BC7047FDFF0700310CF000300CF00051
:10B1000038B504464FF4806001F040F9054D06481B
:10B110000649074A00232B6003600B682360136015
:10B1200038BD00BFC8B102502CB1025004B102506A
:10B1300008B102500138072805D8DFE800F00A0EF0
:10B14000041204040406094870478B698B600020D0
:10B150007047CB688B60002070470B698B600020C4
:10B1600070474B698B600020704700BF310CF100C5
:10B170000B6802E0082B0B6006D8426813424FEAC6
:10B180004303F7D00020704700487047310CF100AE
:10B19000084B094A002119601368002BFCD10748AD
:10B1A0000749084A03604FF480604FF0FF3308609E
:10B1B000136070472CB1025010B90250C4B1025054
:10B1C00008BA025008B10250012BF8B516461CD03F
:10B1D00010221D460C4601F05FF8E0B1AF1E31466B
:10B1E00004EB0710102201F057F8A0B1022D0ADD80
:10B1F0000025204610342146102201F04DF801357B
:10B2000048B1BD42F5D10020F8BD1146102201F031
:10B2100043F80028F7D10148F8BD00BF020CF00048
:10B22000002877D0F8B50C46002971D01D46002BB8
:10B230006ED0064622B1012200232A60C0F8D83021
:10B240002B68002B62D029462046FFF791FF00288B
:10B250005BD128682146FFF76DFF002855D1364B9A
:10B260003649374A01271F609C460F60CCF80070B2
:10B27000A368136011688B42F8D1324F3249334AC8
:10B28000334B4FF0000CC7F800C004270F600A21B1
:10B2900011606FF03A021A60079B012B4FF0805348
:10B2A0003AD0D3F8002C013243D0D3F8002C294BEC
:10B2B000A3FB02321209A368274C2849284F03FB3D
:10B2C00002F303EB4303DB039B092360254B2C684C
:10B2D0000C601A60069A244C3A604FF48062226037
:10B2E00001224FF0FF3441F8C44C43F80C2CD6F83F
:10B2F000D8302A6823F07F4343EA0263C6F8D83087
:10B300002A6843EA0223C6F8D830F8BD1748F8BDCA
:10B310001748F8BD16487047D3F80C2C013206D0F8
:10B32000D3F80C2C0B4BA3FB0232FA40C3E71622D6
:10B33000C1E70622BFE700BFC4B1025040B10250CE
:10B3400030B102502CB102500CB1025038B1025051
:10B3500000B10250ABAAAAAAD8B10250CCB1025097
:10B36000D0B10250D4B1025008BA0250310CF100F1
:10B37000350CF100F0B4C900002401F1FF3C264671
:10B38000274606E09F4216D00126654519D82C466F
:10B390001F46630904F01F0150F823301F2923FAC8
:10B3A00001F304F1010518BF03F00103002CE9D1FA
:10B3B00001263546EBE701369642E6D10248F0BC5D
:10B3C00070470020F0BC7047360CF100002861D0B7
:10B3D0002DE9F0414C1EB4F5047F27D233B32AB3D4
:10B3E000CD00012B05F1FF3E30D000218C460F46E9
:10B3F0000E4603F1FF384C0901F01F0550F82440B8
:10B400001F2D24FA05F418BF04F0010421B9012608
:10B41000B44631462746EEE7B34213D0A74201D1E6
:10B420000CF1010C464504D1624502D21A48BDE830
:10B43000F0813C4601318E4506F10106EAD200203A
:10B44000BDE8F08100264FF0010CF3E70026B4467A
:10B4500037463446610904F01F0350F821101F2BB2
:10B4600021FA03F118BF01F001013CB15FB98C452D
:10B4700001D0614608E00136614605E00126344608
:10B480008C460127E6E73E46B242CFD30134AC42B8
:10B49000F6D1D4E700487047370CF1002DE9F04FA2
:10B4A00089B01D46149BDDF84CA004460E46174695
:10B4B0004BB94FF08053D3F8002C013200F0A98033
:10B4C000D3F800BC08E04FF08053D3F80C2C0132C5
:10B4D00000F0A280D3F80CBC7C480AF5C1622A6057
:10B4E000129A00234FF0FF31136000F013FF002881
:10B4F00040F08680764A774B7749106004321960B5
:10B5000013680693069BD907FAD5714A714B00213F
:10B5100011601B680793043213680793079BDB07CE
:10B52000FAD56C4B6D4A1B680793DDF81C901368C5
:10B530000793079BD807FAD5644800F005FF002859
:10B540005AD1654B994540F0B680D4F8D43013F405
:10B5500000790ED1D90512D52B68129A1B68136099
:10B560003BB1D4F8D4309B055BD5484609B0BDE863
:10B57000F08FDFF87C91484609B0BDE8F08F002FCE
:10B5800000F08780564A574B1168B2681B689A4290
:10B5900045D10A2943D194F8DB3005930AF5C26AF4
:10B5A000042500274FF0805804A8FFF7A9FD049850
:10B5B000820602D510F01A0039D0D4F8D810059AB6
:10B5C0000B0A03F47F030B4323F07F43082AC4F8DC
:10B5D000D83077D0149B4FEA420CCDE9007300229B
:10B5E00005AB31462046CDF814C0FFF719FE002800
:10B5F0005FD1013DD8D1B4E73B4800F039FEA0E768
:10B600003A48DFF8F09000F033FE484609B0BDE854
:10B61000F08F4FF0900B5FE74FF4047B5CE7DFF8AF
:10B62000D890FFF7B5FD484609B0BDE8F08F129BF2
:10B630005246C3F800B0594600F03CFD002838D10E
:10B64000D8F8043C129A013318BFD8F8043C1168AA
:10B6500008BF51230293D8F8083C01332ED0D8F804
:10B66000083C03934B1EB3F5047F0FD2029A02915C
:10B670005046FFF77FFE48B90299039A4FF4806362
:10B680005046FFF7A3FE00283FF46BAF129B1F60EC
:10B6900093E723F00F03C4F8D430149B0122CDE9C3
:10B6A0000093314605AB2046FFF7BAFD00283FF472
:10B6B00075AF814655E7DFF83C9056E740F23733E7
:10B6C0000393CFE7DFF834904BE700BFF8970020F3
:10B6D00004BF025000BF025012FA12FA08BF025013
:10B6E00038B1025030B102506C32040054320400C0
:10B6F000330CF000350CF000300CF100320CF1008E
:10B7000030B4DDE90234049D02940024CDE90354F1
:10B7100030BCFFF7C3BE00BF10B586B005AB012437
:10B72000CDE901240093002204ABFFF7B7FE06B079
:10B7300010BD00BFF0B4441831B114F8015D4E1EC5
:10B7400015B931460029F8D1D41833B114F8015D88
:10B750005E1E45B93346002BF8D10D1E18BF0125DA
:10B760002846F0BC70478B4222D325D84C1EA642F7
:10B7700028BF2646002E23DB0136941900258219A6
:10B7800004E0012D38BF012590420BD012F8016D65
:10B7900014F8017DB742F4D3F6D9002D08BF022575
:10B7A0009042F3D18B4218BF00252846F0BC704769
:10B7B00001252846F0BC704702252846F0BC70479A
:10B7C0000025EFE79942F0B50DD801EB03044FEAED
:10B7D000540467D3002C7DD04FF0000C171F214676
:10B7E000051F624632E003F1804C0CF1FF3C051F5F
:10B7F000002600EB8C0C05EB810E34465CF8047FD0
:10B80000E64546EA0706F9D116F1FF3744F1FF3C59
:10B810006FEA0C0C99420CF0010C3ED201F1804E03
:10B820000EF1FF3E171F02EB8E0507EB830355F861
:10B83000042FAB4246EA0206F9D116F1FF3644F175
:10B84000FF32D24302F0010291B3051F002305EB42
:10B85000810E28463C46194650F8046F54F8045FA0
:10B86000AE4218BF002103F0010318BF002388BFB8
:10B8700041F0010138BF43F001038645ECD1A9B185
:10B8800082F00100BCF1000F00D108408CF00104EF
:10B8900002B91C4000EB4400F0BDC3B1171F1946AC
:10B8A0000022D3E700263446B446B7E7002BE7D1A1
:10B8B000BCF1000F03D132B160461446EAE782F0D2
:10B8C00001000023E2E7104613461446E1E7604614
:10B8D0001C46DEE720462346DBE700BF4218084649
:10B8E00030B112F8013D411E1BB908460028F8D1BD
:10B8F00070471A064FEAC00018D4590600F1FF320B
:10B9000015D49906A0F1020211D4D906A0F10302C0
:10B910000DD41907A0F1040209D45907A0F10502BA
:10B9200005D49B07A0F1060201D4073870471046E2
:10B93000704700BFA1B100EB810001E001390FD0D9
:10B9400050F8043D002BF9D04801A0F1200202E09C
:10B950000138904206D0002B4FEA4303F8DA7047D3
:10B9600008467047704700BF78B3032A70B50E468B
:10B970001546044601D9052A1CD1012E18D8ABB9A9
:10B98000022D19D0052D17D04C21204600F0A2FC25
:10B99000052D88BF4FF0FF3213D900200123C4E9E1
:10B9A0000826C4E90B00C4E90D3370BD094870BD19
:10B9B000094870BD094870BD56B94C21204600F0B9
:10B9C00089FC074B53F82520E7E74FF470007047D8
:10B9D000044870BD0E00F0000600F0000200F00008
:10B9E000343304001200F000C8B110B50C4682B127
:10B9F0008CB9082B0DD15368102B0ED1136843B1AD
:10BA000001238362D2E90012103000F05DFC204671
:10BA100010BD044810BD044810BD044810BD4FF4CB
:10BA2000700070470400F0000500F0000300F00013
:10BA300070B108B5036A013B022B05D831B1102261
:10BA400000F042FC002008BD034808BD034808BDC3
:10BA50004FF47000704700BF0200F0000100F000DA
:10BA600038B349B31AB338B512F00F051BD1046AC5
:10BA700024F00404032C01D003B31D4613462A46C8
:10BA800001F022FE58B1A0F57100052818D805284C
:10BA900016D8DFE800F005030A0303080A4838BD9A
:10BAA0004FF4700038BD094838BD094838BD074813
:10BAB00070474FF47000704706487047064838BD1D
:10BAC0004FF4750038BD00BF0200F0000A00F0001E
:10BAD0000600F0000800F0000900F000F8B5079F2C
:10BAE00048B30E460546002A35D0994239D8002F72
:10BAF00041D02B6A23F00401032906991FD00029A5
:10BB000032D03968B14233D3300703D0012B1CD86F
:10BB1000EB6A23B311463346069A284601F0E0FE4D
:10BB2000044660B3A0F57104052C37D8DFE804F0B3
:10BB30000310251010174FF470042046F8BDA9B16A
:10BB400039680F2914D93107E4D0032BE2D1DFE79C
:10BB5000144C2046F8BD0029C9D0134CEDE7134C16
:10BB6000EBE7134C2046F8BD002ED3D0114CE4E790
:10BB7000114C2046F8BD114CDFE7114CDDE72B6A74
:10BB800023F00403032B01D03E60D6E70698294634
:10BB9000102200F099FB10233B60CEE74FF47504B0
:10BBA000CBE700BF0200F0000800F0000A00F00040
:10BBB0000C00F0000900F0000D00F0001100F00092
:10BBC0000600F0002DE9F84F1E460A9B002B6AD0B4
:10BBD0000D4600296FD0044600287DD0022E5ED885
:10BBE00016B10B9B002B79D0D4F8B872B7F5107F43
:10BBF0004CD8D4F8BC127B1C994247D895F80090D9
:10BC0000B9F1070F53D8B9F1050F50D009F0060369
:10BC10000737022B4FEAD7073CD07B000133934212
:10BC20003BD10A9807F1030B4FF45D7100F1040A50
:10BC30002BF0030800F04EFB414650463B466A1C81
:10BC400000F002FC002838D14FEA9B0B5B465946B6
:10BC500022465046FFF7B6FD022855D119F0040FD1
:10BC60003ED10A9B214603F194004FF4377200F055
:10BC70002BFB4946504600F06DFC0446002845D198
:10BC8000022E45D00A9A264B13601CE0254C204614
:10BC9000BDE8F88F7B1C9342C3D0234CF7E7234CBD
:10BCA0002046BDE8F88F224C2046BDE8F88F214C95
:10BCB0002046BDE8F88F204CE9E7204C0A984FF465
:10BCC0005D7100F007FB0B9B002BE0D04FF463711C
:10BCD000184600F0FFFADAE7194CD8E7194CD6E716
:10BCE0000A9B7A1C4C334146184698462A443B46E8
:10BCF00000F0AAFB0028E0D140465B4659462246A8
:10BD0000FFF760FD0228ACD00C4CC0E70E4CD5E725
:10BD10000B99504600F0FCFC0028B3D00446CDE758
:10BD2000010000EC9508F0000F08F0001108F00089
:10BD30000E08F0000708F0000D08F0001008F000F1
:10BD40000208F0001208F0003008F0002DE9F0437E
:10BD500083B0019300283DD01646002A67D00268C0
:10BD60001F46354B9A4204461BD18FB3052914D088
:10BD7000072912D8D0F84C33C56C21F0020203F128
:10BD80000709042A03F11F034FEAD9094FEA5313A5
:10BD900005F0010522D0022907D0284803B0BDE8EC
:10BDA000F083274803B0BDE8F0833A6809F1010841
:10BDB00042453ED3304645F0020500F8015B9B004A
:10BDC000221D494600F096FB48BBC7F80080E5E716
:10BDD0001C48E3E71C4803B0BDE8F0833A684FEA2B
:10BDE000490808F10108424523D3042930460CBF15
:10BDF0000D4645F006059B0000F8015B221D4946F3
:10BE0000019300F077FB50B909F10100019B04F1A7
:10BE10004C023044494600F06DFB0028D5D0304636
:10BE2000396800F057FA002308483B60B6E7084835
:10BE3000B4E70848B2E700BF010000EC1508F000C5
:10BE40001A08F0001708F0001408F0001B08F000B2
:10BE50001608F0001808F0002DE9F04782B0DDE97F
:10BE60000A98002A5CD01D46002B5ED0B9F1000F65
:10BE70005DD0B8F1000F5CD0074600285BD08A4641
:10BE8000002948D0144618464FF44C7100F022FAAD
:10BE90004FF45D71484600F01DFAD4F8BC621F36BD
:10BEA0007609B200013E04F1D801404605EB860652
:10BEB00000F00AFA002373602B1DD4F8BC22009313
:10BEC000514638464346FFF705F90646C8B12846AD
:10BED0004FF44C7100F0FEF948464FF45D7100F0EC
:10BEE000F9F90C9B23B140F66811184600F0F2F9FD
:10BEF00040464FF4537100F0EDF9304602B0BDE812
:10BF0000F087204643464A46294602F06DFE064623
:10BF10000028E6D0DBE7094E304602B0BDE8F087E6
:10BF2000074E304602B0BDE8F087064EE5E7064E04
:10BF3000E3E7064EE1E7064EDFE700BF9008F000BA
:10BF40000208F0000308F0000408F0000508F00003
:10BF50009108F0002DE9F041002940D016461F4617
:10BF60000A682B4B9A420C4631D1054600283AD03C
:10BF70000268013B9A422ED1002E45D0002F45D0B9
:10BF8000069BB3B300F194014FF4377204F15000F3
:10BF900000F082F90435211D68BBD4F808333A68F3
:10BFA0000733B2EBD30F4FEAD3081ED3069B2846C4
:10BFB000324600F0DDFB0446F8B9C7F80080069869
:10BFC0004FF4537100F086F92046BDE8F081114C22
:10BFD0002046BDE8F081104C2046BDE8F0810F4CB2
:10BFE0002046BDE8F0810E4CF2E70E4CC7F8008009
:10BFF000EEE70D4CECE70D4CEAE73968304600F00F
:10C0000069F900233B60DAE7094CE1E7094CDFE717
:10C01000020000EC3408F0003208F0003308F000B1
:10C020003108F0003808F0003708F0003A08F00056
:10C030003508F0003608F0000B2804D8034B53F8FD
:10C04000203003B118470020704700BFA834040017
:10C0500030B5042285B00123C0F8D0200B606846BB
:10C060000023CDE90033CDE902330C4600F04EF851
:10C070000546C8B9DDE90030DDE90212E360003BA6
:10C08000C4E9040118BF0123A26108B143F002030F
:10C0900009B143F004030AB143F008030022284623
:10C0A0006360A26005B030BD014800F0E1F8E1E74F
:10C0B0004C33040030B585B004460D461048039259
:10C0C0004FF0FF3100F026F9039A68B92046009539
:10C0D0000123002101F0E6FF0446094800F034F98D
:10C0E00038B9204605B030BD064800F0C1F8039AC3
:10C0F000ECE7054800F0BCF8204605B030BD00BFB5
:10C10000F8970020543204006C32040000234FF4EE
:10C11000FA714FF47A72C0E900228160C360184658
:10C12000704700BF10B500F031F8A0B900F01EF95B
:10C1300020B1032400F070F8204610BD00F03AF959
:10C14000034680B90D4A1268120EF02A06D0052463
:10C1500000F00EF9EEE70424204610BD0849094A14
:10C160000968914201D00624F2E7074A01201360D2
:10C1700000F020F904460028DED0E8E728B9025094
:10C1800024BA02500000E0200CBA025008B518484A
:10C1900000F0A4F898B9174800F0A0F8B8B916480C
:10C1A00000F09CF8D8B9154B124A15481A6000F0F7
:10C1B00095F8C0B9134B124A1A60002008BD124806
:10C1C00000F056F80B4800F089F80028E7D00F4837
:10C1D00000F04EF8084800F081F80028E3D00C4841
:10C1E00000F046F8DFE70B4800F042F8E2E700BF56
:10C1F000F8970020E8970020F4970020F09700209F
:10C20000EC970020E09700207C3304009833040072
:10C21000B4330400D433040008B500F03BF80F48F1
:10C2200000F06AF804210D4800F054F80C4800F0C2
:10C2300063F80B48042100F04DF80A4800F05CF860
:10C2400040B9094800F058F8BDE808400648042104
:10C2500000F040B8054800F00BF8F2E7F89700202E
:10C26000E8970020F4970020EC970020B4330400F6
:10C27000BFF34F8F0549064BCA6802F4E0621343CF
:10C28000CB60BFF34F8F00BFFDE700BF00ED00E0C4
:10C290000400FA05704700BFA2B1013A30B4013979
:10C2A0008518421E002012F8013F11F8014F9542F7
:10C2B00083EA040340EA0300F5D1003818BF0120E7
:10C2C00030BC70471046704703F028BC03F034BC04
:10C2D00003F04CBC0A46002103F048BC10B50446EC
:10C2E00010B10020206010BD0248FFF7C1FF002000
:10C2F000206010BDF433040010B5044610B10020D6
:10C30000206010BD0248FFF7B3FF0020206010BD81
:10C31000F433040010B5044680B10123BFF35B8FF2
:10C3200054E8002F44E800310029F9D1BFF35B8FB6
:10C33000012AF3D0BFF35F8F002010BD0148FFF743
:10C3400097FFEAE71834040010B5044620B1BFF3A4
:10C350005F8F0020206010BD0348FFF789FFBFF307
:10C360005F8F0020206010BD38340400002070472B
:10C3700000207047014B1860704700BF08BA025098
:10C38000014B1860704700BF04BA025010B5044654
:10C3900030B1054B18680442FCD0044B1C6010BD42
:10C3A0000348FFF765FFF4E700BA025008BA0250ED
:10C3B0005834040010B54FF0FF3104461748FFF71A
:10C3C000A9FFE8B9164A54B11368A3B1012B18D0DC
:10C3D000013B1360BDE810401048FFF7B5BF10687F
:10C3E00038B9104B10490124C3F800450B68002BE5
:10C3F000FCD101301060BDE810400848FFF7A4BF31
:10C4000010BD09490B68002BFCD106480749C0F84C
:10C4100000356FF07E430B601368D9E7F497002076
:10C420004C95002000A0025010B9025004BA0250EE
:10C430003AB10A44013812F8013D00F8013F8A423E
:10C44000F9D10020704700BF002A48D02DE9F04103
:10C450000446002845D015465A1E053234D811F03E
:10C46000030631D18B422FD8CF1C27F003028A421A
:10C4700032D8A2EB030840441A462946FFF726FFAC
:10C48000414620464FEA9708FFF724FFB8F1010F15
:10C490001DD0FF0804EB87000438231F04EB880538
:10C4A00053F8042F55F8041D12BA09BA83421960D3
:10C4B0002A60F5D118F0010007D054F827301BBAD4
:10C4C00044F82730002000E00748BDE8F0812368E9
:10C4D0001BBA30462360F8E70448BDE8F081044801
:10C4E00070470348F1E700BF050DF000090DF000AB
:10C4F000040DF00030B40AB300B3DBB113F0030550
:10C5000018D18B4216D3A9B1904208D002D9134456
:10C51000984217D3904202D243189A4212D911443A
:10C52000431E11F8014D03F8014F8A42F9D1284604
:10C5300030BC7047044D284630BC7047034D284638
:10C5400030BC7047024DF6E7050DF000040DF00019
:10C55000060DF000F0B50446D0F848038DB000F1A8
:10C560001F062023B6F5187F00937ED20F4669463A
:10C5700001F0F0FB054610B128460DB0F0BD76097C
:10C58000334604F19002012101F024FD0121084607
:10C59000052304F5127201F01DFD334622460121E8
:10C5A000022001F017FD334604F1D80201210420D6
:10C5B00001F010FD04F5907233460121052001F0D1
:10C5C00009FD424A13680193019BDB07FAD5404BF2
:10C5D00040493E4A196013680293029BD807FAD576
:10C5E0003B4B3D49394A196013680393039BD907B4
:10C5F000FAD5374B3949354A196013680493049BBF
:10C60000DB07FAD5324B364A1A6007F00603022BD5
:10C610002FD004F1480233460121032001F0DAFC57
:10C620002A4A13680593059BDC07FAD5284B2D4948
:10C63000264A196013680693069BD807FAD5244B3F
:10C6400029492A4A196013680793079BD907FAD525
:10C65000274A284B126812F4805F08BF1D460098D5
:10C6600001F062FC28460DB0F0BD234D28460DB008
:10C67000F0BD01F069FE002826D01C4A136808931B
:10C68000089BDB07FAD51D4B184A196813680A93F3
:10C690000A9BD807FAD51A4A1A4B11601B680993EE
:10C6A000099B5F40F90708D5343A13680B930B9B3D
:10C6B000DB07FAD5064B144A1A60314604F14800EC
:10C6C000032201F05BFCCAE7104DC8E7B0B002508E
:10C6D00080B002508021088880411831806108882C
:10C6E0000051183180310C8800681051B4B00250EC
:10C6F00088B002501008F0000F08F0000CB0025093
:10C70000E4B00250DCB00250C03000294021F000FB
:10C7100070B5D0E9D2421F3484B0640900F14803F7
:10C720000D4601EB84061F3201EBC4010391009317
:10C7300000F5B4710346CDE901565209903000F07E
:10C74000D3FE70B930462146FFF7F4F830B92146E0
:10C750002846FFF7EFF808B904B070BD024804B0EE
:10C7600070BD024804B070BD1008F0003008F00041
:10C770002DE9F043D0E9D2451F3485B0640903EBBD
:10C78000C40E1E4603EB84071F3500F148030093D7
:10C79000CDE9027E03460196904690306A0900F08A
:10C7A000A3FE054640B130464FF45371FFF792FDAA
:10C7B000284605B0BDE8F08338462146FFF7BAF8B1
:10C7C00060B121463046FFF7B5F838B14FEA840929
:10C7D0004A4640463146FFF72BFEE4E7004DE2E7CC
:10C7E0002008F1002DE9F04F97B0DDE920744FEA01
:10C7F000043E4EEA844E4EEA83149D4D44F0045CA0
:10C800009C012E680096009EF607FAD5229DDFF85F
:10C810006482974EC8F800C0920142EA834242EA1D
:10C82000053545F010454FEA834832680192019A78
:10C83000D207FAD58F4ADFF838C215604EEA811E5A
:10C840004EF0104E8E01DCF800200292029AD507BD
:10C85000F9D53D0345EA8745864A854FC2F800E091
:10C8600044EA050949F004593A680392039AD20749
:10C87000FAD5804ADFF8F8E1C2F8009044EA033CB8
:10C8800048EA0C0747F004574FEA033ADEF8002065
:10C890000492049AD207F9D5764ADFF8D4E11760FA
:10C8A0004CEA814949F010498F04DEF800200592D6
:10C8B000059AD207F9D56F4ADFF8B4E1C2F80090C3
:10C8C00045F0104545F48075DEF800200692069A82
:10C8D000D207F9D5DFF89CE1674ADFF89491CEF8EA
:10C8E000005042EA80124FEA801ED9F800500795A6
:10C8F000079DED07F9D5DFF87CB1DFF884915C4D39
:10C90000CBF8002049EA00394FEA003B2A68089238
:10C91000089AD207FAD5574DC5F80090239A574D7B
:10C9200045EA8249524A12680992099AD507F9D50F
:10C93000504A4F4DC2F800904CF0245949F4001968
:10C940002A680A920A9AD207FAD54A4D484AC5F887
:10C9500000904EEA030343F0484343F48213156802
:10C960000B950B9DED07FAD54EEA0B05DFF804E1B8
:10C970003F4ACEF8003045EA080545F004551368F3
:10C980000C930C9BDB07FAD53A4B394A1D604CEAF5
:10C99000804040F0045013680D930D9BDD07FAD5DD
:10C9A000344BDFF8E0C0324A18604AEA0C0C1368D6
:10C9B0000E930E9BD807FAD52E4B2D4DC3F800C011
:10C9C00047EA013746EA070C4CF004500A032B688B
:10C9D0000F930F9BDB07FAD5264B254D18604CF0C3
:10C9E000104C2B681093109BDB07FAD5214B204D80
:10C9F000C3F800C02B681193119BDB07FAD51D4BC0
:10CA00001B4D1860274347F004572B681293129B65
:10CA1000DB07FAD5174B16481F60239B44EA08042E
:10CA200044EA033444F0104403681393139BDD0776
:10CA3000FAD5104B0E481C60324342F0245242F4A7
:10CA4000101203681493149BDC07FAD5094B0848AD
:10CA50001A600E4346F0484646F4A2160368159342
:10CA6000159BDB07FAD5034B1E6017B0BDE8F08FAE
:10CA7000B0B0025080B002500040102100410021AF
:10CA800000011021400128292DE9F04F9FB0AF4F40
:10CA90002D9D289E2C0344EA854C4CEA831C4FEACA
:10CAA000854E01944CF0104C9D013C680494049C0C
:10CAB000E407FAD54FEA801BA54F4BEA033848EA52
:10CAC0008646DFF88882C7F800C046F010461F038C
:10CAD000D8F800400594059CE407F9D5DFF870828A
:10CAE000DFF868C24BEA00340294C8F8006044F0F2
:10CAF000245848F40018DCF800400694069CE60729
:10CB0000F9D5DFF84C92914EC9F8008045EA070C40
:10CB10004EEA0C0E4EF0104E34680794079CE40762
:10CB2000FAD5299CDFF82892DFF82082C9F800E0C6
:10CB300047EA811646EA84468C0146F01046009486
:10CB4000D8F800400894089CE407F9D5009CDFF869
:10CB50000082DFF8F891C8F8006044EA013E4EF028
:10CB6000245848F40018D9F800400994099CE607B5
:10CB7000F9D52A9CDFF8D891744EC9F800804FEAA5
:10CB8000043A4AEA844A2A9C4AEA050A4AF0104AC8
:10CB90004FEA844934680A940A9CE407FAD52B9C2E
:10CBA00047EA844606430396694E684CC6F800A0DF
:10CBB000039E46F0484A4AF0C00A26680B960B9E30
:10CBC000F607FAD5624C614EC4F800A049EA0C0A97
:10CBD0004AF0104A34680C940C9CE407FAD52C9C5B
:10CBE00047EA84460E430396594E584CC6F800A0B7
:10CBF000039E2E4346F0484A26680D960D9EF60782
:10CC0000FAD5019C44EA8216514C46EA09094F4E76
:10CC1000C4F800A049F010494FEA821A34680E9413
:10CC20000E9CE407FAD54A4C484EC4F800904AEAF4
:10CC3000824A4AF0104A4AF4405A4FEA824934681C
:10CC40000F940F9CE407FAD5414E404CC6F800A063
:10CC500026681096109EF607FAD53D4EDFF8F8A02C
:10CC60003A4CC6F800A026681196119EF607FAD530
:10CC7000374EDFF8E8A0354CC6F800A026681296BB
:10CC8000129EF607FAD5324EDFF8D4A02F4CC6F824
:10CC900000A04EF0104E4EF4402E26681396139EC0
:10CCA000F607FAD52A4E2B4CC6F800E044EA804E2F
:10CCB0003036800434681494149CE407FAD547EAAB
:10CCC0008347DFF88CA0214CCAF800E04BEA070646
:10CCD00046F0484646F003064FEA834A2368159318
:10CCE000159BDB07FAD5DFF868E0184CCEF800603A
:10CCF000029B43F0045646F4801623681693169B55
:10CD0000DB07FAD5124CDFF844E02660DEF800308D
:10CD10001793179BDC07F9D50D4CDFF830E0266040
:10CD200040F0045040F48240DEF800301893189B25
:10CD3000DB07F9D5009B054C4AEA01011943044B76
:10CD400041F04841186041F480410BE0B0B002501E
:10CD500080B002500041009000310C90C0400C9017
:10CD6000C030202923681993199BDE07FAD5194B87
:10CD70001948196003681A931A9BDC07FAD5154BFA
:10CD80001549C3F8008049EA02322A4342F01042B2
:10CD90000B681B931B9BD807FAD50E4B0E491A60E4
:10CDA0002F4347F010470B681C931C9BDA07FAD5FA
:10CDB000084B094A1F604CF0104141F430111368D0
:10CDC0001D931D9BDB07FAD5024B19601FB0BDE810
:10CDD000F08F00BF80B00250B0B002502DE9F04F8C
:10CDE00099B0DFF870C2269C239D270347EA844947
:10CDF00049F0104646F0800699464FEA844EDCF82A
:10CE000000300193019BDC07F9D5914B914C1E60DA
:10CE10004FEA894949EA801949F0104646F400561C
:10CE20004FEA801A23680293029BDB07FAD5884BEE
:10CE3000884C1E604AEA003C4CF0245646F400162A
:10CE400023680393039BDB07FAD5814B814C1E605B
:10CE50004EF0104646F4025623680493049BDB0709
:10CE6000FAD5229B7B4C4FEA834E4EEA811E784BCB
:10CE70004EF0104E1E604EF4005E8E012368059346
:10CE8000059BDB07FAD5724B724CC3F800E046EA0B
:10CE9000013949F0245B4BF4001B23680693069B81
:10CEA000DB07FAD54FEA053E694B6A4CC3F800B080
:10CEB0004EEA854E4EF0104E4EF0800E4FEA8548F9
:10CEC00023680793079BDD07FAD5249B604C40EA53
:10CED000834545F048455F4BC4F800E045F40355F1
:10CEE0001C680894089CE407FAD5594B594C1D60FE
:10CEF00048F0104545F4025523680993099BDB0768
:10CF0000FAD5259BDFF848E1524CCEF8005041EAB3
:10CF1000834343F0484545F4025523680A930A9B2E
:10CF2000DB07FAD547EA8217494B4A4C1D6047EAAE
:10CF3000080848F01047950123680B930B9BDB070B
:10CF4000FAD5434B434C1F6045EA824242F01042FF
:10CF500042F4405223680C930C9BDD07FAD53C4BFE
:10CF60003C4C1A6023680D930D9BDA07FAD5384BB9
:10CF7000394C384A1C6013680E930E9BDB07FAD5B8
:10CF8000334B364C334A1C6013680F930F9BDF07FB
:10CF9000FAD52F4B324C1C602E4A49F0104444F411
:10CFA000402413681093109BDD07FAD5284B2D4DB4
:10CFB000284A1C6045EA8045800413681193119B40
:10CFC000DC07FAD5224B284C224A1D604AEA0404A9
:10CFD00013681293129BDB07FAD51D4B1D4A1C6088
:10CFE0004CF0045444F4801413681393139BDF072C
:10CFF000FAD5174B174A1C6013681493149BDD076E
:10D00000FAD5134B134A1C6040F0045040F48240A0
:10D0100013681593159BDC07FAD50D4B0D4A186064
:10D020000E4346F0484646F4042613681693169BB2
:10D03000D907FAD5064B074A1E6013681793179B4A
:10D04000DB07FAD5024BC3F800B019B0BDE8F08F8A
:10D0500080B00250B0B0025000310C90C0400C9033
:10D06000C030202900410090032008C82DE9F0437A
:10D07000974AABB013680993099BDF07FAD5954B24
:10D080009549934A196013680A930A9BDE07FAD5FB
:10D09000904B92498E4A196013680B930B9BDD07E6
:10D0A000FAD58C4B8E498A4A196013680C930C9BF5
:10D0B000DC07FAD5874B8B49854A196013680D93B5
:10D0C0000D9BD807FAD5834B8749814A19601368AD
:10D0D0000E930E9BD907FAD57E4B844A1A601B200B
:10D0E00000F030FD0446182000F02CFD8442784A00
:10D0F00009D913680F930F9E16F00106F9D0754BEE
:10D100007B4A1A6009E013681093109BDB07FAD57D
:10D11000704B784A1A60044600266D4A13681193D2
:10D12000119BDF07FAD56B4B7349694A1960136885
:10D130001293129BDD07FAD5664B704A1A601C20C9
:10D140001D2118220B238DE80F000F230E220D2125
:10D150000C20FFF747FB01340C200D210E220F237A
:10D160008DE80F0024F00104132312221121102056
:10D17000FFF738FB0125A11E08AB07AA1B20089565
:10D1800000F02CFD022800F06A81032800F04081A5
:10D19000012800F0168100274D4A13681F931F9B3A
:10D1A000DB07FAD54B4B5649494A1960136820935F
:10D1B000209BDD07FAD5474B5249454A1960136851
:10D1C0002193219BD807FAD5424B4F4A1A60043C61
:10D1D00039D44FF0170916254FF01A0815211420DD
:10D1E000CDE900011A231622CDE90259FFF7FAFA18
:10D1F000142003468DE82201162201F07BFB08ABC8
:10D2000007AA21461B2000F0E9FC00EB8700043050
:10D21000072816D8DFE800F0A1A8A59D99958404F9
:10D2200012271122102315211420CDE9042703937E
:10D23000CDE90001029517231622FFF725FC4FF0D8
:10D24000FF37023CCAD519201C21162215231824A9
:10D25000CDE90121CDE9030400930E2214230D2111
:10D260000C20FFF7BBFD1A4A002F40F081801368A5
:10D270002693269BDC07FAD5164B2449144A1960DD
:10D2800013682793279BD807FAD51248204B2149CA
:10D29000214C0F4A0460002E14BF1E460E46136830
:10D2A0002893289BD907FAD50A4B094A1E601368B0
:10D2B0002993299BDB07FAD5064B184A1A601823D5
:10D2C0001D221C21012001F029FC2BB0BDE8F083B8
:10D2D000B0B0025080B00250000200210082202134
:10D2E000408220218082242140066E4900966929CF
:10D2F000C0066649C00662490006624100166249DE
:10D3000040D62129C0D32029C0142129C055212964
:10D310004007564940075E490007524900065A49EE
:10D320000E270D220C2315211420CDE90427039389
:10D33000CDE90001029517231622FFF7A5FB002770
:10D340007FE718271D221C23EDE718271D221C2329
:10D3500069E7182719221C23E5E712271322102357
:10D36000E1E70E270F22DDE70E270F220C235AE7F5
:10D3700013682293229BD907FAD54C4B4C494D4A4E
:10D38000196013682393239BDB07FAD547484A4B60
:10D390004A494B4C474A0460002E14BF1E460E46B5
:10D3A00013682493249BDF07FAD5404B414A1E6043
:10D3B00013682593259BDD07FAD53C4B414A1A603B
:10D3C0007DE73C4A13681393139BD807FAD5374B74
:10D3D0003D49384A196013681493149BD907FAD54C
:10D3E000324B3A49334A196013681593159BDB0792
:10D3F000FAD52E4B36492F4A196013681693169B9F
:10D40000DF07FAD5294B334A1A604FF0FF37C3E6DE
:10D41000284A13681B931B9BDF07FAD5234B2E4921
:10D42000244A196013681C931C9BDD07FAD51F4B17
:10D430002A49204A196013681D931D9BD807FAD505
:10D440001A4B27491B4A196013681E931E9BD90764
:10D45000FAD5164B234A1A604FF0FF379CE6154A5F
:10D4600013681793179BDD07FAD5104B1649114A1D
:10D47000196013681893189BD807FAD50B4B1349FA
:10D480000C4A196013681993199BD907FAD5074BF1
:10D490000F49084A196013681A931A9BDB07FAD5DB
:10D4A000024B0C4A1A60002776E600BF80B002509B
:10D4B000C0D32029B0B002504007364940073E494A
:10D4C0000007324900063A4900053249400536490D
:10D4D00080053A49C0053E49000542494005464994
:10D4E00080054A49C0054E492DE9F04F0D4687B0E9
:10D4F00004461146284600929846FEF71BFAD4F8D7
:10D50000BC32009904F1D80A1F3306465B09524623
:10D510002846FEF757F9002E70D001286ED0D4E9C6
:10D52000AEB0394B584593F91A2093F91CC00092BC
:10D530004FF0200793F91B2093F91D30059738BF52
:10D54000584605A90192CDF808C0039300F002FCEB
:10D55000074618B1384607B0BDE8F08F2B490BF1EC
:10D560001F094FEA59194B46C1F800B02246012164
:10D5700000F030FD0121084604F5DC72052300F0BF
:10D5800029FD4B4604F1480201210B2000F022FD49
:10D59000D4F8BC329DF808409DF800001F33524675
:10D5A0005B099DF80CA0012100F014FD42464B469A
:10D5B0002046012100F00EFD109A4B4650460121F5
:10D5C00000F008FD06F11F035B099DF804002A46E0
:10D5D000012100F0FFFCFFF749FD11982246494662
:10D5E00000F0CCFC12985246494600F0C7FC059862
:10D5F00000F09AFC384607B0BDE8F08F044F38467B
:10D6000007B0BDE8F08F00BF8834040090B002502E
:10D610003008F10038B5224B224A01210546196035
:10D620001368002BFCD1204A1368002BFCD11F4A41
:10D630001368002BFCD11E4A1368002BFCD11D4B34
:10D640001C68002CFCD14FF0FF30FEF793FE2B6AD4
:10D6500023F00403032B184B18680CBF20F0400084
:10D6600020F08000FEF78CFE144B00221A602B6A1B
:10D6700023F00402032A18BF6C6A114A4FEA83039D
:10D6800018BF04F0010403F01C031C4314602B6A50
:10D69000072B02D10B4B01221A60002038BD00BFBE
:10D6A00000B9025070B4025020BD025020BC02509C
:10D6B00038BD025038BC025004BA0250BCB402500B
:10D6C000C0B402507CB40250002800F0BF80F8B50E
:10D6D0001D46436B0E4617460446002B35D0012BE2
:10D6E00002D1B5F5803F33D265484FF0FF31FEF7E8
:10D6F00011FE002857D10020FEF75CFE00284ED115
:10D70000604B01221A60236A032B28DC002B28DAE5
:10D710005D4A1368002BFCD15A4A1360236A23F038
:10D720000403032B594B18680CBF40F0400040F035
:10D730008000FEF725FE0120FEF73CFE002836D1D2
:10D740004F48FEF701FE28B9F8BDB5F5805FCBD391
:10D750004F48F8BD4F48FEF78BFD0020F8BD072B62
:10D76000D6D1636A012BD3D8636B012BD0D8A36BBE
:10D77000012BCDD82046FFF74DFF0028C8D1A36A62
:10D78000012B6CD033F0020263D0236A5A1E062AA2
:10D790001BD8DFE802F0104B101A1A1A10003E488E
:10D7A000FEF766FDACE73D48FEF762FDA3E73C48A7
:10D7B000FEF75EFDC4E73B4B22681A6062685A6060
:10D7C000A2689A60E268DA60236A23F00403032BFC
:10D7D00031D0A36B012B4CD0334A344B176020203F
:10D7E0001D60636B012B2CD0314A324B16601D60DB
:10D7F000FEF7CCFD244A1368002BFCD1236A013BC1
:10D80000062B10D8DFE803F00414040F0F0F0400F8
:10D81000244A294B126822601A6862605A68A26022
:10D8200008331B68E3600123236371E7234BC3E7DD
:10D83000224A234BEEE7636B012B01D01020D3E784
:10D840004020204A204B16601D60D1E74FF4710044
:10D8500070471E491E4A0B600123136095E71D4B5C
:10D8600022691A6062695A60A2699A60E269DA60A4
:10D870008BE7194A194B176080201D60B1E700BF84
:10D88000F897002010B8025010B9025004BA0250A4
:10D890000500F1006C3204008432040054320400AC
:10D8A000A432040040B4025030BD025034BD0250D6
:10D8B00030BC025034BC025044B4025060B4025038
:10D8C00064B4025028BC02502CBC025038BA02503A
:10D8D00078B4025000B4025028BD02502CBD025052
:10D8E0002DE9F041002800F081801D46036A072BD6
:10D8F0000F46044616D055B9032B0FD1036B6BB9F5
:10D90000C0E90F55C0E9115500F13C0710252B4621
:10D9100039462046BDE8F041FFF7D6BE2E463046D8
:10D92000BDE8F081436B002B37D1B5F5805F39D26C
:10D9300015B9236B002B35D167484FF0FF31FEF747
:10D94000E9FC002840F097800020FEF733FD002816
:10D9500040F09980614B01221A60236A032B23DC7B
:10D96000002B23DA5E4E5F4A1368002BFCD15B4923
:10D970005D4A0B60106840F04000FEF701FD012099
:10D98000FEF718FD00287AD15348FEF7DDFC002889
:10D99000C5D05648FEF76CFCC1E7012BC8D1B5F5E0
:10D9A000803FC5D3524EBAE7072BDBD1636A012B08
:10D9B00078D8636B012B57D8A36B012B00F28480BE
:10D9C0002046FFF727FE06460028CCD1A36A012B8C
:10D9D0006AD033F0020271D0236A013B062B13D8C0
:10D9E000DFE803F009440912121209004FF471062E
:10D9F0003046BDE8F0813F4B22681A6062685A6089
:10DA0000A2689A60E268DA603B493C4A01230B60F5
:10DA10001560002D3BD1226B0AB9394A1360314B96
:10DA20001E68002EFCD1236A013B062B9BD801A265
:10DA300052F823F051DA030071DA030051DA0300DF
:10DA400067D9030067D9030067D9030051DA0300DF
:10DA5000284A2C4B126822601A6862605A68A260D9
:10DA600008331B68E3607EE7274E7CE7274BC3E75C
:10DA7000264A274BEEE72748FEF7FAFB64E72648DD
:10DA8000FEF7F6FB80E72548FEF7F2FB62E7636BE3
:10DA9000012B1BD0224A234B176010201D60FEF77C
:10DAA00075FCBCE7204E5EE7204B22691A60626974
:10DAB0005A60A2699A60E269DA608DE71C491D4AE2
:10DAC0000B600123136087E71B4E4CE71B4A1C4B7E
:10DAD000176040201D60E2E7F897002010B8025060
:10DAE0000100F10010B9025004BA02506C32040077
:10DAF0000500F10040B402507CB40250BCB40250A6
:10DB000024B5025044B402500300F10060B4025046
:10DB100064B4025054320400A4320400843204007D
:10DB200030BC025034BC02500200F10000B402507C
:10DB300038BA025078B402500400F10028BC0250F8
:10DB40002CBC025030B4214A84B013680093009B6F
:10DB5000DC07FAD500F1A05303F52C439B001B4AC8
:10DB6000186813680193019BD907FAD5184B1A68F6
:10DB700012F11F0348BF02F13E035B11591E0FD47F
:10DB8000124A144D144C13680393039BDB07FAD518
:10DB90000B182B6023680293029B2BB90139F2D238
:10DBA000580104B030BC704701314801A0F1200198
:10DBB0004FF0004202E001388142F2D013424FEAB6
:10DBC0005202F8D004B030BC704700BFB4B002506D
:10DBD000ACB00250E4B00250DCB0025070B41C682B
:10DBE00085B001F01F0644B91E2E06D01068F04023
:10DBF00000F0030005B070BC70470F4D2C68019415
:10DC0000019CE407FAD500F1A05404F52C44A400CB
:10DC1000094D20682C680394039CE407FAD5074C4F
:10DC200000EB6111064821600168029102991160C0
:10DC300000211960DAE700BFB4B00250E4B002502E
:10DC4000DCB00250A0F12003B3F5426F61D8F0B40C
:10DC50008F2882B053D900F11F035B095B013F336A
:10DC60009B09013311B18B4255D80B46DC004FF4B0
:10DC70008051B1FBF4F1202928BF202102B11160AD
:10DC8000264C274D0126002226600239144603FA4D
:10DC900006F640F6FC778C4204F10104B6BF2A6018
:10DCA0002F6092191E2C05F10405F4D11D4C1E4D58
:10DCB000226032442A6000F13F011C4A1C4DDFF80B
:10DCC00090C0E56021F03F0110604031194F1A4EBD
:10DCD0001A4D1B48CCF800109B011A493B60336079
:10DCE0002B60E3620360D3610A680192019AD20754
:10DCF000FAD5154A0020136002B0F0BC704700F15D
:10DD0000470400F16603E4064FEA5313A6D001333B
:10DD1000A4E70E4870470D48EEE700BF1CB802505C
:10DD200000B0025078B002507CB0025090B0025067
:10DD300020F80F0098B002509CB00250A0B00250E2
:10DD4000A8B00250B4B00250ACB002502221F00092
:10DD500094B0025038B504460D4619484FF0FF31D3
:10DD6000FEF7D8FA60B90020FEF724FB80B9204600
:10DD70002A460021FFF766FF0446A0B9204638BDB9
:10DD80001048FEF775FA0020FEF714FB0028EED0CD
:10DD90000D48FEF76DFA20462A460021FFF752FF94
:10DDA00004460028EAD00120FEF704FB20B904480D
:10DDB000FEF7CAFA204638BD0448FEF759FAF6E7DE
:10DDC000E89700205432040084320400A432040096
:10DDD0002DE9F0434E4C89B023680193019BDD0788
:10DDE000FAD54C4B13449B000A181D681E2A05F1F6
:10DDF0001F0588BF1E224FEA551502FB05F288BF9A
:10DE0000C0F11E01B2F5806F04D94FF48061B1FBFF
:10DE1000F5F1091A002976DD00F1A05000F52C403B
:10DE200005F1010E4FF0000C394ADFF8F4803A4C4E
:10DE300087002EF00106604613680293029BDB0701
:10DE4000FAD5D7F8009013680393039BDB07FAD544
:10DE5000C8F80090002355B101339D422060FBD1EA
:10DE6000AE4204D92B4601339E422060FBD10CF117
:10DE7000010C614507F10407DED1254A13680493BC
:10DE8000049BDC07FAD5254B214A196813680593D2
:10DE9000059BD807FAD5224B19607DB100231E4996
:10DEA0001A4601339D420A60FBD1AE4206D91A4997
:10DEB0002B46002201339E420A60FBD1144A1368AC
:10DEC0000693069BD907FAD5164B114A19681368B1
:10DED0000793079BDB07FAD5114B196035B1002377
:10DEE0000D491A4601339D420A60FBD1AE4207D963
:10DEF000094A002301E00EF1010E76451360FAD1C4
:10DF000009B0BDE8F08305F1010E2EF00106B4E77B
:10DF1000B4B0025024AC0014D8B002507CB002500F
:10DF2000D4B0025078B0025008B558B90F4B002257
:10DF30001A600120FEF73EFA98B90D48FEF704FA80
:10DF400050B908BD202801464FF0070228BF202104
:10DF50000020FFF73DFFE9E7BDE808400548FEF770
:10DF600087B90548FEF784F9E7E700BF1CB80250FF
:10DF7000E89700206C320400A432040010B4124C64
:10DF800085B023680193019BDB07FAD502F1A0520B
:10DF900002F52C4293000C4A1C6813680393039B00
:10DFA000DB07FAD5094B1C6051B10438084A00EB75
:10DFB000810113680293029B40F8043F8842F8D124
:10DFC00005B05DF8044B7047B4B00250E4B00250A5
:10DFD000DCB0025070B42F4D85B02C680094009CCA
:10DFE000E407FAD500F1A05000F52C408000294C40
:10DFF0000568206801900198C607FAD526480126D1
:10E0000005609BB1043A254E02EB830452F8040FDD
:10E010003060A242FAD15E1C26F00102934205D282
:10E020001E4C0020013393422060FBD1194A26F098
:10E03000010013680293029BDC07FAD5184B0B44CE
:10E040009B001B681F33B0EB531F4FEA53121DD2C6
:10E0500010490B680393039BDB07FAD50E4B05446D
:10E06000121A1D6012D000230C4819460133934246
:10E070000160FBD15A1C22F00101994206D90748E0
:10E08000002300E001328A420360FBD105B070BC7E
:10E09000704700BFB4B00250D4B00250D8B00250A4
:10E0A00024AC0014F8B5069E002E33D001292FD8D9
:10E0B000012B31D81C4C074600251C4825600468FC
:10E0C000002CFCD11A4D2C68002CFCD1194D2C6869
:10E0D000002CFCD1184D2C68002CFCD1174D2C685D
:10E0E000002CFCD1012B19D01548164B02602020C2
:10E0F0001E6001290BBF144B144B154A154A1760BB
:10E100001E60FEF743F9144B18680028FCD1F8BDD7
:10E110001248F8BD1248F8BD1248F8BD1248134B1A
:10E12000026080201E60E4E700B9025070B4025023
:10E1300020BD025020BC025038BD025038BC0250F5
:10E1400030BD025034BD02502CBC025034BC0250D1
:10E1500028BC025030BC025010B902500200F4003A
:10E160000100F4000300F40028BD02502CBD025051
:10E170002DE9F043644A93B013680093009BD907DC
:10E18000FAD5624B6249634A196013680193019B97
:10E19000DB07FAD5604B1B68DF0400F1AF805A4AF9
:10E1A00013680293029BDE07FAD5584B5B49594A24
:10E1B000196013680393039BDD07FAD5564B1B6860
:10E1C000DC0400F18580534B554E4F494F4FDFF82B
:10E1D0006CC14FF00109DFF868E1524D00241A6864
:10E1E0000492049AD007FAD530681A680692069A03
:10E1F000D207FAD5CEF800002A680592059A12B91E
:10E200005DE052080134D007FBD514F01F0568D13A
:10E210001D680995099DE807FAD5434DD5F800809A
:10E220001D680B950B9DED07FAD5DFF814E13D4D08
:10E23000CEF800802D680A95E0070A9D05D505F007
:10E240000704032C4AD0052C48D002F00302032A0D
:10E2500005D105F00305032D08BFC9F100090A68BF
:10E260000C920C9AD407FAD5304A3A600A680D929B
:10E270000D9AD007FAD52E4A3A600A680E920E9A85
:10E28000D207FAD52B4A3A600A680F920F9AD5073F
:10E29000FAD5294A3A600A681092109AD407FAD53A
:10E2A0001B4A3A601A681192119AD007FAD51A4A95
:10E2B0001268D2048FD5484613B0BDE8F0830A68CF
:10E2C0000792079AD207FAD5C7F800C0203486E72C
:10E2D0004FF00109484613B0BDE8F083C9F10009C9
:10E2E000B3E7DFF860E0013D4EEA053E0D680895B2
:10E2F000089DED07FAD5C7F800E089E74FF000095F
:10E30000484613B0BDE8F083B0B0025080B0025070
:10E3100000082A51B4B0025088B0025000182A51A7
:10E3200028B00250DCB002502CB0025000032A4941
:10E3300080022E49C0C228A1C002324980F2296160
:10E34000E4B00250800228612DE9F047894ABAB052
:10E3500013680093009BD807FAD5874B8749884AF2
:10E36000196013680193019BD907FAD5854B1B6887
:10E37000DB0400F19181824A13680393039BDE075B
:10E38000FAD5814B7E4A196813680593059BDD0712
:10E39000FAD57E4A7E4B11601B680493049F07F0F8
:10E3A0000303032B00F0748207F00703052B714A67
:10E3B00000F0278113681993199BDC07FAD56E4B7F
:10E3C00074496C4A196013681A931A9BD807FAD5D6
:10E3D000694B714A1A60FFF7CBFE013000F01D82D5
:10E3E000644A13681B931B9BD907FAD562486B4B91
:10E3F0000360013F40F071825E49DFF8D0C1604B9D
:10E40000674E624D624CB8460A681C921C9AD2074D
:10E41000FAD5C0F800C008F120081A681D921D9AAC
:10E42000D707FAD537681A681F921F9AD207FAD50C
:10E430002F6022681E921E9F002FE5D017F0010367
:10E4400011D17F08FE07194603F10103F9D54948A8
:10E4500002682092209AD507FAD5524A464842EAE5
:10E46000013198440160434A13682193219BDC07E2
:10E47000FAD5414B4C493F4A196013682293229BBD
:10E48000D807FAD53C4B494A3A4CDFF84491484EFC
:10E49000414D1A609A4623682393239BD907FAD5E6
:10E4A000CAF8009023682493249BDA07FAD5CAF8A7
:10E4B000006023682593259BDB07FAD5CAF8005036
:10E4C000FFF756FE0130E6D12A4A13682693269BB1
:10E4D000DC07FAD5284B3749264A19601368279379
:10E4E000279BD807FAD5244B3349224A1960136871
:10E4F0002893289BD907FAD51F4B2A491D4A196032
:10E5000013682993299BDB07FAD51B4B2B49194A22
:10E51000196013682A932A9BDE07FAD5164B2849FF
:10E52000144A196013682B932B9BDD07FAD5124808
:10E53000244A104BDFF89C90DFF89CE0224EDFF875
:10E540009CC002601A682C922C9AD407FAD5C0F8A5
:10E5500000901A682D922D9AD107FAD50849094DD5
:10E56000C0F800E000241A682E922E9AD207FAD53D
:10E57000066035E0B0B0025080B002500008125181
:10E58000B4B0025088B0025000B00250E4B0025063
:10E59000DCB0025080021249C0020249C0100229B8
:10E5A0000CB00250C0000C61C0011E41C0111E49D8
:10E5B00080021E49C0311C98C0100E21C030109836
:10E5C00040021249809184A800182651C0F00D61C4
:10E5D000C0111E2140320C88406224884092248859
:10E5E0000A682F922F9AD207FAD52A68D20460D4EB
:10E5F00001341A683092309AD207FAD5C0F800C0B8
:10E60000B1E713680993099BDB07FAD5854B864967
:10E61000864A196013680A930A9BDF07FAD5814B73
:10E620008349824A196013680B930B9BDE07FAD566
:10E630007C4B80497D4A196013680C930C9BDD0765
:10E64000FAD5784B7C497D4A196013680D930D9B70
:10E65000DC07FAD57A4B754A1B68D80440F19280E2
:10E6600013680E930E9BD907FAD56E4B75496F4A06
:10E67000196013680F930F9BDB07FAD5694B72493A
:10E680006A4A196013681093109BDF07FAD5654B2F
:10E690006E4A1A60002054E0644A13680293029B99
:10E6A000DF07FAD55F4B6A4A1A6001203AB0BDE82D
:10E6B000F087002C3FD0A8EB0404012C33D0621E5D
:10E6C00002F01F01002A4FF00107B8BF04F11E023B
:10E6D0008F4051111A683292329AD207FAD55D4AA8
:10E6E000564C026022683392339AD507FAD55A4ABB
:10E6F000524C156822683492349AD207FAD5574C96
:10E70000574A2944216017601A683592359AD20712
:10E71000FAD5544A02601A683692369AD507FAD565
:10E72000514A02600EE71A683192319AD107FAD540
:10E730004E4A026006E707F00303032B40F0C58052
:10E7400001203A4A13683793379BDC07FAD5354BDB
:10E750004749364A196013683893389BD907FAD568
:10E76000304B4449354A196013683993399BDB07AC
:10E77000FAD5334B1B6813F4805F18BF01203AB001
:10E78000BDE8F08713681193119BDE07FAD5254B7E
:10E7900039492A4A196013681293129BDD07FAD58A
:10E7A000274B1B68DC04C3F30030CAD51F4B1A6823
:10E7B0001392139AD107FAD51A4B304A1B491A60A3
:10E7C0000B681493149BDA07FAD5164B1E4A1749A7
:10E7D0001A600B681593159BDB07FAD5114B284A75
:10E7E00012491A600B681693169BDF07FAD50D4B7A
:10E7F000244A0E491A600B681793179BDE07FAD557
:10E80000084B214A09491A600B681893189BDD07C9
:10E81000FAD5044B1D4A1A603CE700203AB0BDE827
:10E82000F08700BF80B0025040120229B0B0025001
:10E83000C01124618071109800181A51B4B00250B0
:10E8400088B002508031022180211861C060109888
:10E85000C0000E410002224120B00250D4B002504C
:10E86000D8B0025040821C98C0900C88C0700C88B0
:10E8700080310C88004818510098185180510229A5
:10E8800040121071C061249840021071C0901C8821
:10E89000343A13680693069BDC07FAD5104B1149EE
:10E8A000114A196013680793079BD807FAD50C4BD8
:10E8B0000E490D4A196013680893089BD907FAD5C9
:10E8C000074B0B4A1A6000203BE707F00707052FAC
:10E8D0004FF001003FF435AFE8E64FF00008ADE53A
:10E8E00080B00250C0100221B0B0025080110C6103
:10E8F000C0601098F0B595B07D4C1A9E370347EA7A
:10E90000864747F0045545F0800526680096009E2E
:10E91000F607FAD51B9C764E920142EA0434754AFA
:10E9200044F01044156044F4002432680192019AC6
:10E93000D507FAD56F4A6E4E146047EA811747F043
:10E9400010478A0134680294029CE407FAD54FEA22
:10E95000033C4CEA834C674B654C1F604CF00456FB
:10E9600046F0800623680393039BDF07FAD5614BCB
:10E970005F4C1E6023680493049BDD07FAD55D4B52
:10E980005D4F5E4C5A4E1C6047EA81478C043368E9
:10E990000593059BDB07FAD5564B554E1F604CF08F
:10E9A000104C4CF4807C33680693069BDD07FAD547
:10E9B000504E534D4E4FC6F800C045EA80158601B3
:10E9C0003B680793079BDB07FAD54A4F4D4BDFF8AF
:10E9D00020C13D6043EA003E0703DCF800300893A5
:10E9E000089BDD07F9D5434DDFF828C1C5F800E0E5
:10E9F0001C9B30354CEA834E2B680993099BDB073F
:10EA0000FAD53C4B3A4DC3F800E02B680A930A9BB9
:10EA1000DB07FAD5374B3C4DDFF8FCC01D60344DA9
:10EA200046EA0C0C2B680B930B9BDB07FAD5314B9A
:10EA30002F4DC3F800C03E4346F0045646F400266E
:10EA40002B680C930C9BDF07FAD52A4D2F4B2E60B9
:10EA500043EA804030352B680D930D9BDE07FAD5D5
:10EA6000244B234D18602B680E930E9BDB07FAD5C1
:10EA7000204B274D1E481D60144344EA013444F0E6
:10EA800004550E0303680F930F9BDF07FAD5194B4C
:10EA900017481D6044F0104403681093109BDB0777
:10EAA000FAD5144B12481C6003681193119BDF07C1
:10EAB000FAD5104B0E481D60164346F0245646F416
:10EAC000101603681293129BDC07FAD5094B08480D
:10EAD0001E600A4342F0484242F4A21203681393B4
:10EAE000139BDB07FAD5034B1A6015B0F0BD00BFCE
:10EAF000B0B0025080B002508020009080200821E9
:10EB000000401021000110218020202980200021B8
:10EB10004021282900410021024010C830B42D4C6A
:10EB200088B0206800900098C507FAD52A4C2B4879
:10EB30002B4D2560303440EA834523680193019BC7
:10EB4000D807FAD5900140EA8240234B214A1D6044
:10EB500040F0104444F4C04413680293029BDB0766
:10EB6000FAD51D4B1B4A1C6013680393039BDD07FA
:10EB7000FAD58B0143EA8141174B1A4D1D60154AA6
:10EB800041F0104545F4C04513680493049BDB072E
:10EB9000FAD5114B0F4A1D6013680593059BDD07DD
:10EBA000FAD50D4B0B4A1C6041F05841136806938F
:10EBB000069BDC07FAD5084B064A196040F058401E
:10EBC00013680793079BDB07FAD5034B186008B05F
:10EBD00030BC7047B0B0025080B0025080710098D5
:10EBE000C0210229806118902DE9F04385B00028EA
:10EBF0004CD00E4600294ED01546002A4DD0002B91
:10EC00003FD0D0F8BC22039305F14C0700F5B67352
:10EC10001F3201F1040905F10408CDE901870093D1
:10EC20005209494600F592730446FEF75DFC07461B
:10EC3000A8B94FF43772214606F15000FDF744FBA6
:10EC4000174B336021464FF4377205F19400FDF7FE
:10EC50003BFB144B2B60384605B0BDE8F083002425
:10EC60004846346021462C604C22FDF731FB40467B
:10EC700021469022FDF72CFB0B4F384605B0BDE82E
:10EC8000F0830A4F384605B0BDE8F083084F384698
:10EC900005B0BDE8F083074FDDE7074FDBE700BFB6
:10ECA000020000EC010000EC3008F0000508F00064
:10ECB0000208F0000308F0000408F0000048704764
:10ECC000D834040000487047B43704000048704747
:10ECD000903A0400004870476C3D040000487047BB
:10ECE000484004000048704724430400004870472F
:10ECF0000046040000487047DC48040000487047A4
:10ED0000B84B040000487047944E04000048704718
:10ED1000705104000B460146184600F02DBE00005D
:10ED200081F0004102E000BF83F0004330B54FEABC
:10ED300041044FEA430594EA050F08BF90EA020F29
:10ED40001FBF54EA000C55EA020C7FEA645C7FEABC
:10ED5000655C00F0E2804FEA5454D4EB5555B8BFDF
:10ED60006D420CDD2C4480EA020281EA030382EA50
:10ED7000000083EA010180EA020281EA0303362DE2
:10ED800088BF30BD11F0004F4FEA01314FF4801CB5
:10ED90004CEA113102D0404261EB410113F0004FC7
:10EDA0004FEA03334CEA133302D0524263EB43037E
:10EDB00094EA050F00F0A780A4F10104D5F1200E1C
:10EDC0000DDB02FA0EFC22FA05F2801841F1000177
:10EDD00003FA0EF2801843FA05F359410EE0A5F14B
:10EDE00020050EF1200E012A03FA0EFC28BF4CF07C
:10EDF000020C43FA05F3C01851EBE37101F0004532
:10EE000007D54FF0000EDCF1000C7EEB00006EEB3E
:10EE10000101B1F5801F1BD3B1F5001F0CD34908C8
:10EE20005FEA30004FEA3C0C04F101044FEA44521F
:10EE300012F5800F80F09A80BCF1004F08BF5FEAA6
:10EE4000500C50F1000041EB045141EA050130BD86
:10EE50005FEA4C0C404141EB0101013C28BFB1F598
:10EE6000801FE9D291F0000F04BF01460020B1FAE3
:10EE700081F308BF2033A3F10B03B3F120020CDAB6
:10EE80000C3208DD02F1140CC2F10C0201FA0CF094
:10EE900021FA02F10CE002F11402D8BFC2F1200CF9
:10EEA00001FA02F120FA0CFCDCBF41EA0C019040AF
:10EEB000E41AA2BF01EB0451294330BD6FEA0404F8
:10EEC0001F3C1CDA0C340EDC04F11404C4F12002E3
:10EED00020FA04F001FA02F340EA030021FA04F3F5
:10EEE00045EA030130BDC4F10C04C4F1200220FA4C
:10EEF00002F001FA04F340EA0300294630BD21FA8A
:10EF000004F0294630BD94F0000F83F4801306BF4F
:10EF100081F480110134013D4EE77FEA645C18BF43
:10EF20007FEA655C29D094EA050F08BF90EA020FDA
:10EF300005D054EA000C04BF1946104630BD91EAD2
:10EF4000030F1EBF0021002030BD5FEA545C05D1D5
:10EF50004000494128BF41F0004130BD14F5800414
:10EF60003CBF01F5801130BD01F0004545F0FE4188
:10EF700041F470014FF0000030BD7FEA645C1ABFBD
:10EF8000194610467FEA655C1CBF0B46024650EAF4
:10EF9000013406BF52EA033591EA030F41F4002120
:10EFA00030BD00BF90F0000F04BF0021704730B5A6
:10EFB0004FF4806404F132044FF000054FF000017B
:10EFC00050E700BF90F0000F04BF0021704730B53C
:10EFD0004FF4806404F1320410F0004548BF404211
:10EFE0004FF000013EE700BF42004FEAE2014FEA66
:10EFF00031014FEA02701FBF12F07F4393F07F4F41
:10F0000081F06051704732F07F4208BF704793F043
:10F010007F4F04BF41F40021704730B54FF4607456
:10F0200001F0004521F000411CE700BF50EA010259
:10F0300008BF704730B54FF000050AE050EA010202
:10F0400008BF704730B511F0004502D5404261EB72
:10F0500041014FF4806404F132045FEA915C3FF4B3
:10F06000D8AE4FF003025FEADC0C18BF03325FEA50
:10F07000DC0C18BF033202EBDC02C2F1200300FA01
:10F0800003FC20FA02F001FA03FE40EA0E0021FA26
:10F0900002F11444BDE600BF70B54FF0FF0C4CF414
:10F0A000E06C1CEA11541DBF1CEA135594EA0C0FC6
:10F0B00095EA0C0F00F0DEF82C4481EA030621EA01
:10F0C0004C5123EA4C5350EA013518BF52EA03353C
:10F0D00041F4801143F4801338D0A0FB02CE4FF0EE
:10F0E0000005E1FB02E506F00042E0FB03E54FF01E
:10F0F0000006E1FB03569CF0000F18BF4EF0010E16
:10F10000A4F1FF04B6F5007F64F5407404D25FEA11
:10F110004E0E6D4146EB060642EAC62141EA5551C4
:10F120004FEAC52040EA5E504FEACE2EB4F1FD0C06
:10F1300088BFBCF5E06F1ED8BEF1004F08BF5FEA84
:10F14000500E50F1000041EB045170BD06F0004636
:10F1500046EA010140EA020081EA0301B4EB5C04E3
:10F16000C2BFD4EB0C0541EA045170BD41F48011DB
:10F170004FF0000E013C00F3AB8014F1360FDEBF00
:10F18000002001F0004170BDC4F10004203C35DADC
:10F190000C341BDC04F11404C4F1200500FA05F35F
:10F1A00020FA04F001FA05F240EA020001F0004200
:10F1B00021F0004110EBD37021FA04F642EB060176
:10F1C0005EEA430E08BF20EAD37070BDC4F10C04A0
:10F1D000C4F1200500FA04F320FA05F001FA04F264
:10F1E00040EA020001F0004110EBD37041F1000150
:10F1F0005EEA430E08BF20EAD37070BDC4F120055B
:10F2000000FA05F24EEA020E20FA04F301FA05F2C2
:10F2100043EA020321FA04F001F0004121FA04F26A
:10F2200020EA020000EBD3705EEA430E08BF20EA3A
:10F23000D37070BD94F0000F0FD101F00046400074
:10F2400041EB010111F4801F08BF013CF7D041EAF6
:10F25000060195F0000F18BF704703F000465200FA
:10F2600043EB030313F4801F08BF013DF7D043EACB
:10F270000603704794EA0C0F0CEA135518BF95EA81
:10F280000C0F0CD050EA410618BF52EA4306D1D108
:10F2900081EA030101F000414FF0000070BD50EA27
:10F2A000410606BF1046194652EA430619D094EAB1
:10F2B0000C0F02D150EA013613D195EA0C0F05D19B
:10F2C00052EA03361CBF104619460AD181EA0301EF
:10F2D00001F0004141F0FE4141F470014FF00000A7
:10F2E00070BD41F0FE4141F4780170BD70B54FF042
:10F2F000FF0C4CF4E06C1CEA11541DBF1CEA1355C2
:10F3000094EA0C0F95EA0C0F00F0A7F8A4EB0504A3
:10F3100081EA030E52EA03354FEA013100F088809A
:10F320004FEA03334FF0805545EA131343EA126363
:10F330004FEA022245EA111545EA10654FEA002618
:10F340000EF000419D4208BF964244F1FD0404F5D1
:10F35000407402D25B084FEA3202B61A65EB03052D
:10F360005B084FEA32024FF480104FF4002CB6EBEA
:10F37000020E75EB030E22BFB61A754640EA0C006A
:10F380005B084FEA3202B6EB020E75EB030E22BFAA
:10F39000B61A754640EA5C005B084FEA3202B6EBEB
:10F3A000020E75EB030E22BFB61A754640EA9C00AA
:10F3B0005B084FEA3202B6EB020E75EB030E22BF7A
:10F3C000B61A754640EADC0055EA060E18D04FEA38
:10F3D000051545EA16754FEA06164FEAC30343EAD8
:10F3E00052734FEAC2025FEA1C1CC0D111F4801FA5
:10F3F0000BD141EA00014FF000004FF0004CB6E79E
:10F4000011F4801F04BF01430020B4F1FD0C88BF3C
:10F41000BCF5E06F3FF6AFAEB5EB030C04BFB6EB47
:10F42000020C5FEA500C50F1000041EB045170BD3A
:10F430000EF0004E4EEA113114EB5C04C2BFD4EB67
:10F440000C0541EA045170BD41F480114FF0000EEB
:10F45000013C90E645EA060E8DE60CEA135594EA67
:10F460000C0F08BF95EA0C0F3FF43BAF94EA0C0F6A
:10F470000AD150EA01347FF434AF95EA0C0F7FF4DF
:10F4800025AF104619462CE795EA0C0F06D152EA33
:10F4900003353FF4FDAE1046194622E750EA410617
:10F4A00018BF52EA43067FF4C5AE50EA41047FF428
:10F4B0000DAF52EA43057FF4EBAE12E74FF0FF3C8D
:10F4C00006E000BF4FF0010C02E000BF4FF0010C5E
:10F4D0004DF804CD4FEA410C7FEA6C5C4FEA430CD7
:10F4E00018BF7FEA6C5C1BD001B050EA410C0CBF26
:10F4F00052EA430C91EA030F02BF90EA020F002088
:10F50000704710F1000F91EA030F58BF994208BFEE
:10F5100090422CBFD8176FEAE37040F001007047AB
:10F520004FEA410C7FEA6C5C02D150EA013C07D102
:10F530004FEA430C7FEA6C5CD6D152EA033CD3D04D
:10F540005DF8040B704700BF8446104662468C4647
:10F550001946634600E000BF01B5FFF7B7FF00287A
:10F5600048BF10F1000F01BD4DF808EDFFF7F4FFA3
:10F570000CBF012000205DF808FB00BF4DF808ED2E
:10F58000FFF7EAFF34BF012000205DF808FB00BF51
:10F590004DF808EDFFF7E0FF94BF012000205DF873
:10F5A00008FB00BF4DF808EDFFF7CEFF94BF012028
:10F5B00000205DF808FB00BF4DF808EDFFF7C4FF21
:10F5C00034BF012000205DF808FB00BF4FEA410274
:10F5D00012F5001215D211D56FF47873B3EB6252A5
:10F5E00012D94FEAC12343F0004343EA505311F0CC
:10F5F000004F23FA02F018BF404270474FF000005E
:10F60000704750EA013005D111F0004008BF6FF09B
:10F61000004070474FF00000704700BF53B94AB92F
:10F62000002908BF00281CBF4FF0FF314FF0FF300A
:10F6300000F082B9ADF1080C6DE904CE00F01AF8C3
:10F64000DDF804E0DDE9022304B07047430803F06D
:10F650005533C01A830803F0333300F033301844B5
:10F6600000EB101000F00F3000EB002000EB00402A
:10F67000000E70472DE9F047089D04468C46002B8C
:10F6800040F083808A42174647D9B2FA82F242B1EB
:10F69000C2F1200024FA00F09140974040EA010CAA
:10F6A00094404FEA1748230CBCFBF8F61FFA87FE7C
:10F6B00008FB16C143EA014306FB0EF1994209D942
:10F6C000FB1806F1FF3080F01981994240F2168153
:10F6D000023E3B445B1AA4B2B3FBF8F008FB1033C4
:10F6E00044EA034400FB0EFEA64509D93C1900F18B
:10F6F000FF3380F00581A64540F2028102383C4488
:10F7000040EA0640A4EB0E0400261DB1D4400023BD
:10F71000C5E900433146BDE8F08702B9FFDEB2FA21
:10F7200082F2002A50D1CB1B4FEA174E1FFA87F8FE
:10F730000126B3FBFEFC210C0EFB1C3341EA034106
:10F7400008FB0CF38B4207D979180CF1FF3002D279
:10F750008B4200F2E9808446C91AA3B2B1FBFEF0E5
:10F760000EFB101143EA014408FB00F8A04507D93D
:10F770003C1900F1FF3302D2A04500F2D9801846AF
:10F78000A4EB080440EA0C40BFE78B4209D9002DE6
:10F7900000F0B1800026C5E9000130463146BDE8E1
:10F7A000F087B3FA83F6002E4AD18B4202D382420D
:10F7B00000F2B880841A61EB030101208C46002D11
:10F7C000A8D0C5E9004CA5E7C2F1200320FA03F652
:10F7D000974001FA02F04FEA174ED9403043030C2C
:10F7E000B1FBFEF61FFA87F80EFB161143EA014340
:10F7F00006FB08F1994204FA02F409D9FB1806F154
:10F80000FF3C80F08D80994240F28A80023E3B446A
:10F810005B1A81B2B3FBFEF00EFB103341EA0341E9
:10F8200000FB08F38B4207D9791800F1FF3C73D233
:10F830008B4271D902383944CB1A40EA064678E740
:10F84000C6F1200C03FA06F422FA0CF31C4320FA4A
:10F850000CF701FA06F34FEA144E21FA0CF11F439C
:10F860003B0CB1FBFEF91FFA84F80EFB191143EAB9
:10F87000014109FB08FA8A4502FA06F200FA06F38A
:10F8800008D9611809F1FF3048D28A4546D9A9F153
:10F8900002092144A1EB0A01BFB2B1FBFEF00EFB4D
:10F8A000101147EA014700FB08F8B84507D9E719E6
:10F8B00000F1FF312ED2B8452CD90238274440EA56
:10F8C0000940A7EB0807A0FB02894F45C6464946F9
:10F8D0001AD317D05DB1B3EB0E0267EB010707FA3D
:10F8E0000CFCF2404CEA0202F740C5E90027002672
:10F8F0003146BDE8F0872E4628460BE70646E9E686
:10F900001846FDE64345E5D2B8EB020E69EB04016B
:10F910000138DFE70846D2E760468DE78146B9E760
:10F92000664675E730464AE7ACF1020C394413E706
:10F9300002383C4424E700BF704700BF1FB514469F
:10F940001A46094B1B680546D8684CB1074B009115
:10F95000CDE9013406492B4600F036F801F06EF986
:10F96000044B1C46F3E700BF6C6100204C540400BC
:10F97000595404008754040010B5054C13462CB1AB
:10F980000A4601460220AFF3008010BD2046FCE786
:10F9900000000000014B1868704700BF6C61002038
:10F9A00008B5074B044613B10021AFF30080054BA7
:10F9B0001868836A03B19847204602F0E1FF00BF50
:10F9C00000000000885404000EB403B5014603ABE8
:10F9D000054853F8042B0068019300F0A3F902B026
:10F9E0005DF804EB03B070476C61002070B50D4DFD
:10F9F0000D4C641BA4100026A64209D10B4D0C4CE3
:10FA000002F0C0FF641BA4100026A64205D170BD01
:10FA100055F8043B98470136EEE755F8043B984704
:10FA20000136F2E73C6300203C6300203C63002089
:10FA30005C630020024B0146186800F0EFB800BF7D
:10FA40006C610020024B0146186800F097B800BFB7
:10FA50006C610020000000000000000000000000B9
:10FA600001F0FF01102A2BDB10F0070F08D010F86F
:10FA7000013B013A8B422DD010F0070F42B3F6D173
:10FA8000F0B441EA012141EA014122F007047FF08C
:10FA900000070023F0E80256083C85EA010586EAE3
:10FAA000010685FA47F5A3FA87F586FA47F6A5FA1F
:10FAB00087F68EB9EED1F0BC01F0FF0102F007022B
:10FAC00032B110F8013B013A83EA010313B1F8D1D6
:10FAD0000020704701387047002D06BF35460338B7
:10FAE000073815F0010F07D1013015F4807F02BFF0
:10FAF000013015F4C03F0130F0BC0138704700BF41
:10FB000030B501390024A24201D1002005E0035D97
:10FB100001340D5DAB42F6D0581B30BD0A44914212
:10FB200000F1FF3300D1704710B511F8014B03F815
:10FB3000014F9142F9D110BD884210B501EB02048A
:10FB400002D98442234607D8431EA14208D011F8A7
:10FB5000012B03F8012FF8E7024401468A4200D145
:10FB600010BD13F8014D02F8014DF7E702440346BA
:10FB7000934200D1704703F8011BF9E737B500291C
:10FB800048D051F8043C0190002BA1F10404B8BF07
:10FB9000E41802F0F9F8204A01981368154633B9C1
:10FBA0006360146003B0BDE8304002F0F3B8A342D4
:10FBB0000BD921686218934204BF1A685B686360BE
:10FBC00004BF521822602C60ECE71A465B680BB148
:10FBD000A342FAD911685518A5420BD124682144D3
:10FBE0005418A3421160DDD11C685B685360214446
:10FBF0001160D7E702D90C230360D3E725686119A8
:10FC00008B4204BF19685B68636004BF49192160B7
:10FC10005460C7E703B030BD50950020F8B5CD1C47
:10FC200025F0030508350C2D38BF0C25002D0646A0
:10FC300001DBA94203D90C2333600020F8BD02F098
:10FC4000A3F821490A6814469CB9204F3B6823B9A0
:10FC50002146304600F008FE38602946304600F064
:10FC600003FE431C23D10C233360304602F092F88C
:10FC7000E3E723685B1B17D40B2B03D923601C44D9
:10FC8000256004E06368A2420CBF0B6053603046FD
:10FC900002F080F804F10B00231D20F00700C21AC7
:10FCA000CCD01B1AA350C9E722466468CCE7C41C19
:10FCB00024F00304A042E3D0211A304600F0D4FD22
:10FCC0000130DDD1CFE700BF5095002054950020D2
:10FCD0009368013B002B10B4936008DA9469A34247
:10FCE00001DB0A2903D15DF8044B00F0E7BE13687D
:10FCF000581C1060197008465DF8044B7047F8B541
:10FD000006460F461446D518AC4201D1002007E044
:10FD100014F8011B3A463046FFF7DAFF431CF3D1D3
:10FD2000F8BD00002DE9F04F0D469DB014469846F1
:10FD3000064618B183690BB901F00AFF894B9D4251
:10FD40001BD175686B6ED90705D4AB899A0502D4AF
:10FD5000A86D01F0A0FFAB891B0701D52B69EBB99A
:10FD60002946304600F0FCFEC0B16B6EDC070ED5B4
:10FD70004FF0FF301DB0BDE8F08F7B4B9D4201D1AD
:10FD8000B568DFE7794B9D4208BFF568DAE7AB89D4
:10FD90009805EDD4A86D01F07FFFE9E700230993F2
:10FDA00020238DF82930CDF80C803023DFF8C08176
:10FDB0008DF82A304FF0010923469A4613F8012B9B
:10FDC0000AB1252AF9D1BAEB040B0BD05B462246C7
:10FDD00029463046FFF793FF013000F0AA80099AC8
:10FDE0005A4409929AF80030002B00F0A2800023B8
:10FDF0004FF0FF32CDE905230AF1010A049307937E
:10FE00008DF853301A935446052214F8011B5848B4
:10FE1000FFF726FE049AD8B9D10644BF20238DF8F7
:10FE20005330130744BF2B238DF853309AF800301A
:10FE30002A2B15D0079A544600204FF00A0C214671
:10FE400011F8013B303B092B4ED9B0B1079214E0B9
:10FE5000A0EB080309FA03F313430493A246D2E785
:10FE6000039B191D1B680391002BBBBF5B4242F033
:10FE7000020207930793B8BF049223782E2B0CD16C
:10FE800063782A2B35D1039B1A1D1B680392002B24
:10FE9000B8BF4FF0FF3302340593DFF8E4A02178B8
:10FEA00003225046FFF7DCFD40B14023A0EB0A00DF
:10FEB00003FA00F0049B03430134049314F8011B7C
:10FEC0002C488DF828100622FFF7CAFD00283FD0E5
:10FED000294B1BBB039B073323F007030833039312
:10FEE000099B3B44099367E70CFB02320C46012057
:10FEF000A5E700230134059319464FF00A0C20466C
:10FF000010F8012B303A092A03D9002BC5D00591EE
:10FF1000C3E70CFB012104460123F0E703AB009388
:10FF20002A46164B04A9304600F0CCF80746781C48
:10FF3000D6D16B6ED90705D4AB899A0502D4A86DCA
:10FF400001F0AAFEAB895B063FF512AF099811E7F5
:10FF500003AB00932A46094B04A9304600F056FB38
:10FF6000E4E700BF0056040020560400E0550400FA
:10FF70008C54040096540400C5000400FFFC0300E8
:10FF8000925404002DE9FF4755EC104B002D0E460E
:10FF900019462B46BBBF05F100431D4600232D2308
:10FFA0000B700D9BDDF830A0914623F02008BCBFFC
:10FFB00022461446B8F1460F05D0B8F1450F00D1DE
:10FFC0000136022100E0032103AB019302AB009351
:10FFD00045EC104B5346324600F0C2FEB8F1470FD5
:10FFE000074602D119F0010F22D0B8F1460F07EBF6
:10FFF000060910D13B78302B0AD10022002320467D
:020000024000BC
:100000002946FFF7B1FA18B9C6F10106CAF800602F
:10001000DAF8003099440022002320462946FFF7F1
:10002000A3FA08B1CDF80C903022039B4B4507D3BF
:10003000039B0E9ADB1B3846136004B0BDE8F087C3
:10004000591C03911A70F0E7F7B503460029B8BFB1
:10005000494203F8022BB4BF2D222B2209294270FA
:100060002ADD0DF10704A4460A27A6460A4691FB9D
:10007000F7F607FB16153035632A04F1FF340EF846
:10008000015C3146F1DC3031AEF1020504F8011CAF
:10009000441C294661450AD30DF10902A2EB0E0268
:1000A000654588BF00221344181A03B0F0BD11F84B
:1000B000012B04F8012FEDE7302330318370C1703C
:1000C000031DF1E72DE9F04F2DED028B8DB00C46AD
:1000D000DDF8608016461F46054601F0D7FDD0F8D2
:1000E00000A0504600F025FC00230A9323680593E6
:1000F000D8F8003094F818B0073323F0070303F161
:100100000802C8F80020D3E90023C4E91223D4E987
:10011000128929F000430793CDF8188008EE100AE1
:100120009F4BDDE906014FF0FF3202F0DBFB88BB9D
:10013000DDE906019A4B4FF0FF32FFF729FA48BB81
:100140000022002340464946FFF718FA10B12D233C
:1001500084F84330934B9448BBF1470F94BF9846C3
:10016000804603232361059B23F0040222604FF0A5
:100170000009009733460BAA2146284600F0D8F91B
:10018000013040F090804FF0FF300DB0BDEC028B9D
:10019000BDE8F08F42464B464046494602F0A2FB7E
:1001A00040B14B46002BBCBF2D2384F843307F4821
:1001B0007F4BD1E763680BF0DF0206925A1C3FD1F8
:1001C00006236360059B616843F480620023039308
:1001D0000AABCDE901B309AB49EC108B0093226067
:1001E0000DF123032846FFF7CDFE069B0999472B07
:1001F000804608D1C81C02DB6368994241DDABF13F
:10020000020B5FFA8BFBBBF1650F20D801395A4610
:1002100004F150000991FFF717FF0A9A1318012AF9
:100220008146236102DC2268D20701D501332361B4
:100230009DF82330002B9CD02D2384F8433098E781
:10024000069A472ABED1002BBCD10123B9E7BBF1E6
:10025000660F18D1002963680BDD216113B922688C
:10026000D00702D501330B442361A1654FF000098B
:10027000DEE713B92268D20701D50233F4E7012380
:10028000F2E74FF0670B0A9B994205DB2368216177
:10029000D807EAD54B1CE7E70029D4BFC1F1020219
:1002A00001221344E0E723685A0507D42369424634
:1002B00031462846B84701302CD164E7BBF1650FC1
:1002C00040F2E080D4E9120100220023FFF74CF94C
:1002D000002834D0374A012331462846B847013038
:1002E0003FF451AFDDE909239A4202DB2368D807C6
:1002F00010D518EE103A524631462846B84701301C
:100300003FF441AF4FF0000804F11A090A9B013B8A
:10031000434509DC23689B0700F10581E0680B9BDE
:100320009842B8BF184630E701234A46314628466E
:10033000B84701303FF427AF08F10108E6E7099B11
:10034000002B39DC1B4A012331462846B8470130CF
:100350003FF419AFDDE90923134302D12368D9071C
:10036000D8D518EE103A524631462846B8470130E3
:100370003FF409AF4FF0000904F11A0A099B5B42F0
:100380004B4501DC0A9B92E7012352463146284641
:10039000B84701303FF4F7AE09F10109EEE700BFBD
:1003A000FFFFEF7F9D540400A1540400A9540400F2
:1003B000A5540400AD5404000A9AA36D9A42A8BF44
:1003C0001A46002A914637DC4FF0000B29EAE979FA
:1003D00004F11A02A36D0593A3EB09035B4533DC1B
:1003E000DDE909239A423BDB2368DA0738D40A9A0D
:1003F000059B0999D31AA2EB01099945A8BF994613
:10040000B9F1000F35DC4FF0000829EAE97904F171
:100410001A0ADDE909239B1AA3EB090343457FF779
:1004200079AF0123524631462846B84701303FF4A0
:10043000AAAE08F10108ECE71346314642462846C9
:10044000B8470130C0D19EE60123314628460592C7
:10045000B84701303FF497AE059A0BF1010BB9E7AD
:1004600018EE103A524631462846B8470130BED100
:1004700089E6059A4B46424431462846B847013042
:10048000C1D180E60A9A012A01DCDB0738D50123B5
:10049000424631462846B84701303FF474AE18EE64
:1004A000103A524631462846B84701303FF46BAE09
:1004B000D4E9120100220023FFF756F8D8B90A9BAD
:1004C00008F10102013B31462846B84701300ED100
:1004D00059E60123524631462846B84701303FF4D9
:1004E00052AE08F101080A9B013B4345F1DC4B4643
:1004F00004F15002DCE64FF0000804F11A0AF2E7BA
:1005000001234246DFE701234A4631462846B847E1
:1005100001303FF438AE08F10108E3680B995B1A2B
:100520004345F0DCFAE64FF0000804F11909F4E75E
:100530002DE9F047164699468A680B69DDF8208058
:100540009342B8BF1346336091F8432007460C46E8
:100550000AB1013333602368990642BF336802331E
:100560003360256815F0060506D104F1190AE36821
:1005700032689B1AAB4226DC94F84320131E226893
:1005800018BF012392062BD404F143024946384692
:10059000C04701301ED02368E568326803F00603C7
:1005A000042B08BFAD1AA36822690CBF25EAE575C4
:1005B00000259342C4BF9B1AED1800261A34B54299
:1005C0001AD1002008E00123524649463846C04768
:1005D000013003D14FF0FF30BDE8F0870135C6E7A9
:1005E000E1185A1C302081F84300224494F8451049
:1005F00082F843100233C7E70123224649463846B2
:10060000C0470130E6D00136D9E700002DE9FF47A9
:100610000C469146277E0C99782F80469A4604F125
:10062000430207D8622F0AD8002F00F0D880582F35
:1006300000F0A38004F1420684F842703AE0A7F18A
:100640006303152BF6D801A050F823F0A50604008B
:10065000B90604003506040035060400350604001A
:1006600035060400B906040035060400350604000A
:100670003506040035060400C5070400E906040039
:10068000A70704003506040035060400E707040048
:1006900035060400E90604003506040035060400AA
:1006A000AF0704000B681A1D1B680A6004F14206BC
:1006B00084F842300123A3E0256808682E0600F183
:1006C00004030AD505680B60002D03DA2D236D4263
:1006D00084F843305E480A2319E015F0400F05689E
:1006E0000B6018BF2DB2EFE70B682568181D086076
:1006F000280601D51D6802E06906FBD51D8854480F
:100700006F2F0CBF08230A23002184F8431066686A
:10071000A660002EA2BF216821F0040121600DB95E
:10072000002E4DD01646B5FBF3F103FB1157C75D04
:1007300006F8017D2F46BB420D46F4D9082B0BD19C
:100740002368DF0708D5236961689942DEBF30233B
:1007500006F8013C06F1FF36921B2261CDF800A09D
:100760004B4603AA21464046FFF7E2FE01304CD13A
:100770004FF0FF3004B0BDE8F087354884F845708D
:1007800023680E681F0656F8045B0E6014D5D9075F
:1007900044BF43F0200323601DB9236823F02003E6
:1007A00023601023B0E7236843F0200323607823FD
:1007B000284884F84530E3E75E0648BFADB2E6E777
:1007C0001646BBE70B68266860691D1D0D6035067F
:1007D0001B6801D5186002E07106FBD51880002364
:1007E00023611646BAE70B681A1D0A601E68626824
:1007F00000213046FFF734F908B1801B6060636860
:100800002361002384F84330A8E723693246494630
:100810004046D0470130ABD023689B0713D4E06833
:10082000039B9842B8BF1846A4E7012332464946C5
:100830004046D04701309BD00135E36803995B1AED
:10084000AB42F2DCEBE7002504F11906F5E700BF47
:10085000AF540400C0540400024B0A460146186815
:1008600001F0BABD6C61002038B5064D0023044686
:1008700008462B60F8F768FE431C02D12B6803B1D1
:10088000236038BD089800200EB400B59CB01DABA5
:10089000029006906FF000410948079104910949C0
:1008A00053F8042B05910068019302A901F016FE8C
:1008B000029B00221A701CB05DF804EB03B0704775
:1008C0006C6100200802FFFF10B502461478134641
:1008D0000132002CFAD1013B11F8012B03F8012F52
:1008E000002AF9D110BDC9B2034610F8012B1AB184
:1008F0008A42F9D118467047002918BF0023F9E74A
:10090000034611F8012B03F8012B002AF9D1704797
:1009100070B503461E4613F8014B44B14A1E01E070
:10092000A54204D012F8015F002DF9D1F2E7301A88
:1009300070BD034613F8012B002AFBD1181A0138A9
:10094000704710B50139034632B111F8014F03F871
:10095000014B013A002CF7D11A440021934200D1F7
:1009600010BD03F8011BF9E738B503460C4669B919
:10097000BDE83840FFF7B7BF431C0546214618467F
:10098000FFF7B1FF0028F7D1284638BD0025F5E76D
:1009900070B503461E4613F8014B3CB14A1E01E0F8
:1009A000A542F7D012F8015F002DF9D1301A70BDC1
:1009B0002DE9F0433B4E86468C4660461CF8014BC1
:1009C000A55D15F00805F8D12D2C34D19CF8004018
:1009D0004FF0010800F1020C002B5ED0102B0CD15F
:1009E000302C0AD19CF8000000F0DF0058284FD1CD
:1009F0009CF8014010230CF1020C4FF0FF3700254A
:100A0000B7FBF3F703FB07F96FEA09092846A4F1DE
:100A10003006092E18D83446A34224DD002D1FDBF2
:100A200087421DD301D1A1451ADB00FB03400125FC
:100A30001CF8014BEBE72B2C08BF9CF80040A846A4
:100A400008BF00F1020CC7E7A4F14106192E01D836
:100A5000373CE1E7A4F16106192E04D8573CDBE7E7
:100A60004FF0FF35E4E7002D07DA2223CEF80030FF
:100A70004FF0FF3042B9BDE8F083B8F1000F00D06D
:100A80004042002AF7D00DB10CF1FF311160F2E7BE
:100A90003024002BB1D10823AFE7302CA2D00A2399
:100AA000ABE700BFD254040013460A460146024891
:100AB0000068FFF77DBF00BF6C610020F8B50E46EF
:100AC0001446054618B183690BB901F041F8214B72
:100AD0009C422BD16C68A369A360A3891A072FD508
:100AE00023696BB323692068C01A6369F6B2834235
:100AF000374604DC2146284600F096FF30BBA36849
:100B0000013BA36023685A1C22601E706369013098
:100B1000834204D0A389DB0706D50A2E04D12146DF
:100B2000284600F081FF88B93846F8BD0A4B9C4240
:100B300001D1AC68CFE7094B9C4208BFEC68CAE71B
:100B40002146284600F00CF80028CBD04FF0FF37A4
:100B5000EAE700BF0056040020560400E0550400F8
:100B6000324B70B51D6806460C4625B1AB6913B90A
:100B7000284600F0EDFF2E4B9C420FD16C68A389F4
:100B8000B4F90C2019072CD4DD0611D409233360E5
:100B900042F04003A3814FF0FF303EE0254B9C42E2
:100BA00001D1AC68EBE7244B9C4208BFEC68E6E758
:100BB000580712D5616B41B104F14403994202D048
:100BC0003046FEF7DBFF00236363A38923F0240391
:100BD000A3810023636023692360A38943F0080392
:100BE000A38123694BB9A38903F42073B3F5007F74
:100BF00003D02146304601F075F8A089B4F90C20E5
:100C000010F001030AD00023A36063695B42A36173
:100C1000236943B910F08000BAD170BD810758BF75
:100C20006369A360F4E70020F7E700BF6C61002070
:100C30000056040020560400E055040008B50620C4
:100C400001F074FD012001F09BFE2DE9F74F0369CF
:100C50000C69A3420746C0F28180013C01F11408EF
:100C600000F1140505EB8403019358F8243055F87E
:100C7000242001339A424FEA840B08EB8409B2FB2B
:100C8000F3F631D34FF0000E4046AC46F24650F832
:100C9000042B93B206FB03E34FEA134E9BB2AAEB7D
:100CA0000303120CDCF800A006FB02E213FA8AF33D
:100CB0004FEA124E1FFA82FADCF80020CAEB124209
:100CC00002EB23429BB243EA024381454CF8043BCA
:100CD0004FEA224ADBD255F80B302BB9019B043B7B
:100CE0009D421A462ED33C61384601F084FA002812
:100CF00024DB013628464FF0000C58F8042BD0F8BE
:100D000000E093B2ACEB0303120C13FA8EF3C2EBC8
:100D10001E4202EB23429BB243EA0243C14540F824
:100D2000043B4FEA224CE8D255F8242005EB84031B
:100D300022B9043B9D421A460AD33C61304603B0B7
:100D4000BDE8F08F1268043B002ACCD1013CC7E714
:100D50001268043B002AF0D1013CEBE70020EEE7EB
:100D60002DE9F04F2DED028B57EC106B95B0456AD5
:100D7000DDF880800591CDE90267044609920F9362
:100D80003DB91020F6F76EF8C0E9015560620560C4
:100D9000C560636A196851B15A684A60012393407B
:100DA0008B60204601F030F8636A00221A603B1E17
:100DB000B9BF23F0004303930023C8F80030DDF8E7
:100DC0000C90B74BBCBF0122C8F8002033EA0903DE
:100DD0001BD10F9A42F20F731360C9F3130333430D
:100DE00000F07585219B63B9AE4B25E0AE4B0093B7
:100DF0000833219A1360009815B0BDEC028BBDE852
:100E0000F08FA84B00930333F3E79DED027B0022A4
:100E100051EC170B00238DED0A7BFEF7A5FB8046F6
:100E200060B10F9A01231360219B002B00F04C85C9
:100E30009E4B219A1360013B0093DCE79DED0A0B6A
:100E400012AA13A9204601F068FAC9F30A5582468E
:100E5000002D7ED00B9BCDF84080C3F31303DDE95A
:100E60000A6743F07F5747F44017A5F2FF35904BD0
:100E7000002230463946FDF757FF83A3D3E900230C
:100E8000FEF70AF982A3D3E90023FDF74FFF0646D8
:100E900028460F46FEF796F87FA3D3E90023FEF716
:100EA000FBF802460B4630463946FDF73FFF064643
:100EB0000F46FEF78BFB0022814600233046394661
:100EC000FEF75CFB48B14846FEF77CF832463B46ED
:100ED000FEF74AFB08B909F1FF39B9F1160F56D8E8
:100EE000744B03EBC903D3E90023DDE90A01FEF7E4
:100EF00045FB00284DD009F1FF3900230E93129BCA
:100F00005D1B6B1E049343BF0023C5F101080493CE
:100F10004FF00008B9F1000F3DDB049BCDF8349091
:100F20004B44049300230693059B092B00F29A80FF
:100F3000052BC4BF043B0593059BA3F10203CCBF63
:100F400000250125032B00F29980DFE803F02C7DBA
:100F50007B89DDE912531D4405F23243202BC1BFCA
:100F6000C3F1400305F2124009FA03F326FA00F038
:100F7000DABFC3F1200306FA03F01843FEF712F8B4
:100F800001230646A1F1F877013D10936FE7012395
:100F9000B4E70E90B3E7C9F1000306930023A8EB72
:100FA00009080D93C0E700230893099B002B00F369
:100FB00085804FF0010BCDF804B05B46CDF824B02E
:100FC000666A00227260042202F11400984271687D
:100FD0007AD9204600F0E4FE636A30601B68009313
:100FE000019B0E2B00F2F580002D00F0F280B9F18C
:100FF000000F7DDD2F4A09F00F0302EBC30393EDD1
:10100000007B19F4807F4FEA2917B0EE478AF0EE93
:10101000678A5DD0284BDDE90A01D3E90823FEF792
:1010200065F9CDE9020107F00F070325224E002FD5
:1010300050D1DDE9020153EC182BFEF757F9CDE949
:1010400002016FE00123AFE700230893099B09EB3E
:10105000030B0BF10103012B0193B8BF0123AFE791
:101060000123F2E701250023059308954FF0FF3B8C
:101070000022CDF804B012230992A1E701230893BE
:10108000F4E700BFAFF3008061436F63A787D23FEF
:10109000B3C8608B288AC63FFB799F501344D33F67
:1010A0000000F07FDB550400D2550400AE5404006C
:1010B0000000F83F7856040050560400DDF824B0D4
:1010C000CDF804B05B467BE70131716052007BE7ED
:1010D0000225ABE7F90708D551EC180BD6E9002338
:1010E000FDF7DAFF41EC180B01357F1008369EE75B
:1010F00000F0AB80C9F10006AA4BAB4F06F00F021F
:1011000003EBC203D3E90023DDE90A01FDF7C4FFC5
:10111000CDE90201361100230225002E40F08A801D
:10112000002B8CD10E9B002B00F09180DDE9026733
:101130009E4B002230463946FEF720FA002800F088
:101140008680019B002B00F08280BBF1000F3CDD0C
:1011500009F1FF3307930022954B30463946FDF7DE
:101160009BFFCDE902010135CDF830B0DDE9026722
:101170002846FDF727FF32463B46FDF78DFF8D4B96
:101180000022FDF7D3FDA1F15073CDE902010393D5
:101190000C9B002B60D1884B002230463946FDF76E
:1011A000C3FDDDE9022306460F46FEF705FA0028D7
:1011B00040F09982DDE90221304601F100433946D1
:1011C000FEF7DCF9002840F08B82DDE90A23CDE947
:1011D0000223139B002BC0F25B81B9F10E0F00F3C9
:1011E0005781704B03EBC90393ED007B099BB0EE75
:1011F000478AF0EE678A002B80F2E280019B002B89
:1012000000F3DE8040F06C826B4B51EC170B002238
:10121000FDF742FFDDE90223FEF7C4F9019E3746E0
:10122000002840F04282009D312305F8013B09F17E
:1012300001093EE2F20705D5D7E90023FDF72CFFAF
:10124000013501237610083767E702256AE7019B1D
:10125000CDF81C900C9389E700990C980C9A514B8F
:101260009DED027B014402910899B0EE478AF0EEB1
:10127000678A03EBC20353E90223002945D04F4993
:101280000020FEF733F853EC182BFDF74DFD009DC1
:1012900041EC180B39463046FEF798F90C90FDF7F3
:1012A00091FE02460B4630463946FDF73DFD0C9B4C
:1012B000303305F8013B53EC182B06460F46FEF77A
:1012C0005DF9002865D132463B4638490020FDF7DC
:1012D0002BFD53EC182BFEF751F9002840F0B88095
:1012E000029B9D423FF471AF314B51EC180B002231
:1012F000FDF7D2FE2E4B41EC180B0022304639464A
:10130000FDF7CAFE06460F46C4E751EC170BFDF782
:10131000C3FE029B009D0C9341EC180B39463046EE
:10132000FEF754F91190FDF74DFE02460B4630468C
:101330003946FDF7F9FC119B303305F8013B029B60
:101340009D4206460F464FF0000225D11B4B51EC43
:10135000180BFDF7EBFC02460B4630463946FEF70C
:101360002BF9002874D153EC182B14490020FDF7F9
:10137000DBFC02460B4630463946FEF7FFF80028F4
:101380003FF423AF0C9D6B1E0C9315F8013C302BE2
:10139000F8D0DDF81C9049E0054BFDF77DFE0646D0
:1013A0000F46BBE778560400505604000000F03F9B
:1013B0000000244000001C40000014400000E03FFA
:1013C000DDE90267009D53EC182B30463946FDF7E6
:1013D0008DFFFEF7FBF88046FDF7F4FD53EC182B6C
:1013E000FDF75AFE02460B463046394608F13006F4
:1013F000FDF79AFC05F8016B009E019FAE1BB742FA
:1014000002460B4637D1FDF791FC53EC182B0646EC
:101410000F46FEF7D1F8C8B953EC182B30463946C1
:10142000FEF7A2F810B118F0010F0FD12046514677
:1014300000F0EAFC00232B700F9B09F101001860FB
:10144000219B002B3FF4D7AC1D60D4E4CDF81C9059
:101450002B461D4613F8012D392A08D1009A9A42CD
:10146000F7D1079A00990132079230220A701A7850
:1014700001321A708DE79E4B0022FDF70DFE00220F
:10148000002306460F46FEF76FF800289BD0CDE7F5
:10149000089A002A00F0C680059A012A00F3AA8063
:1014A000109A002A00F0A28003F23343069E4546BC
:1014B000049A01211A4420469844049200F049FD00
:1014C0000746002D0BDD049B002B08DDAB42049A80
:1014D000A8BF2B46A8EB0308ED1AD31A0493069B6A
:1014E000FBB1089B002B00F0A180002E11DD3946D6
:1014F0003246204600F0D2FD5246014607462046BD
:1015000000F030FD51460790204600F07DFC079B1F
:101510009A46069B9A1B04D05146204600F0BEFD19
:1015200082460121204600F014FD0D9B002B06464B
:101530007EDD1A460146204600F0B0FD059B012BDA
:10154000064678DD00230693336906EB83031869AA
:1015500000F0AFFCC0F12000049B184410F01F0005
:1015600000F08880C0F12003042B40F38180C0F19B
:101570001C00049B0344804405440493B8F1000F0D
:1015800005DD51464246204600F0D6FD8246049BCA
:10159000002B05DD31461A46204600F0CDFD0646FB
:1015A0000E9B002B68D03146504600F024FE0028E8
:1015B00062DA002351460A22204600F03CFC089BD8
:1015C00009F1FF398246002B00F08881394600235B
:1015D0000A22204600F02FFCBBF1000F074600F363
:1015E0008F80059B022B40F38B804DE0129BC3F153
:1015F00036035BE7019B5E1E069BB342BFBF069BA3
:101600000696F21A0D9BB6BF9B189E1B0D93019B6D
:10161000B8BF0026002BB5BFA8EB0305019B002334
:10162000454645E7069E089F45464AE7069A73E702
:10163000059B012B18DC029BB3B9039BC3F3130377
:10164000A3B9039B23F000431B0D1B052BB1049B87
:101650000133049308F10108012306930D9B002B2D
:101660007FF472AF012077E70023F6E7029BF4E7EF
:1016700084D018461C307CE7019B002B3ADC059B8C
:10168000022B37DDDDF804B0BBF1000F0DD1314680
:101690005B460522204600F0CEFB0146064650463A
:1016A00000F0A9FD00283FF7BEAD099B009D6FEA41
:1016B00003094FF000083146204600F0A5FB002F3B
:1016C0003FF4B4AEB8F1000F05D0B84503D04146A1
:1016D000204600F099FB3946204600F095FBA5E630
:1016E00000263746E1E70C9EDDF81C9037469AE568
:1016F00000002440089BDDF804B0002B00F0F580CA
:10170000002D05DD39462A46204600F015FD074626
:10171000069B002B55D07968204600F041FB3A69C2
:1017200002320546920007F10C010C30FEF7F6F983
:1017300001222946204600F0FFFC009B0133019363
:10174000009B5B440793029B03F00103B84606939A
:101750000746019B3146504603F1FF3BFFF775FA00
:1017600003463033029041465046089300F043FD53
:101770003A4604903146204600F059FDC268089B65
:10178000054602BB0146504600F035FD089B024667
:1017900029462046CDE9083200F036FB059B099A20
:1017A000019D43EA0201069B0B43089B0DD1392B97
:1017B00027D0049A002A01DD029B31338BF80030D8
:1017C00079E73846B9E70122E2E70499002904DB0A
:1017D000059801430698014320D1002AEEDD5146C9
:1017E00001222046019300F0A7FC3146824600F01A
:1017F00002FD0028019B02DCE0D1DA07DED5392B9F
:10180000DAD139238BF800302B461D46013B15F801
:10181000012C392A50D001321A704CE7002A03DD1E
:10182000392BEED00133C9E7019A079902F8013C40
:101830008A422AD0514600230A22204600F0FBFAB1
:10184000B84582464FF000034FF00A024146204659
:1018500007D100F0F0FA80460746019B013301935F
:1018600077E700F0E8FA3946804600230A2220464E
:1018700000F0E1FA0746F0E7BBF1000F009ACCBF99
:101880005D46012515444FF00008514601222046CF
:10189000019300F051FC3146824600F0ACFC002878
:1018A000B2DC02D1019BDB07AED42B461D4613F8F8
:1018B000012D302AFAD0FEE6009A9A42A5D13123B2
:1018C00009F101091370F6E6124BFFF7B5BA219B37
:1018D000002B7FF48BAA104BFFF7AEBABBF1000FC1
:1018E00003DC059B022B3FF7CFAE009D31465046EF
:1018F000FFF7ABF900F1300305F8013B009AAA1A93
:101900009345B9DD514600230A22204600F093FAA0
:101910008246EBE7AD540400D25504008A892DE9D4
:10192000F041054610070C4658D44B68002B05DCE7
:101930000B6C002B02DC0020BDE8F081E66A002E73
:10194000F9D0002312F480522F682B6032D0606DE2
:10195000A3895A0705D56368C01A636B0BB1236C62
:10196000C01A00230246E66A216A2846B047431C93
:10197000A38906D129681D292CD82A4ACA40D6072E
:1019800028D500226260D9042269226004D5421C55
:1019900001D12B6803B96065616B2F600029CAD043
:1019A00004F14403994202D02846FEF7E7F80020EC
:1019B0006063C1E7216A01232846B047411CC7D1B3
:1019C0002B68002BC4D01D2B01D0162B01D12F600A
:1019D000B1E7A38943F04003A381ADE70F69002F6E
:1019E000A9D093070E6808BF4B690F6018BF00238A
:1019F000A6EB07088B60B8F1000F9CDD216AA66A90
:101A000043463A462846B047002806DCA38943F0FF
:101A10004003A3814FF0FF308EE70744A8EB000896
:101A2000E9E700BF0100402038B50B6905460C46C8
:101A300013B90025284638BD18B183690BB900F0E9
:101A400087F8144B9C421BD16C68B4F90C30002B06
:101A5000EFD0626ED00704D4990502D4A06D00F0D7
:101A60001AF928462146FFF759FF636EDA07054643
:101A7000E0D4A3899B05DDD4A06D00F00DF9D9E772
:101A8000054B9C4201D1AC68DFE7044B9C4208BF88
:101A9000EC68DAE70056040020560400E055040024
:101AA000002310B50446C0E90033C0E90433836065
:101AB00081814366C2818361194608225C30FEF74A
:101AC00055F8054B6362054BA362054BE362054B7A
:101AD0002462236310BD00BF65270400872704002C
:101AE000BF270400E3270400014900F0AFB800BF9E
:101AF000291A040070B54A1E682555430E4605F1A3
:101B00007401FEF78BF8044640B10021C0E90016CD
:101B10000C30A06005F16802FEF728F8204670BD81
:101B2000014800F0B8B800BF04980020014800F058
:101B3000B3B800BF04980020014800F0ACB800BF63
:101B4000FF970020014800F0A7B800BFFF970020D2
:101B500010B50446FFF7F0FFA3691BB1BDE81040C4
:101B6000FFF7F0BFC4E912332365134B134A1B6818
:101B7000A262A34204BF0123A361204600F020F823
:101B80006060204600F01CF8A060204600F018F8C5
:101B90000022E06004216068FFF782FFA068012254
:101BA0000921FFF77DFFE06802221221FFF778FF8D
:101BB0000123A361D2E700BF88540400E91A04009E
:101BC000F8B50746FFF7ACFF1E4B1E68B36913B9A3
:101BD0003046FFF7BDFF4836D6E90134013B03D557
:101BE00033680BB33668F7E7B4F90C50D5B9164B28
:101BF000E36004F15800656600F04CF8FFF796FFCB
:101C0000C4E90155C4E904552560A56108222946A7
:101C100004F15C00FDF7AAFFC4E90D55C4E91255B3
:101C20002046F8BD6834D9E704213846FFF762FF43
:101C3000044630600028D5D1FFF778FF0C233B60C5
:101C4000EEE700BF885404000100FFFF2DE9F843D0
:101C50000646884600F148040027D4E90195B9F109
:101C6000010905D52468002CF7D13846BDE8F88372
:101C7000AB89012B07D9B5F90E30013303D02946C2
:101C80003046C04707436835E9E700000048704721
:101C9000C062002070477047704770B50E46B1F9BA
:101CA0000E10002996B014461D4607DA00232B605B
:101CB000B3891A0610D44FF480630EE06A4600F030
:101CC000C3FD0028F2DB019A02F47042A2F5005332
:101CD0005A425A412A60EEE740230020236016B0A2
:101CE00070BD00008B8973B59D0706460C4607D56D
:101CF00004F14703236023610123636102B070BDD7
:101D000001AB6A46FFF7C9FF009905463046FDF76B
:101D100085FF48B9B4F90C309A05EFD423F00303DA
:101D200043F00203A381E3E70D4BB362A389206074
:101D300043F08003A381009B6361019B20615BB141
:101D4000B4F90E10304600F091FD28B1A38923F0BC
:101D5000030343F00103A381A0890543A581CDE7D7
:101D6000E91A040082B001B901A942B14BB113785C
:101D70000B601278101E18BF012002B07047104689
:101D8000FBE76FF00100F8E70148FFF784BF00BFF1
:101D9000009800200148FFF77FBF00BF0098002097
:101DA00070B5466A04460D463EB91020F5F75AF85C
:101DB000C0E9016660620660C660666AF36883B166
:101DC000636ADB6853F82500B8B9012101FA05F60A
:101DD000721D9200204600F0F0FA60B1C0E9015691
:101DE0000EE021220421204600F0E7FA636AF06049
:101DF000DB68002BE4D1002070BD026843F8252089
:101E00000023C0E90333F7E770B5466A05460C4680
:101E10003EB91020F5F726F8C0E901666862066051
:101E2000C6603CB16B6A6268DB6853F822102160BF
:101E300043F8224070BD2DE9F0410E6907469846EF
:101E40000C4601F1140000230568A9B202FB0181D0
:101E50004FEA114C2D0C02FB05C589B2013301EB91
:101E600005419E4240F8041B4FEA1548ECDCB8F1EE
:101E7000000F1BD0A368B34212DC61683846013101
:101E8000FFF78EFF2269023204F10C010546920031
:101E90000C30FDF743FE21463846FFF7B5FF2C46D0
:101EA00004EB86030136C3F8148026612046BDE8A2
:101EB000F081030C1B04D3B90004102310F07F4FF2
:101EC00004BF0002083310F0704F04BF0001043358
:101ED00010F0404F04BF80000233002805DB10F0F3
:101EE000804F03F1010308BF2023184670470023E9
:101EF000E4E7036813F0070201460BD0DA0724D4A5
:101F0000980749BF5B089B0801200B605CBF0B6012
:101F10000220704798B2B0B91B0C102013F0FF0FCD
:101F200004BF1B0A08301A0704BF1B0904309A07B4
:101F300004BF9B080230DA0703D45B0800F10100FC
:101F400005D00B6070471046E8E70020704720205E
:101F5000704710B50C460121FFF722FF01224461B2
:101F6000026110BD2DE9F04F15460A692B699A42AE
:101F7000B8BF0B460C46BCBF2C461D462769D5F89A
:101F80001090A368616807EB0906B342B8BF01313E
:101F900085B0FFF705FF00F1140101EB86080B4641
:101FA000002243451DD304F1140305F1140203EB91
:101FB000870702EB890302933B1B153B23F00303C6
:101FC000043304F11505AF4238BF04230193029B8B
:101FD0000392934208D8002E5ADC066105B0BDE892
:101FE000F08F43F8042BDCE7B2F800A0BAF1000F41
:101FF00024D004F1140E89464FF0000C5EF8045B07
:10200000D9F800B0ABB21FFA8BFB0AFB03B34FEA5F
:10201000154BD9F8005063444FEA154C0AFB0BC529
:1020200005EB13459BB243EA0543774549F8043B6A
:102030004FEA154CE2D8019B41F803C0039BB3F86B
:1020400002900432B9F1000F20D00B6804F1140C97
:102050008E464FF0000ABCF80050BEF802B009FBF3
:1020600005B5AA449BB243EA0A434EF8043B5CF828
:10207000043BBEF800501B0C09FB035303EB1A434F
:1020800067454FEA134AE6D8019D4B5104319EE75C
:1020900058F8043D002BA0D1013E9CE72DE9F84300
:1020A000154612F0030206460F4607D0214C013AAE
:1020B000002354F82220FFF7BEFE0746AD1035D0AE
:1020C000746A3CB91020F4F7CDFEC0E90144706297
:1020D0000460C460D6F82480D8F808404CB940F2B7
:1020E00071213046FFF735FF0023C8F80800044689
:1020F00003604FF00009EB070AD539462246304607
:10210000FFF730FF394680463046FFF77DFE4746F1
:102110006D100BD0206838B9224621463046FFF7B3
:1021200021FF2060C0F800900446E4E73846BDE88F
:10213000F88300BF405704002DE9F0470C4649687A
:10214000236903EB6218A368074691464FEA621AB7
:1021500008F10106B3423FDB3846FFF721FE0023BA
:10216000054600F1140100F110021846534536DB14
:1021700020692AEAEA7A04F1140319F01F0901EB35
:102180008A0103EB800C2ED0C9F1200E8A46002272
:10219000186800FA09F002434AF8042B53F8042B9C
:1021A0009C4522FA0EF2F3D8ACEB0403153B23F066
:1021B0000303043304F11500604588BF0423CA50AB
:1021C0000AB108F10206013E38462E612146FFF7AA
:1021D0001BFE2846BDE8F08701315B00BAE742F8F4
:1021E000040F0133C2E7043953F8042B41F8042FDC
:1021F0009C45F9D8E7E730B502690C69121B0ED18E
:1022000000F11403143103EB840001EB840150F856
:10221000045D51F8044DA54203D005D301221046B8
:1022200030BD8342F3D3FAE74FF0FF32F7E72DE9F1
:10223000F84F0C460646114620461746FFF7DBFFCF
:10224000051E08D129463046FFF7AAFD0123C0E943
:102250000435BDE8F88FA4BF3B4627463046796871
:10226000A6BF1C4600250125FFF79AFD3E69C56003
:10227000256907F1140104F1140900F1140E07F1A6
:10228000100201EB860C09EB8505F246002759F890
:10229000043B52F804BF1FFA83F817FA8BF71B0CA4
:1022A000A7EB0808C3EB1B4303EB28431FFA88F88E
:1022B0001F144D4548EA03434AF8043BE7D82B1B5B
:1022C000153B23F0030304331534A54238BF042320
:1022D000194473449E460D4665450ED30CF1030226
:1022E000521A22F0030203398C4538BF00221A44E7
:1022F00052F8043D7BB10661ABE755F8048B17FA41
:1023000088F4221402EB1842A4B244EA02444EF8C4
:10231000044B1714E0E7013EEAE72DE9F74389464D
:10232000012157EC106B9046FFF73AFDC7F30A55B1
:102330000446C7F3130335BB002E019328D068462B
:102340000096FFF7D6FD009900B3019AC0F1200373
:1023500002FA03F30B43C24063610192019BA36144
:10236000002B14BF022201222261D5B1A5F2334510
:102370000544C9F80050C0F13500C8F800002046F7
:1023800003B0BDE8F08343F48013D5E76161E5E76E
:1023900001A8FFF7AEFD019B63610122226120309D
:1023A000E3E704EB8203A0F23240C9F800001869A9
:1023B000FFF77FFDC0EB4210DFE713B54A4311463C
:1023C0000192FDF72BFC044618B1019A0021FDF79C
:1023D000CDFB204602B010BDF8B5074614460E46A8
:1023E00021B9BDE8F8401146FDF718BC22B9FDF748
:1023F000C5FB25462846F8BD00F05AFAA0420FD288
:1024000021463846FDF70AFC05460028F2D0314641
:102410002246FDF783FB31463846FDF7AFFBE9E77F
:102420003546E7E72DE9F0478E689E4282460C4626
:1024300090461F4638D88A8912F4906F32D02568AA
:102440000969A5EB0109656905EB450505EBD5753E
:1024500001334B446D109D4238BF1D46530531D5A5
:102460002946FDF7DBFB064650B90C23CAF80030BD
:10247000A38943F04003A3814FF0FF30BDE8F0870C
:1024800021694A46FDF74AFBA38923F4906343F090
:102490008003A381266165614E44A5EB0905266092
:1024A000A5603E46BE4200D93E46324620684146BF
:1024B000FDF742FBA36822689B1B3244A3602260A5
:1024C0000020DBE72A46FFF787FF06460028E1D118
:1024D00021695046FDF752FBC7E700002DE9F04F98
:1024E00098468B891B069DB007460D4614460ED5AF
:1024F0000B6963B94021FDF791FB2860286120B981
:102500000C233B604FF0FF30D1E040236B61002390
:10251000099320238DF82930CDF80C803023DFF883
:10252000A8818DF82A304FF0010923469A4613F806
:10253000012B0AB1252AF9D1BAEB040B0BD05B466B
:10254000224629463846FFF76DFF013000F0AA8089
:10255000099A5A4409929AF80030002B00F0A280A0
:1025600000234FF0FF32CDE905230AF1010A04935D
:1025700007938DF853301A935446052214F8011B23
:102580005148FDF76DFA049AD8B9D00644BF20230C
:102590008DF85330110744BF2B238DF853309AF830
:1025A00000302A2B15D0079A544600204FF00A0C11
:1025B000214611F8013B303B092B4ED9B0B10792AF
:1025C00014E0A0EB080309FA03F313430493A246B3
:1025D000D2E7039B191D1B680391002BBBBF5B4215
:1025E00042F0020207930793B8BF049223782E2B80
:1025F0000CD163782A2B35D1039B1A1D1B680392DB
:10260000002BB8BF4FF0FF3302340593DFF8C8A0AA
:10261000217803225046FDF723FA40B14023A0EB76
:102620000A0003FA00F0049B03430134049314F8F6
:10263000011B26488DF828100622FDF711FA002804
:1026400038D0234B1BBB039B073323F0070308330E
:102650000393099B3344099367E70CFB02320C4652
:102660000120A5E700230134059319464FF00A0C19
:10267000204610F8012B303A092A03D9002BC5D087
:102680000591C3E70CFB012104460123F0E703ABEE
:1026900000932A460F4B04A93846FDF713FD421C50
:1026A0000646D6D1AB895B063FF52CAF09981DB025
:1026B000BDE8F08F03AB00932A46064B04A93846C9
:1026C000FDF7A4FFEBE700BF8C5404009654040010
:1026D000C500040025240400925404001F2938B5C5
:1026E00004460D4604D9162303604FF0FF3038BD71
:1026F000426C12B152F821304BB9204600F030F84C
:102700002A4601462046BDE8384000F017B8012BA4
:102710000AD0591C03D1162303600120E7E70024E7
:1027200042F82540284698470020E0E7024B014642
:102730001868FFF7D3BF00BF6C61002038B5074DA4
:1027400000230446084611462B6000F001F9431CA3
:1027500002D12B6803B1236038BD00BF0898002068
:1027600000F0E6B810B50C46B1F90E1000F0A8F86C
:102770000028ABBF636DA3891B1823F48053ACBF43
:102780006365A38110BD2DE9F0411F468B89DB05F0
:1027900005460C46164605D5B1F90E100223002257
:1027A00000F074F8A389B4F90E1023F48053A381C8
:1027B00032463B462846BDE8F04100F023B810B54C
:1027C0000C46B1F90E1000F061F8431CA38915BF47
:1027D000606523F4805343F48053A38118BFA38121
:1027E00010BDB1F90E1000F01FB849B1FF2A85BF26
:1027F0008A2303600A704FF0FF3098BF01207047B2
:102800000846704738B5074D044608461146002271
:102810002A601A46F6F780FE431C02D12B6803B1EA
:10282000236038BD0898002038B5064D00230446C3
:1028300008462B6000F06CF8431C02D12B6803B1F2
:10284000236038BD0898002038B5074D00230446A2
:10285000084611462B6000F063F8431C02D12B6838
:1028600003B1236038BD00BF0898002038B5064D7D
:102870000023044608462B6000F062F8431C02D196
:102880002B6803B1236038BD0898002038B5074D88
:1028900004460846114600222A601A4600F060F8F5
:1028A000431C02D12B6803B1236038BD0898002077
:1028B00051F8043C181F002BBCBF0B58C0187047C0
:1028C00038B5074D04460846114600222A601A46CC
:1028D00000F04EF8431C02D12B6803B1236038BDD1
:1028E000089800204FEA410C7FEA6C5C02D150EA64
:1028F000013C0AD14FEA430C7FEA6C5C02D152EAF8
:10290000033C02D14FF0000070474FF001007047C8
:10291000024B58221A604FF0FF3070470898002091
:10292000024B58221A604FF0FF3070470898002081
:10293000024B58221A604FF0FF3070470898002071
:10294000024B58221A600020704700BF08980020F0
:10295000024B58221A604FF0FF3070470898002051
:10296000024B58221A604FF0FF3070470898002041
:10297000024B58221A604FF0FF3070470898002031
:10298000FEE700BFF8B500BFF8BC08BC9E46704724
:10299000F8B500BFF8BC08BC9E46704748494B4993
:1029A00047414E4533280000290000004D61636B0C
:1029B000656E6A6920546563684C616200000000BE
:1029C00048494B4947414E4520736572696573001C
:1029D0008C0A280AC40960092E09FC086608D00779
:1029E00064005F00500032001E000A000500000075
:1029F0000338FDD8704700001100000000000000FF
:102A000000000000D97D0200F17D02000D7E020071
:102A10000980020000000000000000004987020059
:102A20006D870200100018000000C80000000000C0
:102A300000000000999C0200999C02009D9C0200ED
:102A4000000000000000000000000000159D0200D2
:102A5000199D02005075626C6963000053746174C3
:102A60006963000050726976617465205265736F06
:102A70006C7661626C6500005072697661746520E5
:102A80004E6F6E205265736F6C7661626C650000EC
:102A90005849414F206E5246353238343020506C00
:102AA00075730000424C4500534F4300542A040004
:102AB0005C2A0400642A0400782A0400010000074C
:102AC00011000000D8ECF0F4F8FC00020304050645
:102AD000070800000000000000000000999C0200B0
:102AE000999C020085A80200312E312E313200005F
:102AF000416461667275697420496E64757374729D
:102B0000696573000000000000000000999C02004D
:102B1000999C02003DA9020005010905A10185015A
:102B200005010930093109320935093309341581A4
:102B3000257F9506750881020501093915012508CB
:102B40003500463B019501750881020509190129E7
:102B50002015002501952075018102C000000000AC
:102B600000000000999C0200999C020055AA0200F6
:102B70000000000000000000999C0200999C0200E7
:102B800085AF02002F61646166727569742F626F90
:102B90006E645F70727068002F616461667275693F
:102BA000742F626F6E645F636E7472002F61646174
:102BB00066727569742F626F6E645F707270682FD1
:102BC0002530325825303258253032582530325889
:102BD0002530325825303258000000002F616461E2
:102BE00066727569742F626F6E645F636E74722FA4
:102BF0002530325825303258253032582530325859
:102C00002530325825303258000000002530325827
:102C10003A253032583A253032583A253032583A2F
:102C2000253032583A2530325800000054696E7908
:102C30005553422053657269616C0000000000002A
:102C40000000000031BA0200E9B90200D9B902005F
:102C500055B90200A1B9020075B90200CDB9020050
:102C60006DB80200F0FFFFFF000000009DBA0200F7
:102C700053656565640000003031323334353637D2
:102C80003839414243444546000000001201000229
:102C9000000000408628648000010102030100005A
:102CA00009020900000100A03200000041646166D1
:102CB00072756974000000004D6173732053746F66
:102CC0007261676500000000312E30007573626428
:102CD00000000000050F3900021810050038B60882
:102CE00034A909A0478BFDA0768815B665000101BF
:102CF000011C100500DF60DDD88945C74C9CD265FA
:102D00009D9E648A9F00000306B20002000000003E
:102D1000CDC4020045C5020071C5020069C60200AB
:102D200029C702000000000071D0020081D002001B
:102D300091D0020025D1020059D20200000000000B
:102D4000B1C80200C1C80200D1C8020091C9020086
:102D500091CB02000000000071CC0200D1CC020037
:102D6000F9CC020029CE02002DCE020000000000A6
:102D70002DD9020089D90200A9D902007DC2020022
:102D800091DA0200000000000001010100000000D3
:102D90000000000000000000000000007D020300B1
:102DA000296E0300296E0300296E0300296E0300BB
:102DB000296E0300296E0300296E0300B50303008A
:102DC000B904030051050300D50303009D0503006A
:102DD0000000000000000000C9720200CD72020075
:102DE0008102030099020300C5020300F9020300F7
:102DF000A9020300B50203002D03030061030300D1
:102E00009503030021040300050503006D0403007E
:102E1000E90503000000000000000000C1090300F4
:102E2000450A0300A1080300A5080300490A03009E
:102E3000810A0300B90A0300F50A0300CD0B030061
:102E4000210B03000000000000000000050D03003E
:102E5000090D03002E0000002E2E00002F000000A0
:102E60000000000000000000911003000D0F03009F
:102E700029A80200BD0F0300351003004D0F030009
:102E800001100300626C6F636B203C206C66732D35
:102E90003E6366672D3E626C6F636B5F636F756E3A
:102EA00074000000433A5C55736572735C6B656E29
:102EB0006A695C417070446174615C4C6F63616C01
:102EC0005C41726475696E6F31355C7061636B6112
:102ED0006765735C536565656475696E6F5C686191
:102EE0007264776172655C6E726635325C312E3168
:102EF0002E31325C6C69627261726965735C416427
:102F00006166727569745F4C6974746C6546535C74
:102F10007372635C6C6974746C6566735C6C667305
:102F20002E63000068656164203E3D203220262625
:102F30002068656164203C3D206C66732D3E6366AD
:102F4000672D3E626C6F636B5F636F756E7400001C
:102F50007063616368652D3E626C6F636B203D3DFD
:102F60002030786666666666666666006E626C6FBE
:102F7000636B203E3D2032202626206E626C6F63FC
:102F80006B203C3D206C66732D3E6366672D3E6270
:102F90006C6F636B5F636F756E740000656E747247
:102FA000792E642E74797065203D3D204C46535F28
:102FB000545950455F524547000000007265730048
:102FC0006C66732D3E6366672D3E6C6F6F6B616838
:102FD0006561642025203332203D3D203000000013
:102FE0006C66732D3E6366672D3E6C6F6F6B616818
:102FF000656164203E2030006C66732D3E63666719
:103000002D3E70726F675F73697A652025206C664C
:10301000732D3E6366672D3E726561645F73697AE6
:1030200065203D3D203000006C66732D3E63666771
:103030002D3E626C6F636B5F73697A652025206C2F
:1030400066732D3E6366672D3E70726F675F7369AE
:103050007A65203D3D203000342A6C66735F6E70C7
:1030600077322830786666666666666666202F2048
:10307000286C66732D3E6366672D3E626C6F636BD2
:103080005F73697A652D322A342929203C3D206CF2
:1030900066732D3E6366672D3E626C6F636B5F7374
:1030A000697A65006C6974746C6566730000000071
:1030B0006C66735F63616368655F7265616400007D
:1030C0006C66735F63616368655F70726F67000051
:1030D0006C66735F63747A5F66696E6400000000FB
:1030E0006C66735F63747A5F657874656E64000004
:1030F0006C66735F66696C655F73796E6300000070
:103100006C66735F72656D6F766500006C66735FE9
:10311000696E697400000000000000006410B71DB3
:10312000C8206E3BAC30D9269041DC76F4516B6BF5
:103130005861B24D3C7105502083B8ED44930FF0B7
:10314000E8A3D6D68CB361CBB0C2649BD4D2D3866D
:1031500078E20AA01CF2BDBD0000000000000000E3
:103160008567030099670300020000000300000068
:103170001C0000001D00000004000000050000000D
:103180002B0000002C0000002D0000002E0000008D
:103190002F0000001A000000060000001E000000C2
:1031A0000E000000280000001B00000007000000C7
:1031B0000B0000002A0000002000000010000000AA
:1031C0000D000000110000001500000019000000B3
:1031D0001400000018000000160000001700000096
:1031E0000F00000013000000210000000900000093
:1031F0000A0000001F00000027000000250000005A
:1032000023000000546D725100000000546D7220C4
:10321000537663006C6F6F700000000000000000C8
:103220000338FDD87047000043616C6C6261636BCA
:103230000000000073256C7520256C752E256C75BB
:103240002E256C75000000002530386C582530386C
:103250006C5800004661696C20746F206163717561
:10326000697265206D757465780A00004661696C45
:1032700020746F2072656C65617365206D7574656F
:10328000780A00004661696C20746F20696E637271
:103290006561736520504D20636F756E7465720AA9
:1032A000000000004661696C20746F2064656372E1
:1032B0006561736520504D20636F756E7465720A89
:1032C00000000000000102030405060708090A0BBC
:1032D0000C0D0E0F101112131415161718191A1BB6
:1032E0001C1D1E1FC6A13B37878F5B826F4F8162FB
:1032F000A1C8D8799503E3A2245A2BE43C9874ED35
:10330000FE1BED9EF29000B62A499FD0A9F39A6A5F
:10331000DD2E77809DBA41A777F3B46A37B7AAAE9E
:1033200049D6DF8D2F7A3C600708D124ACD3C5DEA7
:103330003B6584470000000001000000030000001E
:1033400002000000FFFFFFFF070000004661696CFC
:1033500020746F206765742054524E472063686163
:10336000726163746572697A6174696F6E207061ED
:1033700072616D6574657273200A00004661696C44
:1033800020746F206372656174652053594D206D00
:10339000757465780A0000004661696C20746F20BE
:1033A000637265617465204153594D206D75746574
:1033B000780A00004661696C656420746F2063724E
:1033C0006561746520506F776572206D75746578DE
:1033D0000A0000004661696C20746F2063726561A9
:1033E00074652047656E566563206D757465780A4F
:1033F0000000000043616E277420696E6974696182
:103400006C697A65206D757465782C2077617320FE
:103410004E554C4C0D0A000043616E2774206C6FB2
:10342000636B206D757465782C20776173204E5521
:103430004C4C0D0A0000000043616E277420756E2D
:103440006C6F636B206D757465782C2077617320C9
:103450004E554C4C0D0A0000536153695F48616C36
:1034600057616974496E7465727275707420636116
:103470006E74207761697420666F72206E6F746855
:10348000696E670A000000000001020304050607D8
:1034900008090A0B0C0D0E0F101112131415161734
:1034A00018191A1B1C1D1E1FBDEC0300C5EC0300E0
:1034B000CDEC0300D5EC0300DDEC0300E5EC0300EC
:1034C000EDEC0300F5EC0300FDEC030005ED03005B
:1034D0000DED03000000000073ACFFFFFEFFFFFFD7
:1034E000FFFFFFFFFFFFFFFFFFFFFFFF00000000E8
:1034F00000000000000000000000000000000000CC
:1035000000000000000000000000000000000000BB
:1035100000000000000000000000000000000000AB
:10352000000000000000000000000000000000009B
:10353000000000000000000000000000000000008B
:10354000000000000000000000000000000000007B
:10355000000000000000000000000000000000006B
:103560000000000000000000070000000000000054
:10357000000000000000000000000000000000004B
:10358000000000000000000000000000000000003B
:10359000000000000000000000000000000000002B
:1035A000000000000000000000000000000000001B
:1035B000B3B616CA9AABDF16FAB8010000000000D5
:1035C00000000000010000000000000000000000FA
:1035D00000000000000000000000000000000000EB
:1035E00000000000000000000000000000000000DB
:1035F000000000000000000000000000BB7E4DDD68
:10360000F5F43630769E01A492A17AE32C384C3B37
:1036100000000000000000000000000000000000AA
:10362000000000000000000000000000000000009A
:10363000000000000000000000000000000000008A
:1036400000000000EE4F3CF0C33317538682C26B7C
:10365000EDDC8F3135F98C93000000000000000094
:10366000000000000000000000000000000000005A
:10367000000000000000000000000000000000004A
:103680000000000000000000000000000100000039
:1036900000000000000000008000000000000000AA
:1036A00000000000FFFFFFFFFFFFFFFFFF00000023
:1036B000000000000000000000000000000000000A
:1036C00000000000000000000000000000000000FA
:1036D00000000000000000000000000000000000EA
:1036E00000000000000000000000000000000000DA
:1036F00000000000000000000000000000000000CA
:1037000000000000000000000000000000000000B9
:1037100000000000000000000000000000000000A9
:103720000000000000000000000000000000000099
:103730000000000000000000000000000000000089
:103740000000000000000000000000000000000079
:103750000000000000000000000000000000000069
:103760000000000000000000000000000000000059
:103770000000000000000000000000000000000049
:103780000000000000000000000000000000000039
:10379000A0000000A10000000500000000000000E3
:1037A000534543475F5052494D455F3136304B31A9
:1037B00000000000FFFFFF7FFFFFFFFFFFFFFFFF95
:1037C000FFFFFFFFFFFFFFFF000000000000000001
:1037D00000000000000000000000000000000000E9
:1037E00000000000000000000000000000000000D9
:1037F000000000000000000000000000FCFFFF7F50
:10380000FFFFFFFFFFFFFFFFFFFFFFFFFFFFFFFFC8
:1038100000000000000000000000000000000000A8
:103820000000000000000000000000000000000098
:103830000000000000000000000000000000000088
:103840000000000045FA65C5ADD4D4819FF8AC6591
:103850008B7ABD54FCBE971C0000000000000000E5
:103860000000000000000000000000000000000058
:103870000000000000000000000000000000000048
:10388000000000000000000000000000572275CA80
:10389000D3AE27F9C8F401000000000000000000CA
:1038A0000100000000000000000000000000000017
:1038B0000000000000000000000000000000000008
:1038C00000000000000000000000000000000000F8
:1038D000000000000000000082FCCB13B98BC3681D
:1038E000896964462873F58E68B5964A0000000021
:1038F00000000000000000000000000000000000C8
:1039000000000000000000000000000000000000B7
:1039100000000000000000000000000000000000A7
:1039200032FBC57A3751230412C9DC597D946831C2
:103930005528A62300000000000000000000000041
:103940000000000000000000000000000000000077
:103950000000000000000000000000000000000067
:103960000000000000000000010000000000000056
:1039700000000000800000000000000000000000C7
:10398000FFFFFFFFFFFFFFFFFF0000000000000040
:103990000000000000000000000000000000000027
:1039A0000000000000000000000000000000000017
:1039B0000000000000000000000000000000000007
:1039C00000000000000000000000000000000000F7
:1039D00000000000000000000000000000000000E7
:1039E00000000000000000000000000000000000D7
:1039F00000000000000000000000000000000000C7
:103A000000000000000000000000000000000000B6
:103A100000000000000000000000000000000000A6
:103A20000000000000000000000000000000000096
:103A30000000000000000000000000000000000086
:103A40000000000000000000000000000000000076
:103A50000000000000000000000000000000000066
:103A6000000000000000000000000000A0000000B6
:103A7000A10000000500000001000000534543477D
:103A80005F5052494D455F313630523100000000E1
:103A900073ACFFFFFEFFFFFFFFFFFFFFFFFFFFFF16
:103AA000FFFFFFFF0000000000000000000000001A
:103AB0000000000000000000000000000000000006
:103AC00000000000000000000000000000000000F6
:103AD000000000000000000070ACFFFFFEFFFFFFD1
:103AE000FFFFFFFFFFFFFFFFFFFFFFFF00000000E2
:103AF00000000000000000000000000000000000C6
:103B000000000000000000000000000000000000B5
:103B100000000000000000000000000000000000A5
:103B2000BA8803F55A4D6604492757AB8BEB59FB0E
:103B3000D334E1B4000000000000000000000000E9
:103B40000000000000000000000000000000000075
:103B50000000000000000000000000000000000065
:103B600000000000000000006BA1A1F318A886E788
:103B70001E350000000000000000000001000000F1
:103B80000000000000000000000000000000000035
:103B90000000000000000000000000000000000025
:103BA0000000000000000000000000000000000015
:103BB000000000006DCE44319D19F7301BF14F1FFE
:103BC0007E113A2934B0DC520000000000000000F1
:103BD00000000000000000000000000000000000E5
:103BE00000000000000000000000000000000000D5
:103BF0000000000000000000000000002E3FD4A7DD
:103C0000FE2C98F90DFA71E096F231E3F2FEAFFE68
:103C100000000000000000000000000000000000A4
:103C20000000000000000000000000000000000094
:103C30000000000000000000000000000000000084
:103C40000000000001000000000000000000000073
:103C5000800000000000000000000000FFFFFFFFE8
:103C6000FFFFFFFFFF000000000000000000000059
:103C70000000000000000000000000000000000044
:103C80000000000000000000000000000000000034
:103C90000000000000000000000000000000000024
:103CA0000000000000000000000000000000000014
:103CB0000000000000000000000000000000000004
:103CC00000000000000000000000000000000000F4
:103CD00000000000000000000000000000000000E4
:103CE00000000000000000000000000000000000D4
:103CF00000000000000000000000000000000000C4
:103D000000000000000000000000000000000000B3
:103D100000000000000000000000000000000000A3
:103D20000000000000000000000000000000000093
:103D30000000000000000000000000000000000083
:103D40000000000000000000A0000000A100000032
:103D50000500000002000000534543475F505249F0
:103D60004D455F31363052320000000037EEFFFF24
:103D7000FEFFFFFFFFFFFFFFFFFFFFFFFFFFFFFF54
:103D8000FFFFFFFF00000000000000000000000037
:103D90000000000000000000000000000000000023
:103DA0000000000000000000000000000000000013
:103DB0000000000000000000000000000000000003
:103DC00000000000000000000000000000000000F3
:103DD00000000000000000000000000000000000E3
:103DE00000000000000000000000000000000000D3
:103DF00000000000000000000000000003000000C0
:103E000000000000000000000000000000000000B2
:103E100000000000000000000000000000000000A2
:103E20000000000000000000000000000000000092
:103E30000000000000000000000000000000000082
:103E4000000000008DFDDE746A46690F17FCF22643
:103E5000FEFFFFFFFFFFFFFFFFFFFFFF000000006F
:103E60000000000000000000000000000000000052
:103E70000000000000000000000000000000000042
:103E80000000000000000000000000000000000032
:103E90007D6CE0EAB1D1A51D34F4B780027DB02677
:103EA000AEE957C00EF14FDB00000000000000003B
:103EB0000000000000000000000000000000000002
:103EC00000000000000000000000000000000000F2
:103ED00000000000000000009D2F5ED988AA8240EB
:103EE0003486BE15D0634184A728569C6D2F2F9B26
:103EF00000000000000000000000000000000000C2
:103F000000000000000000000000000000000000B1
:103F100000000000000000000000000000000000A1
:103F20000100000000000000000000008000000010
:103F30000000000000000000000000000000000081
:103F400080000000000000000000000000000000F1
:103F50000000000000000000000000000000000061
:103F60000000000000000000000000000000000051
:103F70000000000000000000000000000000000041
:103F80000000000000000000000000000000000031
:103F90000000000000000000000000000000000021
:103FA0000000000000000000000000000000000011
:103FB0000000000000000000000000000000000001
:103FC00000000000000000000000000000000000F1
:103FD00000000000000000000000000000000000E1
:103FE00000000000000000000000000000000000D1
:103FF00000000000000000000000000000000000C1
:1040000000000000000000000000000000000000B0
:1040100000000000000000000000000000000000A0
:1040200000000000C0000000C0000000050000000B
:1040300003000000534543475F5052494D455F31EF
:1040400039324B3100000000FFFFFFFFFFFFFFFF91
:10405000FEFFFFFFFFFFFFFFFFFFFFFFFFFFFFFF71
:104060000000000000000000000000000000000050
:104070000000000000000000000000000000000040
:104080000000000000000000000000000000000030
:10409000FCFFFFFFFFFFFFFFFEFFFFFFFFFFFFFF34
:1040A000FFFFFFFFFFFFFFFF000000000000000018
:1040B0000000000000000000000000000000000000
:1040C00000000000000000000000000000000000F0
:1040D0000000000000000000B1B946C1ECDEB8FEEF
:1040E00049302472ABE9A70FE7809CE519052164EC
:1040F00000000000000000000000000000000000C0
:1041000000000000000000000000000000000000AF
:10411000000000000000000000000000000000009F
:104120003128D2B4B1C96B1436F8DE99FFFFFFFF16
:10413000FFFFFFFFFFFFFFFF000000000000000087
:10414000000000000000000000000000000000006F
:10415000000000000000000000000000000000005F
:104160000000000000000000000000001210FF82AC
:10417000FD0AFFF40088A143EB20BF7CF69030B02D
:104180000EA88D18000000000000000000000000D4
:10419000000000000000000000000000000000001F
:1041A000000000000000000000000000000000000F
:1041B000000000001148791EA177F973D5CD246B5A
:1041C000ED11106378DAC8FF952B19070000000085
:1041D00000000000000000000000000000000000DF
:1041E00000000000000000000000000000000000CF
:1041F00000000000000000000000000001000000BE
:10420000000000000000000080000000000000002E
:10421000000000000000000000000000800000001E
:10422000000000000000000000000000000000008E
:10423000000000000000000000000000000000007E
:10424000000000000000000000000000000000006E
:10425000000000000000000000000000000000005E
:10426000000000000000000000000000000000004E
:10427000000000000000000000000000000000003E
:10428000000000000000000000000000000000002E
:10429000000000000000000000000000000000001E
:1042A000000000000000000000000000000000000E
:1042B00000000000000000000000000000000000FE
:1042C00000000000000000000000000000000000EE
:1042D00000000000000000000000000000000000DE
:1042E00000000000000000000000000000000000CE
:1042F00000000000000000000000000000000000BE
:10430000C0000000C0000000050000000400000024
:10431000534543475F5052494D455F313932523121
:10432000000000006DE5FFFFFEFFFFFFFFFFFFFF46
:10433000FFFFFFFFFFFFFFFFFFFFFFFFFFFFFFFF8D
:10434000000000000000000000000000000000006D
:10435000000000000000000000000000000000005D
:10436000000000000000000000000000000000004D
:10437000000000000000000000000000000000003D
:10438000000000000000000000000000000000002D
:10439000000000000000000000000000000000001D
:1043A000000000000000000000000000000000000D
:1043B00000000000050000000000000000000000F8
:1043C00000000000000000000000000000000000ED
:1043D00000000000000000000000000000000000DD
:1043E00000000000000000000000000000000000CD
:1043F000000000000000000000000000F7B19F7600
:1044000071A9F0CA8461ECD2E8DC01000000000070
:10441000000000000000000001000000000000009B
:10442000000000000000000000000000000000008C
:10443000000000000000000000000000000000007C
:1044400000000000000000005CA4B7B60E657E0FFF
:10445000A97570E4E967A469A128FC30DF99F04DE3
:10446000335B45A1000000000000000000000000D8
:10447000000000000000000000000000000000003C
:10448000000000000000000000000000000000002C
:10449000A5616D55DB4BCAE259BDB0C0F719E3F712
:1044A000D6FBCA824234BA7FED9F087E000000002E
:1044B00000000000000000000000000000000000FC
:1044C00000000000000000000000000000000000EC
:1044D00000000000000000000100000000000000DB
:1044E000000000008000000000000000000000004C
:1044F000FFFFFFFFFFFFFFFFFF00000000000000C5
:1045000000000000000000000000000000000000AB
:10451000000000000000000000000000000000009B
:10452000000000000000000000000000000000008B
:10453000000000000000000000000000000000007B
:10454000000000000000000000000000000000006B
:10455000000000000000000000000000000000005B
:10456000000000000000000000000000000000004B
:10457000000000000000000000000000000000003B
:10458000000000000000000000000000000000002B
:10459000000000000000000000000000000000001B
:1045A000000000000000000000000000000000000B
:1045B00000000000000000000000000000000000FB
:1045C00000000000000000000000000000000000EB
:1045D000000000000000000000000000E0000000FB
:1045E000E1000000050000000500000053454347BE
:1045F0005F5052494D455F3232344B31000000006C
:10460000010000000000000000000000FFFFFFFFAD
:10461000FFFFFFFFFFFFFFFFFFFFFFFF00000000A6
:10462000000000000000000000000000000000008A
:10463000000000000000000000000000000000007A
:104640000000000000000000FEFFFFFFFFFFFFFF73
:10465000FFFFFFFFFEFFFFFFFFFFFFFFFFFFFFFF6B
:10466000FFFFFFFF0000000000000000000000004E
:10467000000000000000000000000000000000003A
:10468000000000000000000000000000000000002A
:10469000B4FF552343390B27BAD8BFD7B7B044501E
:1046A000563241F5ABB3040C850A05B40000000096
:1046B00000000000000000000000000000000000FA
:1046C00000000000000000000000000000000000EA
:1046D00000000000000000003D2A5C5C4529DD135D
:1046E0003EF0B8E0A216FFFFFFFFFFFFFFFFFFFF56
:1046F000FFFFFFFF000000000000000000000000BE
:1047000000000000000000000000000000000000A9
:104710000000000000000000000000000000000099
:1047200000000000211D5C11D68032342211C256D7
:10473000D3C1034AB99013327FBFB46BBD0C0EB71F
:104740000000000000000000000000000000000069
:104750000000000000000000000000000000000059
:10476000000000000000000000000000347E008512
:104770009981D5446447075AA07543CDE6DF224CA2
:10478000FB23F7B5886337BD000000000000000080
:104790000000000000000000000000000000000019
:1047A0000000000000000000000000000000000009
:1047B00000000000010000000000000000000000F8
:1047C0008000000000000000000000000000000069
:1047D0000000000080000000000000000000000059
:1047E00000000000000000000000000000000000C9
:1047F00000000000000000000000000000000000B9
:1048000000000000000000000000000000000000A8
:104810000000000000000000000000000000000098
:104820000000000000000000000000000000000088
:104830000000000000000000000000000000000078
:104840000000000000000000000000000000000068
:104850000000000000000000000000000000000058
:104860000000000000000000000000000000000048
:104870000000000000000000000000000000000038
:104880000000000000000000000000000000000028
:104890000000000000000000000000000000000018
:1048A0000000000000000000000000000000000008
:1048B0000000000000000000E0000000E000000038
:1048C0000500000006000000534543475F50524971
:1048D0004D455F3232345231000000002FFCFFFFA3
:1048E000FEFFFFFFFFFFFFFFFFFFFFFFFFFFFFFFD9
:1048F000FFFFFFFFFFFFFFFFFFFFFFFF00000000C4
:1049000000000000000000000000000000000000A7
:104910000000000000000000000000000000000097
:104920000000000000000000000000000000000087
:104930000000000000000000000000000000000077
:104940000000000000000000000000000000000067
:104950000000000000000000000000000000000057
:104960000000000000000000000000000700000040
:104970000000000000000000000000000000000037
:104980000000000000000000000000000000000027
:104990000000000000000000000000000000000017
:1049A0000000000000000000000000000000000007
:1049B00000000000414136D08C5ED2BF3BA048AF22
:1049C000E6DCAEBAFEFFFFFFFFFFFFFFFFFFFFFFCA
:1049D000FFFFFFFF000000000000000000000000DB
:1049E00000000000000000000000000000000000C7
:1049F00000000000000000000000000000000000B7
:104A00009817F8165B81F259D928CE2DDBFC9B0252
:104A1000070B87CE9562A055ACBBDCF97E66BE79EC
:104A20000000000000000000000000000000000086
:104A30000000000000000000000000000000000076
:104A40000000000000000000B8D410FB8FD0479C8D
:104A5000195485A648B417FDA808110EFCFBA45DE7
:104A600065C4A32677DA3A48000000000000000081
:104A70000000000000000000000000000000000036
:104A80000000000000000000000000000000000026
:104A90000100000000000000000000008000000095
:104AA0000000000000000000000000000000000006
:104AB0008000000000000000000000000000000076
:104AC00000000000000000000000000000000000E6
:104AD00000000000000000000000000000000000D6
:104AE00000000000000000000000000000000000C6
:104AF00000000000000000000000000000000000B6
:104B000000000000000000000000000000000000A5
:104B10000000000000000000000000000000000095
:104B20000000000000000000000000000000000085
:104B30000000000000000000000000000000000075
:104B40000000000000000000000000000000000065
:104B50000000000000000000000000000000000055
:104B60000000000000000000000000000000000045
:104B70000000000000000000000000000000000035
:104B80000000000000000000000000000000000025
:104B9000000000000001000000010000050000000E
:104BA00007000000534543475F5052494D455F326F
:104BB00035364B3100000000FFFFFFFFFFFFFFFF16
:104BC000FFFFFFFF000000000000000000000000E9
:104BD00001000000FFFFFFFF0000000000000000D8
:104BE00000000000000000000000000000000000C5
:104BF00000000000000000000000000000000000B5
:104C0000FCFFFFFFFFFFFFFFFFFFFFFF00000000B3
:104C1000000000000000000001000000FFFFFFFF97
:104C20000000000000000000000000000000000084
:104C30000000000000000000000000000000000074
:104C400000000000000000004B60D2273E3CCE3B3D
:104C5000F6B053CCB0061D65BC86987655BDEBB357
:104C6000E7933AAAD835C65A0000000000000000B9
:104C70000000000000000000000000000000000034
:104C80000000000000000000000000000000000024
:104C9000512563FCC2CAB9F3849E17A7ADFAE6BCDE
:104CA000FFFFFFFFFFFFFFFF00000000FFFFFFFF10
:104CB00000000000000000000000000000000000F4
:104CC00000000000000000000000000000000000E4
:104CD00000000000000000000000000096C298D80C
:104CE0004539A1F4A033EB2D817D0377F240A46315
:104CF000E5E6BCF847422CE1F2D1176B000000005A
:104D000000000000000000000000000000000000A3
:104D10000000000000000000000000000000000093
:104D200000000000F551BF376840B6CBCE5E316B56
:104D30005733CE2B169E0F7C4AEBE78E9B7F1AFED5
:104D4000E242E34F0000000000000000000000000D
:104D50000000000000000000000000000000000053
:104D60000000000000000000000000000100000042
:104D7000FFFFFFFF7F000000800000000000000038
:104D800000000000FFFFFFFF7F0000008000000028
:104D90000000000000000000000000000000000013
:104DA0000000000000000000000000000000000003
:104DB00000000000000000000000000000000000F3
:104DC00000000000000000000000000000000000E3
:104DD00000000000000000000000000000000000D3
:104DE00000000000000000000000000000000000C3
:104DF00000000000000000000000000000000000B3
:104E000000000000000000000000000000000000A2
:104E10000000000000000000000000000000000092
:104E20000000000000000000000000000000000082
:104E30000000000000000000000000000000000072
:104E40000000000000000000000000000000000062
:104E50000000000000000000000000000000000052
:104E60000000000000000000000000000000000042
:104E70000001000000010000050000000800000023
:104E8000534543475F5052494D455F3235365231A5
:104E900000000000FFFFFFFF000000000000000016
:104EA000FFFFFFFFFEFFFFFFFFFFFFFFFFFFFFFF13
:104EB000FFFFFFFFFFFFFFFFFFFFFFFFFFFFFFFF02
:104EC000FFFFFFFF000000000000000000000000E6
:104ED000000000000000000000000000FCFFFFFFD9
:104EE0000000000000000000FFFFFFFFFEFFFFFFCB
:104EF000FFFFFFFFFFFFFFFFFFFFFFFFFFFFFFFFC2
:104F0000FFFFFFFFFFFFFFFFFFFFFFFF00000000AD
:104F10000000000000000000000000000000000091
:104F200000000000EF2AECD3EDC8852A9DD12E8A1F
:104F30008D3956C65A8713508F081403124181FECB
:104F40006E9C1D18192DF8E36B058E98E4E73EE280
:104F5000A72F31B300000000000000000000000097
:104F60000000000000000000000000007329C5CC14
:104F70006A19ECEC7AA7B048B20D1A58DF2D37F455
:104F8000814D63C7FFFFFFFFFFFFFFFFFFFFFFFF35
:104F9000FFFFFFFFFFFFFFFFFFFFFFFF000000001D
:104FA0000000000000000000000000000000000001
:104FB0000000000000000000B70A7672385E543A24
:104FC0006C2955BF5DF20255382A5482E041F759E9
:104FD000989BA78B623B1D6E74AD20F31EC7B18EEC
:104FE00037058BBE22CA87AA00000000000000001F
:104FF00000000000000000000000000000000000B1
:105000005F0EEA907C1D437A9D817E1DCEB1600AC1
:10501000C0B8F0B51331DAE97C149A28BD1DF4F854
:1050200029DC9292BF989E5D6F2C26964ADE173639
:105030000000000000000000000000000000000070
:10504000000000000000000001000000000000005F
:1050500000000000800000000000000000000000D0
:1050600000000000000000008000000000000000C0
:105070000000000000000000000000000000000030
:105080000000000000000000000000000000000020
:105090000000000000000000000000000000000010
:1050A0000000000000000000000000000000000000
:1050B00000000000000000000000000000000000F0
:1050C00000000000000000000000000000000000E0
:1050D00000000000000000000000000000000000D0
:1050E00000000000000000000000000000000000C0
:1050F00000000000000000000000000000000000B0
:10510000000000000000000000000000000000009F
:10511000000000000000000000000000000000008F
:10512000000000000000000000000000000000007F
:10513000000000000000000000000000000000006F
:1051400000000000000000000000000080010000DE
:10515000800100000500000009000000534543479E
:105160005F5052494D455F333834523100000000E2
:10517000FFFFFFFFFFFFFFFFFFFFFFFFFFFFFFFF3F
:10518000FFFFFFFFFFFFFFFFFFFFFFFFFFFFFFFF2F
:10519000FFFFFFFFFFFFFFFFFFFFFFFFFFFFFFFF1F
:1051A000FFFFFFFFFFFFFFFFFFFFFFFFFFFFFFFF0F
:1051B000FF01000000000000FCFFFFFFFFFFFFFFFA
:1051C000FFFFFFFFFFFFFFFFFFFFFFFFFFFFFFFFEF
:1051D000FFFFFFFFFFFFFFFFFFFFFFFFFFFFFFFFDF
:1051E000FFFFFFFFFFFFFFFFFFFFFFFFFFFFFFFFCF
:1051F000FFFFFFFFFFFFFFFFFF01000000000000B7
:10520000003F506BD41F45EFF1342C3D88DF7335E0
:1052100007BFB13BBDC052167B937EEC5139195686
:10522000E109F18E9189B4B8F315B3995B72DAA2F2
:10523000EE4085B6A0219A921F9A1C8E61B93E95C8
:105240005100000000000000096438911EB76FBBD8
:10525000AE479C89B8C9B53BD0A509F74801CC7FBA
:105260006B962FBF83878651FAFFFFFFFFFFFFFF7B
:10527000FFFFFFFFFFFFFFFFFFFFFFFFFFFFFFFF3E
:10528000FFFFFFFFFFFFFFFFFF0100000000000026
:105290000000000066BDE5C2317E7EF99B426A8552
:1052A000C1B34833DEA8FFA227C11DFE2859E7EF8E
:1052B000775E4BA1BA3D4D6B60AF28F821B53F0535
:1052C0003981649C42B4952366CB3E9ECDE90404AB
:1052D000B7068E85C6000000000000005066D19F12
:1052E0007694BE8840C272A286703C356107AD3F9D
:1052F00001B950C54026F45E9972EE972C663E27A0
:1053000017BDAF1768449B574944F598D91B7D2CAE
:10531000B45F8A5C04C03B9A786A2939180100009E
:10532000000000000100000000000000000000007C
:1053300080000000000000000000000000000000ED
:1053400000000000800000000000000000000000DD
:10535000000000000000000000000000000000004D
:10536000000000000000000000000000000000003D
:10537000000000000000000000000000000000002D
:10538000000000000000000000000000000000001D
:10539000000000000000000000000000000000000D
:1053A00000000000000000000000000000000000FD
:1053B00000000000000000000000000000000000ED
:1053C00000000000000000000000000000000000DD
:1053D00000000000000000000000000000000000CD
:1053E00000000000000000000000000000000000BD
:1053F00000000000000000000000000000000000AD
:10540000000000000000000000000000000000009C
:10541000000000000000000000000000000000008C
:105420000000000000000000090200000902000066
:10543000050000000A000000534543475F505249F1
:105440004D455F3532315231000000002C20667529
:105450006E6374696F6E3A2000617373657274696C
:105460006F6E2022257322206661696C65643A2084
:1054700066696C6520222573222C206C696E65207C
:105480002564257325730A0070610020232D302BBD
:105490002000686C4C0065666745464700494E46EB
:1054A00000696E66004E414E006E616E0030003045
:1054B000313233343536373839414243444546007A
:1054C000303132333435363738396162636465667A
:1054D00000002020202020202020202828282828E4
:1054E00020202020202020202020202020202020BC
:1054F0002020881010101010101010101010101014
:105500001010040404040404040404041010101013
:1055100010101041414141414101010101010101CE
:10552000010101010101010101010101011010103E
:1055300010101042424242424202020202020202A1
:105540000202020202020202020202020210101011
:10555000102000000000000000000000000000001B
:10556000000000000000000000000000000000003B
:10557000000000000000000000000000000000002B
:10558000000000000000000000000000000000001B
:10559000000000000000000000000000000000000B
:1055A00000000000000000000000000000000000FB
:1055B00000000000000000000000000000000000EB
:1055C00000000000000000000000000000000000DB
:1055D0000000496E66696E697479004E614E000084
:1055E00000000000000000000000000000000000BB
:1055F00000000000000000000000000000000000AB
:10560000000000000000000000000000000000009A
:10561000000000000000000000000000000000008A
:10562000000000000000000000000000000000007A
:10563000000000000000000000000000000000006A
:105640004300504F534958002E0000000000000056
:105650000080E03779C34143176E05B5B5B893466E
:10566000F5F93FE9034F384D321D30F94877825A3A
:105670003CBF737FDD4F1575000000000000F03F58
:10568000000000000000244000000000000059401D
:105690000000000000408F40000000000088C34070
:1056A00000000000006AF8400000000080842E41E5
:1056B00000000000D01263410000000084D7974131
:1056C0000000000065CDCD41000000205FA0024237
:1056D000000000E876483742000000A2941A6D42AC
:1056E000000040E59C30A2420000901EC4BCD6429F
:1056F00000003426F56B0C430080E03779C341434A
:1057000000A0D8855734764300C84E676DC1AB43BF
:10571000003D9160E458E143408CB5781DAF1544DD
:1057200050EFE2D6E41A4B4492D54D06CFF08044B8
:10573000F64AE1C7022DB544B49DD9794378EA44CD
:1057400005000000190000007D00000000000000BE
:08575000001BFE7F01000000B8
:10575800000000000A00000000000306B200080074
:1057680001000000A800080002000000A0001400CA
:10577800030057494E555342000000000000000046
:1057880000008400040007002A0044006500760039
:1057980069006300650049006E00740065007200CE
:1057A8006600610063006500470055004900440039
:1057B8007300000050007B003900370035004600B8
:1057C80034003400440039002D003000440030001B
:1057D80038002D0034003300460044002D00380006
:1057E8004200330045002D003100320037004300ED
:1057F8004100380041004600460046003900440098
:105808007D0000000000000010000C00047800205B
:105818000000000000000000000000000000000080
:105828000000000000000000000000000000000070
:105838000000000000000000000000000000000060
:105848000000000000000000000000000000000050
:105858000000000000000000000000000000000040
:105868000000000009680300ED670300C16703003A
:10587800B567030080000000800000008000000081
:10588800E0000000800000000000000000000000B0
:105898000000000000000000A56A03000D6A030074
:1058A800016A0300F1690300FFFFFFFFC07A0020CF
:1058B8000C9800200090D0030A00000070610020BE
:1058C800000000000056040020560400E0550400C3
:1058D80000000000000000000000000000000000C0
:1058E80000000000000000000000000000000000B0
:1058F80000000000000000000000000000000000A0
:10590800000000000000000000000000000000008F
:10591800000000000000000000000000000000007F
:10592800430000000000000000000000000000002C
:10593800000000000000000000000000000000005F
:10594800430000000000000000000000000000000C
:10595800000000000000000000000000000000003F
:1059680043000000000000000000000000000000EC
:10597800000000000000000000000000000000001F
:1059880043000000000000000000000000000000CC
:1059980000000000000000000000000000000000FF
:1059A80043000000000000000000000000000000AC
:1059B80000000000000000000000000000000000DF
:1059C800430000000000000000000000000000008C
:1059D80000000000000000000000000000000000BF
:1059E800430000000000000000000000000000006C
:1059F800000000000000000000000000000000009F
:105A0800EB270400651D040000000000D1540400C9
:105A1800485604008754040087540400875404003F
:105A280087540400875404008754040087540400F2
:105A38008754040087540400FFFFFFFFFFFFFFFFA8
:105A4800FFFFFFFFFFFF00000100415343494900EA
:105A5800000000000000000000000000000000003E
:105A680000000000000000000000415343494900C5
:105A7800000000000000000000000000000000001E
:105A88000000000000000000000000000172020099
:105A980035720200957402001DA80200ADB602001E
:105AA8000DBC0200A90C030061680300117202001A
:040000033000940D28
:00000001FF
